OK /Users/scottseely/git/knowvah/plantuml-ts/test-results/dot-cache/activity/bakopu-96-pudu086
OK /Users/scottseely/git/knowvah/plantuml-ts/test-results/dot-cache/activity/bazuma-86-metu353
OK /Users/scottseely/git/knowvah/plantuml-ts/test-results/dot-cache/activity/activity-creole-table
OK /Users/scottseely/git/knowvah/plantuml-ts/test-results/dot-cache/activity/bazize-75-dedo568
OK /Users/scottseely/git/knowvah/plantuml-ts/test-results/dot-cache/activity/bareka-88-fusu160
OK /Users/scottseely/git/knowvah/plantuml-ts/test-results/dot-cache/activity/barada-07-veca157
OK /Users/scottseely/git/knowvah/plantuml-ts/test-results/dot-cache/activity/besaga-58-poli497
OK /Users/scottseely/git/knowvah/plantuml-ts/test-results/dot-cache/activity/bepuku-07-vebe062
OK /Users/scottseely/git/knowvah/plantuml-ts/test-results/dot-cache/activity/begivo-34-sicu289
OK /Users/scottseely/git/knowvah/plantuml-ts/test-results/dot-cache/activity/becaje-01-vaji284
OK /Users/scottseely/git/knowvah/plantuml-ts/test-results/dot-cache/activity/becanu-19-diti597
OK /Users/scottseely/git/knowvah/plantuml-ts/test-results/dot-cache/activity/bedezo-44-more709
OK /Users/scottseely/git/knowvah/plantuml-ts/test-results/dot-cache/activity/bidosa-98-veca008
OK /Users/scottseely/git/knowvah/plantuml-ts/test-results/dot-cache/activity/bideta-97-cezo697
OK /Users/scottseely/git/knowvah/plantuml-ts/test-results/dot-cache/activity/biguku-39-voxu233
OK /Users/scottseely/git/knowvah/plantuml-ts/test-results/dot-cache/activity/biredi-08-bama025
OK /Users/scottseely/git/knowvah/plantuml-ts/test-results/dot-cache/activity/bixefi-77-moki051
OK /Users/scottseely/git/knowvah/plantuml-ts/test-results/dot-cache/activity/bigide-91-bise382
OK /Users/scottseely/git/knowvah/plantuml-ts/test-results/dot-cache/activity/boxefe-81-situ725
OK /Users/scottseely/git/knowvah/plantuml-ts/test-results/dot-cache/activity/bizono-61-sasa740
OK /Users/scottseely/git/knowvah/plantuml-ts/test-results/dot-cache/activity/boxoto-53-sifo232
OK /Users/scottseely/git/knowvah/plantuml-ts/test-results/dot-cache/activity/bolizi-92-pele824
OK /Users/scottseely/git/knowvah/plantuml-ts/test-results/dot-cache/activity/bozido-07-geze049
OK /Users/scottseely/git/knowvah/plantuml-ts/test-results/dot-cache/activity/bocaga-53-nale241
OK /Users/scottseely/git/knowvah/plantuml-ts/test-results/dot-cache/activity/bunoxu-10-jabe604
OK /Users/scottseely/git/knowvah/plantuml-ts/test-results/dot-cache/activity/bulasi-17-vafa634
OK /Users/scottseely/git/knowvah/plantuml-ts/test-results/dot-cache/activity/bugaja-31-jaso630
OK /Users/scottseely/git/knowvah/plantuml-ts/test-results/dot-cache/activity/caburo-70-buki284
OK /Users/scottseely/git/knowvah/plantuml-ts/test-results/dot-cache/activity/bumaca-51-kece901
OK /Users/scottseely/git/knowvah/plantuml-ts/test-results/dot-cache/activity/bozuro-33-celo170
OK /Users/scottseely/git/knowvah/plantuml-ts/test-results/dot-cache/activity/caciva-80-kene990
OK /Users/scottseely/git/knowvah/plantuml-ts/test-results/dot-cache/activity/carapo-31-bisi880
OK /Users/scottseely/git/knowvah/plantuml-ts/test-results/dot-cache/activity/camavo-50-kaku123
OK /Users/scottseely/git/knowvah/plantuml-ts/test-results/dot-cache/activity/cakeca-72-kara622
OK /Users/scottseely/git/knowvah/plantuml-ts/test-results/dot-cache/activity/calenu-74-vigo098
OK /Users/scottseely/git/knowvah/plantuml-ts/test-results/dot-cache/activity/cagoze-40-tete366
OK /Users/scottseely/git/knowvah/plantuml-ts/test-results/dot-cache/activity/cifafo-49-jazi415
OK /Users/scottseely/git/knowvah/plantuml-ts/test-results/dot-cache/activity/cejupe-34-muti621
OK /Users/scottseely/git/knowvah/plantuml-ts/test-results/dot-cache/activity/cemagu-66-vazo965
OK /Users/scottseely/git/knowvah/plantuml-ts/test-results/dot-cache/activity/cemipu-87-dinu624
OK /Users/scottseely/git/knowvah/plantuml-ts/test-results/dot-cache/activity/cetica-88-toke482
OK /Users/scottseely/git/knowvah/plantuml-ts/test-results/dot-cache/activity/ciceto-21-zanu057
OK /Users/scottseely/git/knowvah/plantuml-ts/test-results/dot-cache/activity/cizixu-00-koro700
OK /Users/scottseely/git/knowvah/plantuml-ts/test-results/dot-cache/activity/citire-32-mive114
OK /Users/scottseely/git/knowvah/plantuml-ts/test-results/dot-cache/activity/cigagu-31-rime196
OK /Users/scottseely/git/knowvah/plantuml-ts/test-results/dot-cache/activity/ciloke-34-pumi198
OK /Users/scottseely/git/knowvah/plantuml-ts/test-results/dot-cache/activity/copisa-69-xisi273
OK /Users/scottseely/git/knowvah/plantuml-ts/test-results/dot-cache/activity/cixave-47-milo698
OK /Users/scottseely/git/knowvah/plantuml-ts/test-results/dot-cache/activity/covage-54-pine573
OK /Users/scottseely/git/knowvah/plantuml-ts/test-results/dot-cache/activity/cugezi-99-tire097
OK /Users/scottseely/git/knowvah/plantuml-ts/test-results/dot-cache/activity/cujoni-21-somi079
OK /Users/scottseely/git/knowvah/plantuml-ts/test-results/dot-cache/activity/cutabu-59-cilo276
OK /Users/scottseely/git/knowvah/plantuml-ts/test-results/dot-cache/activity/cubida-55-meku256
OK /Users/scottseely/git/knowvah/plantuml-ts/test-results/dot-cache/activity/cufega-65-beji958
OK /Users/scottseely/git/knowvah/plantuml-ts/test-results/dot-cache/activity/dacuga-41-popo038
OK /Users/scottseely/git/knowvah/plantuml-ts/test-results/dot-cache/activity/debofa-60-mude568
OK /Users/scottseely/git/knowvah/plantuml-ts/test-results/dot-cache/activity/daxare-39-buci637
OK /Users/scottseely/git/knowvah/plantuml-ts/test-results/dot-cache/activity/darote-51-kuta407
OK /Users/scottseely/git/knowvah/plantuml-ts/test-results/dot-cache/activity/dakesa-98-mano758
OK /Users/scottseely/git/knowvah/plantuml-ts/test-results/dot-cache/activity/decudi-92-bisu741
OK /Users/scottseely/git/knowvah/plantuml-ts/test-results/dot-cache/activity/digexe-63-zifu774
OK /Users/scottseely/git/knowvah/plantuml-ts/test-results/dot-cache/activity/demibe-40-moda439
OK /Users/scottseely/git/knowvah/plantuml-ts/test-results/dot-cache/activity/delide-30-teva601
OK /Users/scottseely/git/knowvah/plantuml-ts/test-results/dot-cache/activity/dexero-99-ziru660
OK /Users/scottseely/git/knowvah/plantuml-ts/test-results/dot-cache/activity/dirame-64-cica627
OK /Users/scottseely/git/knowvah/plantuml-ts/test-results/dot-cache/activity/disemi-67-keva276
OK /Users/scottseely/git/knowvah/plantuml-ts/test-results/dot-cache/activity/dozaxu-98-xetu961
OK /Users/scottseely/git/knowvah/plantuml-ts/test-results/dot-cache/activity/dixiku-28-guzo497
OK /Users/scottseely/git/knowvah/plantuml-ts/test-results/dot-cache/activity/dotuzi-75-nape254
OK /Users/scottseely/git/knowvah/plantuml-ts/test-results/dot-cache/activity/doziki-93-rosi997
OK /Users/scottseely/git/knowvah/plantuml-ts/test-results/dot-cache/activity/dulate-94-bupu593
OK /Users/scottseely/git/knowvah/plantuml-ts/test-results/dot-cache/activity/dulezi-77-sana210
OK /Users/scottseely/git/knowvah/plantuml-ts/test-results/dot-cache/activity/duzumu-46-geve509
OK /Users/scottseely/git/knowvah/plantuml-ts/test-results/dot-cache/activity/dunejo-33-divo189
OK /Users/scottseely/git/knowvah/plantuml-ts/test-results/dot-cache/activity/dupopo-44-deto131
OK /Users/scottseely/git/knowvah/plantuml-ts/test-results/dot-cache/activity/fakece-07-koga025
OK /Users/scottseely/git/knowvah/plantuml-ts/test-results/dot-cache/activity/fabexi-81-dife869
OK /Users/scottseely/git/knowvah/plantuml-ts/test-results/dot-cache/activity/fabule-54-pili300
OK /Users/scottseely/git/knowvah/plantuml-ts/test-results/dot-cache/activity/fabuli-92-vemo727
OK /Users/scottseely/git/knowvah/plantuml-ts/test-results/dot-cache/activity/farexi-86-xanu521
OK /Users/scottseely/git/knowvah/plantuml-ts/test-results/dot-cache/activity/fatuzu-07-cevu894
OK /Users/scottseely/git/knowvah/plantuml-ts/test-results/dot-cache/activity/feceme-58-xodo415
OK /Users/scottseely/git/knowvah/plantuml-ts/test-results/dot-cache/activity/felega-00-saxi785
OK /Users/scottseely/git/knowvah/plantuml-ts/test-results/dot-cache/activity/femaco-88-bufe808
OK /Users/scottseely/git/knowvah/plantuml-ts/test-results/dot-cache/activity/filela-40-rumo296
OK /Users/scottseely/git/knowvah/plantuml-ts/test-results/dot-cache/activity/fetizo-39-jace641
OK /Users/scottseely/git/knowvah/plantuml-ts/test-results/dot-cache/activity/fibafo-22-foze119
OK /Users/scottseely/git/knowvah/plantuml-ts/test-results/dot-cache/activity/fikuki-99-kulu790
OK /Users/scottseely/git/knowvah/plantuml-ts/test-results/dot-cache/activity/firibi-00-puki721
OK /Users/scottseely/git/knowvah/plantuml-ts/test-results/dot-cache/activity/fisaca-74-deco063
OK /Users/scottseely/git/knowvah/plantuml-ts/test-results/dot-cache/activity/fivama-51-cusa142
OK /Users/scottseely/git/knowvah/plantuml-ts/test-results/dot-cache/activity/fivone-96-nalo453
OK /Users/scottseely/git/knowvah/plantuml-ts/test-results/dot-cache/activity/fofele-65-lozo631
OK /Users/scottseely/git/knowvah/plantuml-ts/test-results/dot-cache/activity/foludi-80-gilo247
OK /Users/scottseely/git/knowvah/plantuml-ts/test-results/dot-cache/activity/fomapa-90-bore251
OK /Users/scottseely/git/knowvah/plantuml-ts/test-results/dot-cache/activity/fonabu-93-xama593
OK /Users/scottseely/git/knowvah/plantuml-ts/test-results/dot-cache/activity/fonebe-54-save009
OK /Users/scottseely/git/knowvah/plantuml-ts/test-results/dot-cache/activity/fotamo-01-rupi481
OK /Users/scottseely/git/knowvah/plantuml-ts/test-results/dot-cache/activity/fovaja-48-leso567
OK /Users/scottseely/git/knowvah/plantuml-ts/test-results/dot-cache/activity/gabeme-89-tiko230
OK /Users/scottseely/git/knowvah/plantuml-ts/test-results/dot-cache/activity/fufefa-17-faje066
OK /Users/scottseely/git/knowvah/plantuml-ts/test-results/dot-cache/activity/fukika-81-gite897
OK /Users/scottseely/git/knowvah/plantuml-ts/test-results/dot-cache/activity/gacaja-15-keko600
OK /Users/scottseely/git/knowvah/plantuml-ts/test-results/dot-cache/activity/gakelo-29-neno787
OK /Users/scottseely/git/knowvah/plantuml-ts/test-results/dot-cache/activity/ganaku-47-muko252
OK /Users/scottseely/git/knowvah/plantuml-ts/test-results/dot-cache/activity/garuga-34-debe901
OK /Users/scottseely/git/knowvah/plantuml-ts/test-results/dot-cache/activity/gaxezi-48-zesa921
OK /Users/scottseely/git/knowvah/plantuml-ts/test-results/dot-cache/activity/gebuzi-30-nulo391
OK /Users/scottseely/git/knowvah/plantuml-ts/test-results/dot-cache/activity/gelono-70-zuce760
OK /Users/scottseely/git/knowvah/plantuml-ts/test-results/dot-cache/activity/gepetu-15-seba834
OK /Users/scottseely/git/knowvah/plantuml-ts/test-results/dot-cache/activity/geremo-94-tecu179
OK /Users/scottseely/git/knowvah/plantuml-ts/test-results/dot-cache/activity/gesogi-81-xoma900
OK /Users/scottseely/git/knowvah/plantuml-ts/test-results/dot-cache/activity/getene-72-dido571
OK /Users/scottseely/git/knowvah/plantuml-ts/test-results/dot-cache/activity/gevaxi-80-tone223
OK /Users/scottseely/git/knowvah/plantuml-ts/test-results/dot-cache/activity/gimegi-77-xidu727
OK /Users/scottseely/git/knowvah/plantuml-ts/test-results/dot-cache/activity/giteso-65-mefo026
OK /Users/scottseely/git/knowvah/plantuml-ts/test-results/dot-cache/activity/gitoke-38-beme495
OK /Users/scottseely/git/knowvah/plantuml-ts/test-results/dot-cache/activity/givanu-33-kire967
OK /Users/scottseely/git/knowvah/plantuml-ts/test-results/dot-cache/activity/gizore-52-fode894
OK /Users/scottseely/git/knowvah/plantuml-ts/test-results/dot-cache/activity/gofebi-87-zeka817
OK /Users/scottseely/git/knowvah/plantuml-ts/test-results/dot-cache/activity/gokagi-91-mise154
OK /Users/scottseely/git/knowvah/plantuml-ts/test-results/dot-cache/activity/gonixe-93-zaza537
OK /Users/scottseely/git/knowvah/plantuml-ts/test-results/dot-cache/activity/goxoni-69-lemo511
OK /Users/scottseely/git/knowvah/plantuml-ts/test-results/dot-cache/activity/guceja-66-tola192
OK /Users/scottseely/git/knowvah/plantuml-ts/test-results/dot-cache/activity/gudute-55-nulo344
OK /Users/scottseely/git/knowvah/plantuml-ts/test-results/dot-cache/activity/gufuma-85-zoce945
OK /Users/scottseely/git/knowvah/plantuml-ts/test-results/dot-cache/activity/gugala-11-suce270
OK /Users/scottseely/git/knowvah/plantuml-ts/test-results/dot-cache/activity/jafuli-91-sota277
OK /Users/scottseely/git/knowvah/plantuml-ts/test-results/dot-cache/activity/jageti-56-kume076
OK /Users/scottseely/git/knowvah/plantuml-ts/test-results/dot-cache/activity/jagove-43-nako107
OK /Users/scottseely/git/knowvah/plantuml-ts/test-results/dot-cache/activity/jakuco-69-dari135
OK /Users/scottseely/git/knowvah/plantuml-ts/test-results/dot-cache/activity/javivi-33-poma496
OK /Users/scottseely/git/knowvah/plantuml-ts/test-results/dot-cache/activity/jamana-83-gige126
OK /Users/scottseely/git/knowvah/plantuml-ts/test-results/dot-cache/activity/japeru-28-guku001
OK /Users/scottseely/git/knowvah/plantuml-ts/test-results/dot-cache/activity/javedu-70-vaxo310
OK /Users/scottseely/git/knowvah/plantuml-ts/test-results/dot-cache/activity/jecoxu-17-zama003
OK /Users/scottseely/git/knowvah/plantuml-ts/test-results/dot-cache/activity/jevoce-05-mumi686
OK /Users/scottseely/git/knowvah/plantuml-ts/test-results/dot-cache/activity/jevofu-58-fazo194
OK /Users/scottseely/git/knowvah/plantuml-ts/test-results/dot-cache/activity/jidefi-14-kafe151
OK /Users/scottseely/git/knowvah/plantuml-ts/test-results/dot-cache/activity/jipapo-14-kevu587
OK /Users/scottseely/git/knowvah/plantuml-ts/test-results/dot-cache/activity/jokaxi-40-toko207
OK /Users/scottseely/git/knowvah/plantuml-ts/test-results/dot-cache/activity/jisema-42-rapa121
OK /Users/scottseely/git/knowvah/plantuml-ts/test-results/dot-cache/activity/jodagi-12-xatu540
OK /Users/scottseely/git/knowvah/plantuml-ts/test-results/dot-cache/activity/jogami-42-jaji869
OK /Users/scottseely/git/knowvah/plantuml-ts/test-results/dot-cache/activity/jonave-00-xabi793
OK /Users/scottseely/git/knowvah/plantuml-ts/test-results/dot-cache/activity/jucidi-98-zato093
OK /Users/scottseely/git/knowvah/plantuml-ts/test-results/dot-cache/activity/juleki-83-xusi470
OK /Users/scottseely/git/knowvah/plantuml-ts/test-results/dot-cache/activity/judatu-15-xize591
OK /Users/scottseely/git/knowvah/plantuml-ts/test-results/dot-cache/activity/jufefu-66-josa392
OK /Users/scottseely/git/knowvah/plantuml-ts/test-results/dot-cache/activity/jupivo-67-gidi531
OK /Users/scottseely/git/knowvah/plantuml-ts/test-results/dot-cache/activity/jupoxe-15-sugo110
OK /Users/scottseely/git/knowvah/plantuml-ts/test-results/dot-cache/activity/kafevi-44-tesu096
OK /Users/scottseely/git/knowvah/plantuml-ts/test-results/dot-cache/activity/kasadu-53-tuki533
OK /Users/scottseely/git/knowvah/plantuml-ts/test-results/dot-cache/activity/katopo-68-xajo866
OK /Users/scottseely/git/knowvah/plantuml-ts/test-results/dot-cache/activity/kavoro-11-jife299
OK /Users/scottseely/git/knowvah/plantuml-ts/test-results/dot-cache/activity/kemedu-83-vipa115
OK /Users/scottseely/git/knowvah/plantuml-ts/test-results/dot-cache/activity/kenizo-43-siro273
OK /Users/scottseely/git/knowvah/plantuml-ts/test-results/dot-cache/activity/kepavi-26-sasu141
OK /Users/scottseely/git/knowvah/plantuml-ts/test-results/dot-cache/activity/ketajo-72-rula535
OK /Users/scottseely/git/knowvah/plantuml-ts/test-results/dot-cache/activity/ketiro-31-nazo312
OK /Users/scottseely/git/knowvah/plantuml-ts/test-results/dot-cache/activity/kivada-26-koti213
OK /Users/scottseely/git/knowvah/plantuml-ts/test-results/dot-cache/activity/kiceze-91-luke737
OK /Users/scottseely/git/knowvah/plantuml-ts/test-results/dot-cache/activity/kijazo-83-kipu485
OK /Users/scottseely/git/knowvah/plantuml-ts/test-results/dot-cache/activity/kitupi-32-jexo155
OK /Users/scottseely/git/knowvah/plantuml-ts/test-results/dot-cache/activity/kodaku-19-moni161
OK /Users/scottseely/git/knowvah/plantuml-ts/test-results/dot-cache/activity/kodiji-34-mofe202
OK /Users/scottseely/git/knowvah/plantuml-ts/test-results/dot-cache/activity/kojivo-44-ceti956
OK /Users/scottseely/git/knowvah/plantuml-ts/test-results/dot-cache/activity/kubaso-31-gaxu491
OK /Users/scottseely/git/knowvah/plantuml-ts/test-results/dot-cache/activity/kudedo-31-pafi082
OK /Users/scottseely/git/knowvah/plantuml-ts/test-results/dot-cache/activity/kuzeru-09-voke075
OK /Users/scottseely/git/knowvah/plantuml-ts/test-results/dot-cache/activity/labala-74-juki864
OK /Users/scottseely/git/knowvah/plantuml-ts/test-results/dot-cache/activity/lacuci-13-nogo718
OK /Users/scottseely/git/knowvah/plantuml-ts/test-results/dot-cache/activity/lafilo-69-tuti771
OK /Users/scottseely/git/knowvah/plantuml-ts/test-results/dot-cache/activity/lajuxi-63-nopo039
OK /Users/scottseely/git/knowvah/plantuml-ts/test-results/dot-cache/activity/lefobe-62-gipe702
OK /Users/scottseely/git/knowvah/plantuml-ts/test-results/dot-cache/activity/lapura-36-kavu144
OK /Users/scottseely/git/knowvah/plantuml-ts/test-results/dot-cache/activity/laxibe-66-teme800
OK /Users/scottseely/git/knowvah/plantuml-ts/test-results/dot-cache/activity/leduvi-16-voli986
OK /Users/scottseely/git/knowvah/plantuml-ts/test-results/dot-cache/activity/letare-59-gore448
OK /Users/scottseely/git/knowvah/plantuml-ts/test-results/dot-cache/activity/letuke-04-poza319
OK /Users/scottseely/git/knowvah/plantuml-ts/test-results/dot-cache/activity/levuma-67-cego489
OK /Users/scottseely/git/knowvah/plantuml-ts/test-results/dot-cache/activity/lidefe-01-vaki092
OK /Users/scottseely/git/knowvah/plantuml-ts/test-results/dot-cache/activity/lifeve-53-zubi598
OK /Users/scottseely/git/knowvah/plantuml-ts/test-results/dot-cache/activity/liteza-62-nopo771
OK /Users/scottseely/git/knowvah/plantuml-ts/test-results/dot-cache/activity/livigo-47-negi605
OK /Users/scottseely/git/knowvah/plantuml-ts/test-results/dot-cache/activity/lokane-30-dinu378
OK /Users/scottseely/git/knowvah/plantuml-ts/test-results/dot-cache/activity/lopone-15-xiki477
OK /Users/scottseely/git/knowvah/plantuml-ts/test-results/dot-cache/activity/loxija-71-joku558
OK /Users/scottseely/git/knowvah/plantuml-ts/test-results/dot-cache/activity/lubapi-40-siji634
OK /Users/scottseely/git/knowvah/plantuml-ts/test-results/dot-cache/activity/lufamo-62-xavo766
OK /Users/scottseely/git/knowvah/plantuml-ts/test-results/dot-cache/activity/lukoxa-16-cecu095
OK /Users/scottseely/git/knowvah/plantuml-ts/test-results/dot-cache/activity/luxido-91-covi016
OK /Users/scottseely/git/knowvah/plantuml-ts/test-results/dot-cache/activity/mabuke-20-muco282
OK /Users/scottseely/git/knowvah/plantuml-ts/test-results/dot-cache/activity/maduja-30-xiri319
OK /Users/scottseely/git/knowvah/plantuml-ts/test-results/dot-cache/activity/mafete-03-rapa918
OK /Users/scottseely/git/knowvah/plantuml-ts/test-results/dot-cache/activity/maketa-43-juja264
OK /Users/scottseely/git/knowvah/plantuml-ts/test-results/dot-cache/activity/manata-12-rido730
OK /Users/scottseely/git/knowvah/plantuml-ts/test-results/dot-cache/activity/megara-21-rumi574
OK /Users/scottseely/git/knowvah/plantuml-ts/test-results/dot-cache/activity/mepeze-15-nuge493
OK /Users/scottseely/git/knowvah/plantuml-ts/test-results/dot-cache/activity/mijoso-20-sato362
OK /Users/scottseely/git/knowvah/plantuml-ts/test-results/dot-cache/activity/mezuce-12-gemi988
OK /Users/scottseely/git/knowvah/plantuml-ts/test-results/dot-cache/activity/mifejo-31-sovi184
OK /Users/scottseely/git/knowvah/plantuml-ts/test-results/dot-cache/activity/misiji-27-buje656
OK /Users/scottseely/git/knowvah/plantuml-ts/test-results/dot-cache/activity/mojezi-43-gamu360
OK /Users/scottseely/git/knowvah/plantuml-ts/test-results/dot-cache/activity/molexa-46-redi999
OK /Users/scottseely/git/knowvah/plantuml-ts/test-results/dot-cache/activity/movexa-27-rexe388
OK /Users/scottseely/git/knowvah/plantuml-ts/test-results/dot-cache/activity/mukaxi-27-xero900
OK /Users/scottseely/git/knowvah/plantuml-ts/test-results/dot-cache/activity/mudobi-07-biji996
OK /Users/scottseely/git/knowvah/plantuml-ts/test-results/dot-cache/activity/mufixi-71-koma752
OK /Users/scottseely/git/knowvah/plantuml-ts/test-results/dot-cache/activity/nakavu-98-pela661
OK /Users/scottseely/git/knowvah/plantuml-ts/test-results/dot-cache/activity/mulida-55-ceja768
OK /Users/scottseely/git/knowvah/plantuml-ts/test-results/dot-cache/activity/nafaxo-62-boso912
OK /Users/scottseely/git/knowvah/plantuml-ts/test-results/dot-cache/activity/naroji-40-nuke022
OK /Users/scottseely/git/knowvah/plantuml-ts/test-results/dot-cache/activity/narota-16-bago100
OK /Users/scottseely/git/knowvah/plantuml-ts/test-results/dot-cache/activity/navene-45-cozo466
OK /Users/scottseely/git/knowvah/plantuml-ts/test-results/dot-cache/activity/nerete-42-save418
OK /Users/scottseely/git/knowvah/plantuml-ts/test-results/dot-cache/activity/nesozi-09-zezu092
OK /Users/scottseely/git/knowvah/plantuml-ts/test-results/dot-cache/activity/nexitu-74-luga914
OK /Users/scottseely/git/knowvah/plantuml-ts/test-results/dot-cache/activity/nijipa-25-pede639
OK /Users/scottseely/git/knowvah/plantuml-ts/test-results/dot-cache/activity/nikinu-06-sace939
OK /Users/scottseely/git/knowvah/plantuml-ts/test-results/dot-cache/activity/nikivo-06-kaxa873
OK /Users/scottseely/git/knowvah/plantuml-ts/test-results/dot-cache/activity/niletu-83-lego826
OK /Users/scottseely/git/knowvah/plantuml-ts/test-results/dot-cache/activity/niluji-46-joma773
OK /Users/scottseely/git/knowvah/plantuml-ts/test-results/dot-cache/activity/nimusa-16-tiku252
OK /Users/scottseely/git/knowvah/plantuml-ts/test-results/dot-cache/activity/ninago-40-dalo726
OK /Users/scottseely/git/knowvah/plantuml-ts/test-results/dot-cache/activity/nipuxu-11-tefa314
OK /Users/scottseely/git/knowvah/plantuml-ts/test-results/dot-cache/activity/nisexe-68-vabu320
OK /Users/scottseely/git/knowvah/plantuml-ts/test-results/dot-cache/activity/nivese-34-zavo418
OK /Users/scottseely/git/knowvah/plantuml-ts/test-results/dot-cache/activity/niviji-21-maco613
OK /Users/scottseely/git/knowvah/plantuml-ts/test-results/dot-cache/activity/nojije-35-teta491
OK /Users/scottseely/git/knowvah/plantuml-ts/test-results/dot-cache/activity/nolubo-93-rula384
OK /Users/scottseely/git/knowvah/plantuml-ts/test-results/dot-cache/activity/nomeco-93-minu967
OK /Users/scottseely/git/knowvah/plantuml-ts/test-results/dot-cache/activity/nonusu-50-nute147
OK /Users/scottseely/git/knowvah/plantuml-ts/test-results/dot-cache/activity/norire-15-taka956
OK /Users/scottseely/git/knowvah/plantuml-ts/test-results/dot-cache/activity/nudonu-37-kaja626
OK /Users/scottseely/git/knowvah/plantuml-ts/test-results/dot-cache/activity/notuli-49-xugi698
OK /Users/scottseely/git/knowvah/plantuml-ts/test-results/dot-cache/activity/novata-87-muti352
OK /Users/scottseely/git/knowvah/plantuml-ts/test-results/dot-cache/activity/noxasi-06-nejo322
OK /Users/scottseely/git/knowvah/plantuml-ts/test-results/dot-cache/activity/nupiko-03-cezu269
OK /Users/scottseely/git/knowvah/plantuml-ts/test-results/dot-cache/activity/numalo-91-pole243
OK /Users/scottseely/git/knowvah/plantuml-ts/test-results/dot-cache/activity/nupose-71-vido428
OK /Users/scottseely/git/knowvah/plantuml-ts/test-results/dot-cache/activity/nusajo-97-bemo713
OK /Users/scottseely/git/knowvah/plantuml-ts/test-results/dot-cache/activity/nuzugu-44-pega793
OK /Users/scottseely/git/knowvah/plantuml-ts/test-results/dot-cache/activity/pakema-21-xema183
OK /Users/scottseely/git/knowvah/plantuml-ts/test-results/dot-cache/activity/pejima-95-nuxu520
OK /Users/scottseely/git/knowvah/plantuml-ts/test-results/dot-cache/activity/patagi-39-jone354
OK /Users/scottseely/git/knowvah/plantuml-ts/test-results/dot-cache/activity/pateca-54-lija084
OK /Users/scottseely/git/knowvah/plantuml-ts/test-results/dot-cache/activity/pedoco-30-mose082
OK /Users/scottseely/git/knowvah/plantuml-ts/test-results/dot-cache/activity/pekefu-66-mepa144
OK /Users/scottseely/git/knowvah/plantuml-ts/test-results/dot-cache/activity/pekuxe-00-bovi270
OK /Users/scottseely/git/knowvah/plantuml-ts/test-results/dot-cache/activity/perate-09-gale335
OK /Users/scottseely/git/knowvah/plantuml-ts/test-results/dot-cache/activity/pezubu-98-niba240
OK /Users/scottseely/git/knowvah/plantuml-ts/test-results/dot-cache/activity/pifoni-76-duxa505
OK /Users/scottseely/git/knowvah/plantuml-ts/test-results/dot-cache/activity/pixisi-38-kixa563
OK /Users/scottseely/git/knowvah/plantuml-ts/test-results/dot-cache/activity/pirofe-41-xama594
OK /Users/scottseely/git/knowvah/plantuml-ts/test-results/dot-cache/activity/piruxe-91-zivi081
OK /Users/scottseely/git/knowvah/plantuml-ts/test-results/dot-cache/activity/pixako-75-kumi821
OK /Users/scottseely/git/knowvah/plantuml-ts/test-results/dot-cache/activity/podelo-13-jaja314
OK /Users/scottseely/git/knowvah/plantuml-ts/test-results/dot-cache/activity/pokoro-73-bili712
OK /Users/scottseely/git/knowvah/plantuml-ts/test-results/dot-cache/activity/popofi-03-momo442
OK /Users/scottseely/git/knowvah/plantuml-ts/test-results/dot-cache/activity/poraji-17-goke817
OK /Users/scottseely/git/knowvah/plantuml-ts/test-results/dot-cache/activity/povoju-50-raxi136
OK /Users/scottseely/git/knowvah/plantuml-ts/test-results/dot-cache/activity/pucinu-80-nopo009
OK /Users/scottseely/git/knowvah/plantuml-ts/test-results/dot-cache/activity/putega-59-fuzi707
RENAMED /Users/scottseely/git/knowvah/plantuml-ts/test-results/dot-cache/activity/pufuzi-99-vone170 test.svg
OK /Users/scottseely/git/knowvah/plantuml-ts/test-results/dot-cache/activity/pujozo-36-nino158
OK /Users/scottseely/git/knowvah/plantuml-ts/test-results/dot-cache/activity/pujumu-36-nelo283
OK /Users/scottseely/git/knowvah/plantuml-ts/test-results/dot-cache/activity/racana-82-zece676
OK /Users/scottseely/git/knowvah/plantuml-ts/test-results/dot-cache/activity/rarodo-65-fudu505
OK /Users/scottseely/git/knowvah/plantuml-ts/test-results/dot-cache/activity/raruzu-62-giro837
OK /Users/scottseely/git/knowvah/plantuml-ts/test-results/dot-cache/activity/razuzu-32-faje125
OK /Users/scottseely/git/knowvah/plantuml-ts/test-results/dot-cache/activity/rekuxa-78-lidi292
OK /Users/scottseely/git/knowvah/plantuml-ts/test-results/dot-cache/activity/relufo-04-fezo835
OK /Users/scottseely/git/knowvah/plantuml-ts/test-results/dot-cache/activity/reluvi-59-pifi444
OK /Users/scottseely/git/knowvah/plantuml-ts/test-results/dot-cache/activity/rerovo-62-nazo755
OK /Users/scottseely/git/knowvah/plantuml-ts/test-results/dot-cache/activity/roroko-26-coje324
OK /Users/scottseely/git/knowvah/plantuml-ts/test-results/dot-cache/activity/ribapo-84-xudu593
OK /Users/scottseely/git/knowvah/plantuml-ts/test-results/dot-cache/activity/rirefa-62-kucu593
OK /Users/scottseely/git/knowvah/plantuml-ts/test-results/dot-cache/activity/roboja-69-susa752
OK /Users/scottseely/git/knowvah/plantuml-ts/test-results/dot-cache/activity/rosepa-78-xivi448
OK /Users/scottseely/git/knowvah/plantuml-ts/test-results/dot-cache/activity/rosizo-69-mera514
OK /Users/scottseely/git/knowvah/plantuml-ts/test-results/dot-cache/activity/rucuga-83-tosu408
OK /Users/scottseely/git/knowvah/plantuml-ts/test-results/dot-cache/activity/ruderu-68-dere287
OK /Users/scottseely/git/knowvah/plantuml-ts/test-results/dot-cache/activity/rujixe-89-sumo552
OK /Users/scottseely/git/knowvah/plantuml-ts/test-results/dot-cache/activity/runima-82-jigi009
OK /Users/scottseely/git/knowvah/plantuml-ts/test-results/dot-cache/activity/rujuxa-07-neco067
OK /Users/scottseely/git/knowvah/plantuml-ts/test-results/dot-cache/activity/rurake-60-licu592
OK /Users/scottseely/git/knowvah/plantuml-ts/test-results/dot-cache/activity/rurebu-12-nebi203
OK /Users/scottseely/git/knowvah/plantuml-ts/test-results/dot-cache/activity/ruzazu-94-meso880
OK /Users/scottseely/git/knowvah/plantuml-ts/test-results/dot-cache/activity/ruzica-16-deli877
OK /Users/scottseely/git/knowvah/plantuml-ts/test-results/dot-cache/activity/sadovu-51-fata536
OK /Users/scottseely/git/knowvah/plantuml-ts/test-results/dot-cache/activity/sesodi-22-lupe361
OK /Users/scottseely/git/knowvah/plantuml-ts/test-results/dot-cache/activity/samavi-13-fuku339
OK /Users/scottseely/git/knowvah/plantuml-ts/test-results/dot-cache/activity/saxeku-17-gume203
OK /Users/scottseely/git/knowvah/plantuml-ts/test-results/dot-cache/activity/saxuro-16-tezu631
OK /Users/scottseely/git/knowvah/plantuml-ts/test-results/dot-cache/activity/secepo-00-febi326
OK /Users/scottseely/git/knowvah/plantuml-ts/test-results/dot-cache/activity/setecu-78-cuko533
OK /Users/scottseely/git/knowvah/plantuml-ts/test-results/dot-cache/activity/sifite-87-ziti434
OK /Users/scottseely/git/knowvah/plantuml-ts/test-results/dot-cache/activity/sigofi-46-gaja158
OK /Users/scottseely/git/knowvah/plantuml-ts/test-results/dot-cache/activity/sikino-19-vuca111
OK /Users/scottseely/git/knowvah/plantuml-ts/test-results/dot-cache/activity/simuti-16-lece058
OK /Users/scottseely/git/knowvah/plantuml-ts/test-results/dot-cache/activity/sofoje-37-tila554
OK /Users/scottseely/git/knowvah/plantuml-ts/test-results/dot-cache/activity/sojono-24-tufe806
OK /Users/scottseely/git/knowvah/plantuml-ts/test-results/dot-cache/activity/sokafe-69-jita472
OK /Users/scottseely/git/knowvah/plantuml-ts/test-results/dot-cache/activity/sokapa-71-tifi543
OK /Users/scottseely/git/knowvah/plantuml-ts/test-results/dot-cache/activity/sopape-11-laxo488
OK /Users/scottseely/git/knowvah/plantuml-ts/test-results/dot-cache/activity/sucice-41-pebi088
OK /Users/scottseely/git/knowvah/plantuml-ts/test-results/dot-cache/activity/sufupo-40-fuke080
OK /Users/scottseely/git/knowvah/plantuml-ts/test-results/dot-cache/activity/suluni-73-lotu140
OK /Users/scottseely/git/knowvah/plantuml-ts/test-results/dot-cache/activity/sutura-08-zeme419
OK /Users/scottseely/git/knowvah/plantuml-ts/test-results/dot-cache/activity/suzuci-53-biku826
OK /Users/scottseely/git/knowvah/plantuml-ts/test-results/dot-cache/activity/tagixo-41-gapo816
OK /Users/scottseely/git/knowvah/plantuml-ts/test-results/dot-cache/activity/tajuxe-32-sexo680
OK /Users/scottseely/git/knowvah/plantuml-ts/test-results/dot-cache/activity/tamaxe-36-mono574
OK /Users/scottseely/git/knowvah/plantuml-ts/test-results/dot-cache/activity/taxeta-89-mapo546
OK /Users/scottseely/git/knowvah/plantuml-ts/test-results/dot-cache/activity/tefuga-86-xefe850
OK /Users/scottseely/git/knowvah/plantuml-ts/test-results/dot-cache/activity/tirizu-79-niza262
OK /Users/scottseely/git/knowvah/plantuml-ts/test-results/dot-cache/activity/tepivu-88-reze603
OK /Users/scottseely/git/knowvah/plantuml-ts/test-results/dot-cache/activity/ticeka-12-buli543
OK /Users/scottseely/git/knowvah/plantuml-ts/test-results/dot-cache/activity/tmp1
OK /Users/scottseely/git/knowvah/plantuml-ts/test-results/dot-cache/activity/tobajo-64-mipi810
OK /Users/scottseely/git/knowvah/plantuml-ts/test-results/dot-cache/activity/vafupe-19-cima350
OK /Users/scottseely/git/knowvah/plantuml-ts/test-results/dot-cache/activity/todufa-81-gavo441
OK /Users/scottseely/git/knowvah/plantuml-ts/test-results/dot-cache/activity/topico-42-fuza478
OK /Users/scottseely/git/knowvah/plantuml-ts/test-results/dot-cache/activity/tuneta-22-mega154
OK /Users/scottseely/git/knowvah/plantuml-ts/test-results/dot-cache/activity/velodu-59-sada437
OK /Users/scottseely/git/knowvah/plantuml-ts/test-results/dot-cache/activity/vamazo-19-tufu812
OK /Users/scottseely/git/knowvah/plantuml-ts/test-results/dot-cache/activity/vaxiki-78-nice114
OK /Users/scottseely/git/knowvah/plantuml-ts/test-results/dot-cache/activity/vaxuta-95-cico162
OK /Users/scottseely/git/knowvah/plantuml-ts/test-results/dot-cache/activity/vebala-15-tade547
OK /Users/scottseely/git/knowvah/plantuml-ts/test-results/dot-cache/activity/vexula-75-noko098
OK /Users/scottseely/git/knowvah/plantuml-ts/test-results/dot-cache/activity/vidada-17-xuse810
OK /Users/scottseely/git/knowvah/plantuml-ts/test-results/dot-cache/activity/vilecu-41-tete416
OK /Users/scottseely/git/knowvah/plantuml-ts/test-results/dot-cache/activity/vimako-25-mega336
OK /Users/scottseely/git/knowvah/plantuml-ts/test-results/dot-cache/activity/vimoxa-78-zucu656
OK /Users/scottseely/git/knowvah/plantuml-ts/test-results/dot-cache/activity/vivate-04-guso306
OK /Users/scottseely/git/knowvah/plantuml-ts/test-results/dot-cache/activity/vodobe-33-kefa909
OK /Users/scottseely/git/knowvah/plantuml-ts/test-results/dot-cache/activity/vokibe-29-vepe451
OK /Users/scottseely/git/knowvah/plantuml-ts/test-results/dot-cache/activity/volefo-41-tolo996
OK /Users/scottseely/git/knowvah/plantuml-ts/test-results/dot-cache/activity/vozane-63-kepe177
OK /Users/scottseely/git/knowvah/plantuml-ts/test-results/dot-cache/activity/vubolo-48-cubu499
OK /Users/scottseely/git/knowvah/plantuml-ts/test-results/dot-cache/activity/vupuse-73-nuso490
OK /Users/scottseely/git/knowvah/plantuml-ts/test-results/dot-cache/activity/xabesu-51-dimi831
OK /Users/scottseely/git/knowvah/plantuml-ts/test-results/dot-cache/activity/xarumo-26-zinu467
OK /Users/scottseely/git/knowvah/plantuml-ts/test-results/dot-cache/activity/xefalo-73-sabi101
OK /Users/scottseely/git/knowvah/plantuml-ts/test-results/dot-cache/activity/xekame-27-geba281
OK /Users/scottseely/git/knowvah/plantuml-ts/test-results/dot-cache/activity/xenofo-81-rame803
OK /Users/scottseely/git/knowvah/plantuml-ts/test-results/dot-cache/activity/xidamu-85-xoti640
OK /Users/scottseely/git/knowvah/plantuml-ts/test-results/dot-cache/activity/xigelo-67-sipi599
OK /Users/scottseely/git/knowvah/plantuml-ts/test-results/dot-cache/activity/xizola-97-sizu458
OK /Users/scottseely/git/knowvah/plantuml-ts/test-results/dot-cache/activity/xoreni-54-xoro817
OK /Users/scottseely/git/knowvah/plantuml-ts/test-results/dot-cache/activity/xolazi-74-vamu265
OK /Users/scottseely/git/knowvah/plantuml-ts/test-results/dot-cache/activity/xoreko-43-noto860
OK /Users/scottseely/git/knowvah/plantuml-ts/test-results/dot-cache/activity/xovano-23-tazo278
OK /Users/scottseely/git/knowvah/plantuml-ts/test-results/dot-cache/activity/zafoxu-20-xofe568
OK /Users/scottseely/git/knowvah/plantuml-ts/test-results/dot-cache/activity/zakuke-30-sobi867
OK /Users/scottseely/git/knowvah/plantuml-ts/test-results/dot-cache/activity/zaloze-31-jibo311
OK /Users/scottseely/git/knowvah/plantuml-ts/test-results/dot-cache/activity/zamagu-75-vape137
OK /Users/scottseely/git/knowvah/plantuml-ts/test-results/dot-cache/activity/zanudo-86-seco241
OK /Users/scottseely/git/knowvah/plantuml-ts/test-results/dot-cache/activity/zaxati-90-xacu660
OK /Users/scottseely/git/knowvah/plantuml-ts/test-results/dot-cache/activity/zedoco-71-guge507
OK /Users/scottseely/git/knowvah/plantuml-ts/test-results/dot-cache/activity/zejuso-92-kexo870
OK /Users/scottseely/git/knowvah/plantuml-ts/test-results/dot-cache/activity/zepima-96-peco612
OK /Users/scottseely/git/knowvah/plantuml-ts/test-results/dot-cache/activity/zeporo-46-zicu301
OK /Users/scottseely/git/knowvah/plantuml-ts/test-results/dot-cache/activity/ziboco-73-kazu841
OK /Users/scottseely/git/knowvah/plantuml-ts/test-results/dot-cache/activity/zinelo-77-losu727
OK /Users/scottseely/git/knowvah/plantuml-ts/test-results/dot-cache/activity/zivege-92-rise076
OK /Users/scottseely/git/knowvah/plantuml-ts/test-results/dot-cache/activity/zizaki-04-guvi945
OK /Users/scottseely/git/knowvah/plantuml-ts/test-results/dot-cache/activity/zizumo-48-taku661
OK /Users/scottseely/git/knowvah/plantuml-ts/test-results/dot-cache/activity/zokodi-10-dexu703
OK /Users/scottseely/git/knowvah/plantuml-ts/test-results/dot-cache/activity/zokuni-21-sapu966
OK /Users/scottseely/git/knowvah/plantuml-ts/test-results/dot-cache/activity/zukori-83-fiso705
OK /Users/scottseely/git/knowvah/plantuml-ts/test-results/dot-cache/activity/zuxute-46-daku634
OK /Users/scottseely/git/knowvah/plantuml-ts/test-results/dot-cache/board/gasaxu-65-cipo396
OK /Users/scottseely/git/knowvah/plantuml-ts/test-results/dot-cache/board/jifeju-37-zeza533
OK /Users/scottseely/git/knowvah/plantuml-ts/test-results/dot-cache/board/nuropa-85-vili653
OK /Users/scottseely/git/knowvah/plantuml-ts/test-results/dot-cache/board/rebire-77-depi269
OK /Users/scottseely/git/knowvah/plantuml-ts/test-results/dot-cache/c4/biluko-70-licu481
OK /Users/scottseely/git/knowvah/plantuml-ts/test-results/dot-cache/c4/gikaju-64-bari602
OK /Users/scottseely/git/knowvah/plantuml-ts/test-results/dot-cache/c4/favasu-27-fesa452
OK /Users/scottseely/git/knowvah/plantuml-ts/test-results/dot-cache/c4/gepuco-34-pira620
OK /Users/scottseely/git/knowvah/plantuml-ts/test-results/dot-cache/c4/kipive-74-lele070
OK /Users/scottseely/git/knowvah/plantuml-ts/test-results/dot-cache/c4/josimu-04-silu988
OK /Users/scottseely/git/knowvah/plantuml-ts/test-results/dot-cache/c4/ropexu-72-jecu171
OK /Users/scottseely/git/knowvah/plantuml-ts/test-results/dot-cache/c4/rosoga-84-vari641
OK /Users/scottseely/git/knowvah/plantuml-ts/test-results/dot-cache/c4/vakasu-51-xiza794
OK /Users/scottseely/git/knowvah/plantuml-ts/test-results/dot-cache/c4/xetego-25-dinu652
OK /Users/scottseely/git/knowvah/plantuml-ts/test-results/dot-cache/c4/xizifu-87-siti076
OK /Users/scottseely/git/knowvah/plantuml-ts/test-results/dot-cache/chart/babadu-29-gexe909
OK /Users/scottseely/git/knowvah/plantuml-ts/test-results/dot-cache/chart/badepu-56-poba277
OK /Users/scottseely/git/knowvah/plantuml-ts/test-results/dot-cache/chart/biniba-95-gase560
OK /Users/scottseely/git/knowvah/plantuml-ts/test-results/dot-cache/chart/cocigu-85-zama908
OK /Users/scottseely/git/knowvah/plantuml-ts/test-results/dot-cache/chart/cojavo-81-kavi045
OK /Users/scottseely/git/knowvah/plantuml-ts/test-results/dot-cache/chart/depazo-86-tijo886
OK /Users/scottseely/git/knowvah/plantuml-ts/test-results/dot-cache/chart/dijuma-39-pole760
OK /Users/scottseely/git/knowvah/plantuml-ts/test-results/dot-cache/chart/dojota-91-juci142
OK /Users/scottseely/git/knowvah/plantuml-ts/test-results/dot-cache/chart/fosoma-37-nogu308
OK /Users/scottseely/git/knowvah/plantuml-ts/test-results/dot-cache/chart/fugupe-37-numi152
OK /Users/scottseely/git/knowvah/plantuml-ts/test-results/dot-cache/chart/kagici-59-fice807
OK /Users/scottseely/git/knowvah/plantuml-ts/test-results/dot-cache/chart/kedigu-77-gopi081
OK /Users/scottseely/git/knowvah/plantuml-ts/test-results/dot-cache/chart/kodeke-40-mizo950
OK /Users/scottseely/git/knowvah/plantuml-ts/test-results/dot-cache/chart/kufode-62-vupa982
OK /Users/scottseely/git/knowvah/plantuml-ts/test-results/dot-cache/chart/mikila-15-seto121
OK /Users/scottseely/git/knowvah/plantuml-ts/test-results/dot-cache/chart/minapa-49-pine139
OK /Users/scottseely/git/knowvah/plantuml-ts/test-results/dot-cache/chart/reseci-41-guni893
OK /Users/scottseely/git/knowvah/plantuml-ts/test-results/dot-cache/chart/rotone-30-nami842
OK /Users/scottseely/git/knowvah/plantuml-ts/test-results/dot-cache/chart/rupive-64-pune411
OK /Users/scottseely/git/knowvah/plantuml-ts/test-results/dot-cache/chart/ruzoni-49-lore340
OK /Users/scottseely/git/knowvah/plantuml-ts/test-results/dot-cache/chart/silazi-01-caco357
OK /Users/scottseely/git/knowvah/plantuml-ts/test-results/dot-cache/chart/sotoju-04-taxa347
OK /Users/scottseely/git/knowvah/plantuml-ts/test-results/dot-cache/chart/tixexi-49-fubi848
OK /Users/scottseely/git/knowvah/plantuml-ts/test-results/dot-cache/chart/tozute-42-lejo112
OK /Users/scottseely/git/knowvah/plantuml-ts/test-results/dot-cache/chart/veduki-70-vocu962
OK /Users/scottseely/git/knowvah/plantuml-ts/test-results/dot-cache/chronology/lenudo-53-nade902
OK /Users/scottseely/git/knowvah/plantuml-ts/test-results/dot-cache/chart/vefapo-28-nofu219
OK /Users/scottseely/git/knowvah/plantuml-ts/test-results/dot-cache/chart/xejigi-91-jexa279
OK /Users/scottseely/git/knowvah/plantuml-ts/test-results/dot-cache/chart/xipero-00-xeke057
OK /Users/scottseely/git/knowvah/plantuml-ts/test-results/dot-cache/chart/zifezi-61-buze970
OK /Users/scottseely/git/knowvah/plantuml-ts/test-results/dot-cache/class/bajotu-30-soku184
OK /Users/scottseely/git/knowvah/plantuml-ts/test-results/dot-cache/class/bajula-59-puxi485
OK /Users/scottseely/git/knowvah/plantuml-ts/test-results/dot-cache/class/baneru-00-kuro607
OK /Users/scottseely/git/knowvah/plantuml-ts/test-results/dot-cache/class/bavoxa-34-keje375
OK /Users/scottseely/git/knowvah/plantuml-ts/test-results/dot-cache/class/bedogi-86-kala547
OK /Users/scottseely/git/knowvah/plantuml-ts/test-results/dot-cache/class/befasi-62-vimu310
OK /Users/scottseely/git/knowvah/plantuml-ts/test-results/dot-cache/class/begico-70-guva302
OK /Users/scottseely/git/knowvah/plantuml-ts/test-results/dot-cache/class/bejeli-39-sina124
OK /Users/scottseely/git/knowvah/plantuml-ts/test-results/dot-cache/class/bejusa-95-gafo325
OK /Users/scottseely/git/knowvah/plantuml-ts/test-results/dot-cache/class/bemuvo-33-jofa419
OK /Users/scottseely/git/knowvah/plantuml-ts/test-results/dot-cache/class/benemi-22-dufo622
OK /Users/scottseely/git/knowvah/plantuml-ts/test-results/dot-cache/class/beruje-75-jimu270
OK /Users/scottseely/git/knowvah/plantuml-ts/test-results/dot-cache/class/besepi-37-rori892
OK /Users/scottseely/git/knowvah/plantuml-ts/test-results/dot-cache/class/bicabi-42-coto932
OK /Users/scottseely/git/knowvah/plantuml-ts/test-results/dot-cache/class/bidusa-22-jutu505
OK /Users/scottseely/git/knowvah/plantuml-ts/test-results/dot-cache/class/bifisu-79-palu304
OK /Users/scottseely/git/knowvah/plantuml-ts/test-results/dot-cache/class/bijeru-39-vefi741
OK /Users/scottseely/git/knowvah/plantuml-ts/test-results/dot-cache/class/bijevi-38-duza931
OK /Users/scottseely/git/knowvah/plantuml-ts/test-results/dot-cache/class/bikuka-40-pezi068
OK /Users/scottseely/git/knowvah/plantuml-ts/test-results/dot-cache/class/bipudo-23-xavu432
OK /Users/scottseely/git/knowvah/plantuml-ts/test-results/dot-cache/class/bisisi-31-xasa026
OK /Users/scottseely/git/knowvah/plantuml-ts/test-results/dot-cache/class/bisome-32-bevo992
OK /Users/scottseely/git/knowvah/plantuml-ts/test-results/dot-cache/class/bitove-03-sanu160
OK /Users/scottseely/git/knowvah/plantuml-ts/test-results/dot-cache/class/bivevo-25-xara984
OK /Users/scottseely/git/knowvah/plantuml-ts/test-results/dot-cache/class/bivize-12-xiko303
OK /Users/scottseely/git/knowvah/plantuml-ts/test-results/dot-cache/class/bixogo-47-xulu385
OK /Users/scottseely/git/knowvah/plantuml-ts/test-results/dot-cache/class/boduli-27-zufa581
OK /Users/scottseely/git/knowvah/plantuml-ts/test-results/dot-cache/class/bopusi-74-bifa012
OK /Users/scottseely/git/knowvah/plantuml-ts/test-results/dot-cache/class/boseba-99-zopo693
OK /Users/scottseely/git/knowvah/plantuml-ts/test-results/dot-cache/class/bosiki-11-xaza958
OK /Users/scottseely/git/knowvah/plantuml-ts/test-results/dot-cache/class/bososa-44-fipu544
OK /Users/scottseely/git/knowvah/plantuml-ts/test-results/dot-cache/class/bovuze-89-noja934
OK /Users/scottseely/git/knowvah/plantuml-ts/test-results/dot-cache/class/bufogi-69-naba929
OK /Users/scottseely/git/knowvah/plantuml-ts/test-results/dot-cache/class/bugeli-63-mixa543
OK /Users/scottseely/git/knowvah/plantuml-ts/test-results/dot-cache/class/bujedi-30-cize673
OK /Users/scottseely/git/knowvah/plantuml-ts/test-results/dot-cache/class/bulena-06-xutu087
OK /Users/scottseely/git/knowvah/plantuml-ts/test-results/dot-cache/class/bumuma-72-zoka383
OK /Users/scottseely/git/knowvah/plantuml-ts/test-results/dot-cache/class/bunuce-10-vere519
OK /Users/scottseely/git/knowvah/plantuml-ts/test-results/dot-cache/class/buvake-41-vulu531
OK /Users/scottseely/git/knowvah/plantuml-ts/test-results/dot-cache/class/buxuso-47-tara486
OK /Users/scottseely/git/knowvah/plantuml-ts/test-results/dot-cache/class/caboco-62-jula911
OK /Users/scottseely/git/knowvah/plantuml-ts/test-results/dot-cache/class/cacoma-43-poxu615
OK /Users/scottseely/git/knowvah/plantuml-ts/test-results/dot-cache/class/cadani-60-zile435
OK /Users/scottseely/git/knowvah/plantuml-ts/test-results/dot-cache/class/cadutu-02-lazu601
OK /Users/scottseely/git/knowvah/plantuml-ts/test-results/dot-cache/class/cafuja-81-biki106
OK /Users/scottseely/git/knowvah/plantuml-ts/test-results/dot-cache/class/cagace-55-libu760
OK /Users/scottseely/git/knowvah/plantuml-ts/test-results/dot-cache/class/cajicu-52-cego765
OK /Users/scottseely/git/knowvah/plantuml-ts/test-results/dot-cache/class/camiba-14-java616
OK /Users/scottseely/git/knowvah/plantuml-ts/test-results/dot-cache/class/camuna-58-veca254
OK /Users/scottseely/git/knowvah/plantuml-ts/test-results/dot-cache/class/camupi-97-gezi072
OK /Users/scottseely/git/knowvah/plantuml-ts/test-results/dot-cache/class/canoca-50-rufa568
OK /Users/scottseely/git/knowvah/plantuml-ts/test-results/dot-cache/class/canuti-20-jotu614
OK /Users/scottseely/git/knowvah/plantuml-ts/test-results/dot-cache/class/capode-04-jeka075
OK /Users/scottseely/git/knowvah/plantuml-ts/test-results/dot-cache/class/cejili-77-gepe377
OK /Users/scottseely/git/knowvah/plantuml-ts/test-results/dot-cache/class/cekanu-78-sezu718
OK /Users/scottseely/git/knowvah/plantuml-ts/test-results/dot-cache/class/cenubi-27-xova754
OK /Users/scottseely/git/knowvah/plantuml-ts/test-results/dot-cache/class/cexibu-81-bize688
OK /Users/scottseely/git/knowvah/plantuml-ts/test-results/dot-cache/class/cezaka-60-jado323
OK /Users/scottseely/git/knowvah/plantuml-ts/test-results/dot-cache/class/cezazo-40-raja394
OK /Users/scottseely/git/knowvah/plantuml-ts/test-results/dot-cache/class/cicovi-23-zipe215
OK /Users/scottseely/git/knowvah/plantuml-ts/test-results/dot-cache/class/cidepu-54-bemo048
OK /Users/scottseely/git/knowvah/plantuml-ts/test-results/dot-cache/class/cifeta-62-xodi576
OK /Users/scottseely/git/knowvah/plantuml-ts/test-results/dot-cache/class/cikeni-99-kojo447
OK /Users/scottseely/git/knowvah/plantuml-ts/test-results/dot-cache/class/cilaba-36-zogi212
OK /Users/scottseely/git/knowvah/plantuml-ts/test-results/dot-cache/class/cirojo-62-dubo306
OK /Users/scottseely/git/knowvah/plantuml-ts/test-results/dot-cache/class/cixote-08-vope282
OK /Users/scottseely/git/knowvah/plantuml-ts/test-results/dot-cache/class/class-allowmixing-usecase-mix
OK /Users/scottseely/git/knowvah/plantuml-ts/test-results/dot-cache/class/class-inheritance-interface-assoc
OK /Users/scottseely/git/knowvah/plantuml-ts/test-results/dot-cache/class/class-missing-label-URL-SVG-0
OK /Users/scottseely/git/knowvah/plantuml-ts/test-results/dot-cache/class/class-usecase-inline-img
OK /Users/scottseely/git/knowvah/plantuml-ts/test-results/dot-cache/class/class-usecase-inline-sprite
OK /Users/scottseely/git/knowvah/plantuml-ts/test-results/dot-cache/class/cobumi-83-bapu892
OK /Users/scottseely/git/knowvah/plantuml-ts/test-results/dot-cache/class/cocube-46-tusu692
OK /Users/scottseely/git/knowvah/plantuml-ts/test-results/dot-cache/class/cojixe-63-vejo525
OK /Users/scottseely/git/knowvah/plantuml-ts/test-results/dot-cache/class/cokeje-99-gede231
OK /Users/scottseely/git/knowvah/plantuml-ts/test-results/dot-cache/class/comaxe-39-goza236
OK /Users/scottseely/git/knowvah/plantuml-ts/test-results/dot-cache/class/conara-44-fisa089
OK /Users/scottseely/git/knowvah/plantuml-ts/test-results/dot-cache/class/conija-14-nuta580
OK /Users/scottseely/git/knowvah/plantuml-ts/test-results/dot-cache/class/corine-48-pemu761
OK /Users/scottseely/git/knowvah/plantuml-ts/test-results/dot-cache/class/cotacu-63-jisi866
OK /Users/scottseely/git/knowvah/plantuml-ts/test-results/dot-cache/class/covopi-80-sejo503
OK /Users/scottseely/git/knowvah/plantuml-ts/test-results/dot-cache/class/coxose-20-nifu136
OK /Users/scottseely/git/knowvah/plantuml-ts/test-results/dot-cache/class/cudugo-42-desi127
OK /Users/scottseely/git/knowvah/plantuml-ts/test-results/dot-cache/class/cukaze-78-zija070
OK /Users/scottseely/git/knowvah/plantuml-ts/test-results/dot-cache/class/cunavo-77-filo788
OK /Users/scottseely/git/knowvah/plantuml-ts/test-results/dot-cache/class/curupe-50-kibu120
OK /Users/scottseely/git/knowvah/plantuml-ts/test-results/dot-cache/class/cutasu-32-zete658
OK /Users/scottseely/git/knowvah/plantuml-ts/test-results/dot-cache/class/cuxaji-51-fozu735
OK /Users/scottseely/git/knowvah/plantuml-ts/test-results/dot-cache/class/cuxebo-14-babu885
OK /Users/scottseely/git/knowvah/plantuml-ts/test-results/dot-cache/class/cuxuni-25-doxi736
OK /Users/scottseely/git/knowvah/plantuml-ts/test-results/dot-cache/class/cuzoga-39-tufu259
OK /Users/scottseely/git/knowvah/plantuml-ts/test-results/dot-cache/class/dacisu-77-paca840
OK /Users/scottseely/git/knowvah/plantuml-ts/test-results/dot-cache/class/dacixi-46-lina038
OK /Users/scottseely/git/knowvah/plantuml-ts/test-results/dot-cache/class/danozo-79-nunu375
OK /Users/scottseely/git/knowvah/plantuml-ts/test-results/dot-cache/class/dareti-67-siti389
OK /Users/scottseely/git/knowvah/plantuml-ts/test-results/dot-cache/class/dasagu-52-vani172
OK /Users/scottseely/git/knowvah/plantuml-ts/test-results/dot-cache/class/dativu-93-pona469
OK /Users/scottseely/git/knowvah/plantuml-ts/test-results/dot-cache/class/datugo-88-sote552
OK /Users/scottseely/git/knowvah/plantuml-ts/test-results/dot-cache/class/daxeno-00-kasu166
OK /Users/scottseely/git/knowvah/plantuml-ts/test-results/dot-cache/class/deboga-81-zuza232
OK /Users/scottseely/git/knowvah/plantuml-ts/test-results/dot-cache/class/defipi-14-xunu847
OK /Users/scottseely/git/knowvah/plantuml-ts/test-results/dot-cache/class/dejuse-14-pule208
OK /Users/scottseely/git/knowvah/plantuml-ts/test-results/dot-cache/class/dekaba-54-fafi485
OK /Users/scottseely/git/knowvah/plantuml-ts/test-results/dot-cache/class/delano-03-xino845
OK /Users/scottseely/git/knowvah/plantuml-ts/test-results/dot-cache/class/delasa-80-jusu462
OK /Users/scottseely/git/knowvah/plantuml-ts/test-results/dot-cache/class/depulu-53-xoca727
OK /Users/scottseely/git/knowvah/plantuml-ts/test-results/dot-cache/class/desoro-94-viti994
OK /Users/scottseely/git/knowvah/plantuml-ts/test-results/dot-cache/class/dibinu-95-kavo178
OK /Users/scottseely/git/knowvah/plantuml-ts/test-results/dot-cache/class/dicezo-86-cigi240
OK /Users/scottseely/git/knowvah/plantuml-ts/test-results/dot-cache/class/difuxu-77-rumu307
OK /Users/scottseely/git/knowvah/plantuml-ts/test-results/dot-cache/class/dijafu-60-diji895
OK /Users/scottseely/git/knowvah/plantuml-ts/test-results/dot-cache/class/dijuce-52-rilu751
OK /Users/scottseely/git/knowvah/plantuml-ts/test-results/dot-cache/class/dimesa-45-ruju320
OK /Users/scottseely/git/knowvah/plantuml-ts/test-results/dot-cache/class/dimile-20-saki799
OK /Users/scottseely/git/knowvah/plantuml-ts/test-results/dot-cache/class/dimisi-54-dula946
OK /Users/scottseely/git/knowvah/plantuml-ts/test-results/dot-cache/class/dipune-93-sare489
OK /Users/scottseely/git/knowvah/plantuml-ts/test-results/dot-cache/class/diroxo-41-zezo954
OK /Users/scottseely/git/knowvah/plantuml-ts/test-results/dot-cache/class/diseka-11-gozu390
OK /Users/scottseely/git/knowvah/plantuml-ts/test-results/dot-cache/class/ditapa-46-bete946
OK /Users/scottseely/git/knowvah/plantuml-ts/test-results/dot-cache/class/dizuse-83-dabi909
OK /Users/scottseely/git/knowvah/plantuml-ts/test-results/dot-cache/class/dofima-22-kofe334
OK /Users/scottseely/git/knowvah/plantuml-ts/test-results/dot-cache/class/dojanu-92-vizo468
OK /Users/scottseely/git/knowvah/plantuml-ts/test-results/dot-cache/class/dojuvi-07-duja723
OK /Users/scottseely/git/knowvah/plantuml-ts/test-results/dot-cache/class/dokego-92-zilu832
OK /Users/scottseely/git/knowvah/plantuml-ts/test-results/dot-cache/class/domeki-03-zaga732
OK /Users/scottseely/git/knowvah/plantuml-ts/test-results/dot-cache/class/dopuzi-50-muxo994
OK /Users/scottseely/git/knowvah/plantuml-ts/test-results/dot-cache/class/dorafa-63-soba922
OK /Users/scottseely/git/knowvah/plantuml-ts/test-results/dot-cache/class/dorelu-66-lixu637
OK /Users/scottseely/git/knowvah/plantuml-ts/test-results/dot-cache/class/doseko-41-mavu661
OK /Users/scottseely/git/knowvah/plantuml-ts/test-results/dot-cache/class/dozude-05-jeve029
OK /Users/scottseely/git/knowvah/plantuml-ts/test-results/dot-cache/class/dozugo-00-jado141
OK /Users/scottseely/git/knowvah/plantuml-ts/test-results/dot-cache/class/duceso-27-koco023
OK /Users/scottseely/git/knowvah/plantuml-ts/test-results/dot-cache/class/ducoka-05-cuce457
OK /Users/scottseely/git/knowvah/plantuml-ts/test-results/dot-cache/class/dudimi-83-mimo845
OK /Users/scottseely/git/knowvah/plantuml-ts/test-results/dot-cache/class/dujinu-38-badu006
OK /Users/scottseely/git/knowvah/plantuml-ts/test-results/dot-cache/class/dulavu-67-falo747
OK /Users/scottseely/git/knowvah/plantuml-ts/test-results/dot-cache/class/dumubu-48-zagi954
OK /Users/scottseely/git/knowvah/plantuml-ts/test-results/dot-cache/class/dupulu-73-cero610
OK /Users/scottseely/git/knowvah/plantuml-ts/test-results/dot-cache/class/duraci-96-rugu254
OK /Users/scottseely/git/knowvah/plantuml-ts/test-results/dot-cache/class/duruga-39-lani451
OK /Users/scottseely/git/knowvah/plantuml-ts/test-results/dot-cache/class/duvuti-29-lugi970
OK /Users/scottseely/git/knowvah/plantuml-ts/test-results/dot-cache/class/exposant-01-class
OK /Users/scottseely/git/knowvah/plantuml-ts/test-results/dot-cache/class/fabuje-68-gona310
OK /Users/scottseely/git/knowvah/plantuml-ts/test-results/dot-cache/class/famizo-04-joxe063
OK /Users/scottseely/git/knowvah/plantuml-ts/test-results/dot-cache/class/farina-07-foti023
OK /Users/scottseely/git/knowvah/plantuml-ts/test-results/dot-cache/class/farinu-74-fuco238
OK /Users/scottseely/git/knowvah/plantuml-ts/test-results/dot-cache/class/faxoga-34-moja699
OK /Users/scottseely/git/knowvah/plantuml-ts/test-results/dot-cache/class/fecolo-08-gepu579
OK /Users/scottseely/git/knowvah/plantuml-ts/test-results/dot-cache/class/fexedu-26-dira713
OK /Users/scottseely/git/knowvah/plantuml-ts/test-results/dot-cache/class/fexuta-62-piko653
OK /Users/scottseely/git/knowvah/plantuml-ts/test-results/dot-cache/class/fezugi-39-fujo327
OK /Users/scottseely/git/knowvah/plantuml-ts/test-results/dot-cache/class/fibamu-81-zimo884
OK /Users/scottseely/git/knowvah/plantuml-ts/test-results/dot-cache/class/fidova-32-dige682
OK /Users/scottseely/git/knowvah/plantuml-ts/test-results/dot-cache/class/fijali-69-pina030
OK /Users/scottseely/git/knowvah/plantuml-ts/test-results/dot-cache/class/filoxo-23-fafi328
OK /Users/scottseely/git/knowvah/plantuml-ts/test-results/dot-cache/class/fimega-47-xigi097
OK /Users/scottseely/git/knowvah/plantuml-ts/test-results/dot-cache/class/finono-05-cuvu171
OK /Users/scottseely/git/knowvah/plantuml-ts/test-results/dot-cache/class/fipezi-47-jafu042
OK /Users/scottseely/git/knowvah/plantuml-ts/test-results/dot-cache/class/fipoke-21-suno116
OK /Users/scottseely/git/knowvah/plantuml-ts/test-results/dot-cache/class/fitini-85-kupo803
OK /Users/scottseely/git/knowvah/plantuml-ts/test-results/dot-cache/class/focabu-31-kide232
OK /Users/scottseely/git/knowvah/plantuml-ts/test-results/dot-cache/class/focaci-80-suzu938
OK /Users/scottseely/git/knowvah/plantuml-ts/test-results/dot-cache/class/fogexa-30-zupo141
OK /Users/scottseely/git/knowvah/plantuml-ts/test-results/dot-cache/class/foguga-43-nafe816
OK /Users/scottseely/git/knowvah/plantuml-ts/test-results/dot-cache/class/fokudo-49-xiki231
OK /Users/scottseely/git/knowvah/plantuml-ts/test-results/dot-cache/class/fomofi-36-lova857
OK /Users/scottseely/git/knowvah/plantuml-ts/test-results/dot-cache/class/fopose-13-kase592
OK /Users/scottseely/git/knowvah/plantuml-ts/test-results/dot-cache/class/foraso-61-gesu813
OK /Users/scottseely/git/knowvah/plantuml-ts/test-results/dot-cache/class/foxata-81-miva542
OK /Users/scottseely/git/knowvah/plantuml-ts/test-results/dot-cache/class/foxiki-17-kosa114
OK /Users/scottseely/git/knowvah/plantuml-ts/test-results/dot-cache/class/foxosa-41-bono202
OK /Users/scottseely/git/knowvah/plantuml-ts/test-results/dot-cache/class/fugexa-12-zoti674
OK /Users/scottseely/git/knowvah/plantuml-ts/test-results/dot-cache/class/fumalu-64-vude116
OK /Users/scottseely/git/knowvah/plantuml-ts/test-results/dot-cache/class/funagu-04-dako081
OK /Users/scottseely/git/knowvah/plantuml-ts/test-results/dot-cache/class/fupope-12-zoku847
OK /Users/scottseely/git/knowvah/plantuml-ts/test-results/dot-cache/class/fuxoju-95-xuko052
OK /Users/scottseely/git/knowvah/plantuml-ts/test-results/dot-cache/class/gabejo-44-juki791
OK /Users/scottseely/git/knowvah/plantuml-ts/test-results/dot-cache/class/gadufu-56-votu808
OK /Users/scottseely/git/knowvah/plantuml-ts/test-results/dot-cache/class/gajena-70-vili331
OK /Users/scottseely/git/knowvah/plantuml-ts/test-results/dot-cache/class/gajudo-04-lere501
OK /Users/scottseely/git/knowvah/plantuml-ts/test-results/dot-cache/class/galili-87-zivo129
OK /Users/scottseely/git/knowvah/plantuml-ts/test-results/dot-cache/class/gamevo-26-runo973
OK /Users/scottseely/git/knowvah/plantuml-ts/test-results/dot-cache/class/ganika-12-pane511
OK /Users/scottseely/git/knowvah/plantuml-ts/test-results/dot-cache/class/ganola-90-cuco343
OK /Users/scottseely/git/knowvah/plantuml-ts/test-results/dot-cache/class/garizu-98-nixo496
OK /Users/scottseely/git/knowvah/plantuml-ts/test-results/dot-cache/class/garumi-63-vuze973
OK /Users/scottseely/git/knowvah/plantuml-ts/test-results/dot-cache/class/gateja-70-losi738
OK /Users/scottseely/git/knowvah/plantuml-ts/test-results/dot-cache/class/gatula-10-bifu561
OK /Users/scottseely/git/knowvah/plantuml-ts/test-results/dot-cache/class/gavimi-70-nuju057
OK /Users/scottseely/git/knowvah/plantuml-ts/test-results/dot-cache/class/gaxipe-22-maxa852
OK /Users/scottseely/git/knowvah/plantuml-ts/test-results/dot-cache/class/gazimo-19-tebe871
OK /Users/scottseely/git/knowvah/plantuml-ts/test-results/dot-cache/class/gekofe-43-lufa479
OK /Users/scottseely/git/knowvah/plantuml-ts/test-results/dot-cache/class/gekope-01-ricu859
OK /Users/scottseely/git/knowvah/plantuml-ts/test-results/dot-cache/class/gerima-02-fade831
OK /Users/scottseely/git/knowvah/plantuml-ts/test-results/dot-cache/class/getufo-87-xeca508
OK /Users/scottseely/git/knowvah/plantuml-ts/test-results/dot-cache/class/gevuci-69-fafe469
OK /Users/scottseely/git/knowvah/plantuml-ts/test-results/dot-cache/class/gidabo-27-juza410
OK /Users/scottseely/git/knowvah/plantuml-ts/test-results/dot-cache/class/gikipi-69-pepo172
OK /Users/scottseely/git/knowvah/plantuml-ts/test-results/dot-cache/class/gipeze-49-vevo740
OK /Users/scottseely/git/knowvah/plantuml-ts/test-results/dot-cache/class/giraca-14-xome136
OK /Users/scottseely/git/knowvah/plantuml-ts/test-results/dot-cache/class/girebu-21-keva371
OK /Users/scottseely/git/knowvah/plantuml-ts/test-results/dot-cache/class/giruzo-13-daga579
OK /Users/scottseely/git/knowvah/plantuml-ts/test-results/dot-cache/class/givofi-11-xumu978
OK /Users/scottseely/git/knowvah/plantuml-ts/test-results/dot-cache/class/givoli-70-rade072
OK /Users/scottseely/git/knowvah/plantuml-ts/test-results/dot-cache/class/gixesa-28-feri809
OK /Users/scottseely/git/knowvah/plantuml-ts/test-results/dot-cache/class/gobuco-16-ruke239
OK /Users/scottseely/git/knowvah/plantuml-ts/test-results/dot-cache/class/goceso-49-pega905
OK /Users/scottseely/git/knowvah/plantuml-ts/test-results/dot-cache/class/gojadi-30-tame684
OK /Users/scottseely/git/knowvah/plantuml-ts/test-results/dot-cache/class/gojatu-01-jibo986
OK /Users/scottseely/git/knowvah/plantuml-ts/test-results/dot-cache/class/gojofu-46-xaci340
OK /Users/scottseely/git/knowvah/plantuml-ts/test-results/dot-cache/class/gojole-09-solo793
OK /Users/scottseely/git/knowvah/plantuml-ts/test-results/dot-cache/class/gokoru-18-daba136
OK /Users/scottseely/git/knowvah/plantuml-ts/test-results/dot-cache/class/goloxu-09-nero458
OK /Users/scottseely/git/knowvah/plantuml-ts/test-results/dot-cache/class/gomafo-73-duta005
OK /Users/scottseely/git/knowvah/plantuml-ts/test-results/dot-cache/class/gopalo-51-leje047
OK /Users/scottseely/git/knowvah/plantuml-ts/test-results/dot-cache/class/gotefu-91-zime541
OK /Users/scottseely/git/knowvah/plantuml-ts/test-results/dot-cache/class/govavo-22-kose066
OK /Users/scottseely/git/knowvah/plantuml-ts/test-results/dot-cache/class/goveba-73-tixi419
OK /Users/scottseely/git/knowvah/plantuml-ts/test-results/dot-cache/class/gubola-32-lofa138
OK /Users/scottseely/git/knowvah/plantuml-ts/test-results/dot-cache/class/gufife-94-ropa486
OK /Users/scottseely/git/knowvah/plantuml-ts/test-results/dot-cache/class/gujigi-63-roki030
OK /Users/scottseely/git/knowvah/plantuml-ts/test-results/dot-cache/class/gukuda-51-fuju086
OK /Users/scottseely/git/knowvah/plantuml-ts/test-results/dot-cache/class/gupire-42-xege904
OK /Users/scottseely/git/knowvah/plantuml-ts/test-results/dot-cache/class/guxode-39-dobi371
OK /Users/scottseely/git/knowvah/plantuml-ts/test-results/dot-cache/class/jabama-09-kago823
OK /Users/scottseely/git/knowvah/plantuml-ts/test-results/dot-cache/class/jabeme-35-logi109
OK /Users/scottseely/git/knowvah/plantuml-ts/test-results/dot-cache/class/jajebo-21-dada557
OK /Users/scottseely/git/knowvah/plantuml-ts/test-results/dot-cache/class/jakaja-15-faze022
OK /Users/scottseely/git/knowvah/plantuml-ts/test-results/dot-cache/class/jakapi-64-tine258
OK /Users/scottseely/git/knowvah/plantuml-ts/test-results/dot-cache/class/jalexi-21-xoje231
OK /Users/scottseely/git/knowvah/plantuml-ts/test-results/dot-cache/class/jaloja-18-tisu915
OK /Users/scottseely/git/knowvah/plantuml-ts/test-results/dot-cache/class/janeba-15-duja043
OK /Users/scottseely/git/knowvah/plantuml-ts/test-results/dot-cache/class/jarigi-34-nage684
OK /Users/scottseely/git/knowvah/plantuml-ts/test-results/dot-cache/class/jasaja-47-mifo886
OK /Users/scottseely/git/knowvah/plantuml-ts/test-results/dot-cache/class/jatome-90-pire087
OK /Users/scottseely/git/knowvah/plantuml-ts/test-results/dot-cache/class/jaxebi-71-nanu771
OK /Users/scottseely/git/knowvah/plantuml-ts/test-results/dot-cache/class/jecopa-66-vepe168
OK /Users/scottseely/git/knowvah/plantuml-ts/test-results/dot-cache/class/jecori-24-pona893
OK /Users/scottseely/git/knowvah/plantuml-ts/test-results/dot-cache/class/jegefa-93-daza492
OK /Users/scottseely/git/knowvah/plantuml-ts/test-results/dot-cache/class/jerime-86-note748
OK /Users/scottseely/git/knowvah/plantuml-ts/test-results/dot-cache/class/jevuvi-65-dipo437
OK /Users/scottseely/git/knowvah/plantuml-ts/test-results/dot-cache/class/jezepa-12-padu194
OK /Users/scottseely/git/knowvah/plantuml-ts/test-results/dot-cache/class/jibili-77-vatu959
OK /Users/scottseely/git/knowvah/plantuml-ts/test-results/dot-cache/class/jiceke-84-xoze695
OK /Users/scottseely/git/knowvah/plantuml-ts/test-results/dot-cache/class/jigafa-29-cusa565
OK /Users/scottseely/git/knowvah/plantuml-ts/test-results/dot-cache/class/jijovu-48-gole133
OK /Users/scottseely/git/knowvah/plantuml-ts/test-results/dot-cache/class/jikase-93-tipa633
OK /Users/scottseely/git/knowvah/plantuml-ts/test-results/dot-cache/class/jinema-90-laga721
OK /Users/scottseely/git/knowvah/plantuml-ts/test-results/dot-cache/class/jinibe-02-tebi269
OK /Users/scottseely/git/knowvah/plantuml-ts/test-results/dot-cache/class/jinoba-14-firi471
OK /Users/scottseely/git/knowvah/plantuml-ts/test-results/dot-cache/class/jiramo-39-xuze087
OK /Users/scottseely/git/knowvah/plantuml-ts/test-results/dot-cache/class/jireze-84-loti743
OK /Users/scottseely/git/knowvah/plantuml-ts/test-results/dot-cache/class/jisanu-32-gado231
OK /Users/scottseely/git/knowvah/plantuml-ts/test-results/dot-cache/class/jiveta-48-palo127
OK /Users/scottseely/git/knowvah/plantuml-ts/test-results/dot-cache/class/jixamu-89-ribo225
OK /Users/scottseely/git/knowvah/plantuml-ts/test-results/dot-cache/class/jobeto-69-dutu189
OK /Users/scottseely/git/knowvah/plantuml-ts/test-results/dot-cache/class/jobubo-97-resa133
OK /Users/scottseely/git/knowvah/plantuml-ts/test-results/dot-cache/class/jobuco-44-zife032
OK /Users/scottseely/git/knowvah/plantuml-ts/test-results/dot-cache/class/jocapi-44-lova378
OK /Users/scottseely/git/knowvah/plantuml-ts/test-results/dot-cache/class/jocozo-25-coke152
OK /Users/scottseely/git/knowvah/plantuml-ts/test-results/dot-cache/class/jodeto-41-valo558
OK /Users/scottseely/git/knowvah/plantuml-ts/test-results/dot-cache/class/joguva-54-tevo966
OK /Users/scottseely/git/knowvah/plantuml-ts/test-results/dot-cache/class/jojime-80-savu279
OK /Users/scottseely/git/knowvah/plantuml-ts/test-results/dot-cache/class/josazo-53-bode013
OK /Users/scottseely/git/knowvah/plantuml-ts/test-results/dot-cache/class/jovaxe-68-bube754
OK /Users/scottseely/git/knowvah/plantuml-ts/test-results/dot-cache/class/jovigo-38-tuni063
OK /Users/scottseely/git/knowvah/plantuml-ts/test-results/dot-cache/class/jubobo-22-fapu993
OK /Users/scottseely/git/knowvah/plantuml-ts/test-results/dot-cache/class/julixi-10-jide878
OK /Users/scottseely/git/knowvah/plantuml-ts/test-results/dot-cache/class/jumefo-83-zaba339
OK /Users/scottseely/git/knowvah/plantuml-ts/test-results/dot-cache/class/juxora-90-fisu720
OK /Users/scottseely/git/knowvah/plantuml-ts/test-results/dot-cache/class/kabune-49-xace122
OK /Users/scottseely/git/knowvah/plantuml-ts/test-results/dot-cache/class/kacico-91-bati232
OK /Users/scottseely/git/knowvah/plantuml-ts/test-results/dot-cache/class/kademi-64-futi437
OK /Users/scottseely/git/knowvah/plantuml-ts/test-results/dot-cache/class/kadifi-56-bili996
OK /Users/scottseely/git/knowvah/plantuml-ts/test-results/dot-cache/class/kamame-64-taka759
OK /Users/scottseely/git/knowvah/plantuml-ts/test-results/dot-cache/class/katori-46-dobu700
OK /Users/scottseely/git/knowvah/plantuml-ts/test-results/dot-cache/class/kejeka-49-kofa156
OK /Users/scottseely/git/knowvah/plantuml-ts/test-results/dot-cache/class/kejivu-76-mipe227
OK /Users/scottseely/git/knowvah/plantuml-ts/test-results/dot-cache/class/kepado-34-risa735
OK /Users/scottseely/git/knowvah/plantuml-ts/test-results/dot-cache/class/kevoda-64-mije856
OK /Users/scottseely/git/knowvah/plantuml-ts/test-results/dot-cache/class/kexaca-03-situ523
OK /Users/scottseely/git/knowvah/plantuml-ts/test-results/dot-cache/class/kexati-85-zupa495
OK /Users/scottseely/git/knowvah/plantuml-ts/test-results/dot-cache/class/kexecu-14-xesa311
OK /Users/scottseely/git/knowvah/plantuml-ts/test-results/dot-cache/class/kicolo-81-sidi387
OK /Users/scottseely/git/knowvah/plantuml-ts/test-results/dot-cache/class/kicuna-39-riki626
OK /Users/scottseely/git/knowvah/plantuml-ts/test-results/dot-cache/class/kidugi-68-noje040
OK /Users/scottseely/git/knowvah/plantuml-ts/test-results/dot-cache/class/kikera-73-zoxa983
OK /Users/scottseely/git/knowvah/plantuml-ts/test-results/dot-cache/class/kipure-14-suli112
OK /Users/scottseely/git/knowvah/plantuml-ts/test-results/dot-cache/class/kixeku-82-tesa924
OK /Users/scottseely/git/knowvah/plantuml-ts/test-results/dot-cache/class/kixiso-09-lezo371
OK /Users/scottseely/git/knowvah/plantuml-ts/test-results/dot-cache/class/kogifo-65-xotu512
OK /Users/scottseely/git/knowvah/plantuml-ts/test-results/dot-cache/class/koloba-22-bolo151
OK /Users/scottseely/git/knowvah/plantuml-ts/test-results/dot-cache/class/konaju-10-sopa054
OK /Users/scottseely/git/knowvah/plantuml-ts/test-results/dot-cache/class/konomi-00-gico141
OK /Users/scottseely/git/knowvah/plantuml-ts/test-results/dot-cache/class/kopida-02-vaje995
OK /Users/scottseely/git/knowvah/plantuml-ts/test-results/dot-cache/class/koxoco-29-moke425
OK /Users/scottseely/git/knowvah/plantuml-ts/test-results/dot-cache/class/kugasi-68-josu446
OK /Users/scottseely/git/knowvah/plantuml-ts/test-results/dot-cache/class/kujiji-68-cujo036
OK /Users/scottseely/git/knowvah/plantuml-ts/test-results/dot-cache/class/kupetu-36-kive480
OK /Users/scottseely/git/knowvah/plantuml-ts/test-results/dot-cache/class/kutazo-40-texe886
OK /Users/scottseely/git/knowvah/plantuml-ts/test-results/dot-cache/class/kuxato-79-muno809
OK /Users/scottseely/git/knowvah/plantuml-ts/test-results/dot-cache/class/kuxosa-67-keko885
OK /Users/scottseely/git/knowvah/plantuml-ts/test-results/dot-cache/class/labele-71-gudo044
OK /Users/scottseely/git/knowvah/plantuml-ts/test-results/dot-cache/class/lacote-58-sozu269
OK /Users/scottseely/git/knowvah/plantuml-ts/test-results/dot-cache/class/lafama-65-zoci799
OK /Users/scottseely/git/knowvah/plantuml-ts/test-results/dot-cache/class/lafosa-17-buvu129
OK /Users/scottseely/git/knowvah/plantuml-ts/test-results/dot-cache/class/lagudi-03-rucu383
OK /Users/scottseely/git/knowvah/plantuml-ts/test-results/dot-cache/class/laluve-92-raxu863
OK /Users/scottseely/git/knowvah/plantuml-ts/test-results/dot-cache/class/lapoma-04-vaga142
OK /Users/scottseely/git/knowvah/plantuml-ts/test-results/dot-cache/class/lasave-44-dofa269
OK /Users/scottseely/git/knowvah/plantuml-ts/test-results/dot-cache/class/lazeju-60-boki114
OK /Users/scottseely/git/knowvah/plantuml-ts/test-results/dot-cache/class/lecelo-92-loma110
OK /Users/scottseely/git/knowvah/plantuml-ts/test-results/dot-cache/class/ledepo-11-muto607
OK /Users/scottseely/git/knowvah/plantuml-ts/test-results/dot-cache/class/lejoga-79-poji465
OK /Users/scottseely/git/knowvah/plantuml-ts/test-results/dot-cache/class/lelabe-72-zate295
OK /Users/scottseely/git/knowvah/plantuml-ts/test-results/dot-cache/class/lenunu-95-bame774
OK /Users/scottseely/git/knowvah/plantuml-ts/test-results/dot-cache/class/libobe-85-veli517
OK /Users/scottseely/git/knowvah/plantuml-ts/test-results/dot-cache/class/lifuki-73-bito214
OK /Users/scottseely/git/knowvah/plantuml-ts/test-results/dot-cache/class/likivi-72-liki123
OK /Users/scottseely/git/knowvah/plantuml-ts/test-results/dot-cache/class/lilura-67-cati343
OK /Users/scottseely/git/knowvah/plantuml-ts/test-results/dot-cache/class/lipazi-06-care921
OK /Users/scottseely/git/knowvah/plantuml-ts/test-results/dot-cache/class/lobofa-60-vexe031
OK /Users/scottseely/git/knowvah/plantuml-ts/test-results/dot-cache/class/lojepe-37-liri985
OK /Users/scottseely/git/knowvah/plantuml-ts/test-results/dot-cache/class/lojiga-09-meka859
OK /Users/scottseely/git/knowvah/plantuml-ts/test-results/dot-cache/class/lonota-83-xeco891
OK /Users/scottseely/git/knowvah/plantuml-ts/test-results/dot-cache/class/lorajo-00-dagu828
OK /Users/scottseely/git/knowvah/plantuml-ts/test-results/dot-cache/class/lozego-15-coci435
OK /Users/scottseely/git/knowvah/plantuml-ts/test-results/dot-cache/class/lozijo-52-pesu023
OK /Users/scottseely/git/knowvah/plantuml-ts/test-results/dot-cache/class/lufide-34-cexu026
OK /Users/scottseely/git/knowvah/plantuml-ts/test-results/dot-cache/class/lujaje-96-vafu961
OK /Users/scottseely/git/knowvah/plantuml-ts/test-results/dot-cache/class/lukexe-74-moco323
OK /Users/scottseely/git/knowvah/plantuml-ts/test-results/dot-cache/class/luzive-62-zote562
OK /Users/scottseely/git/knowvah/plantuml-ts/test-results/dot-cache/class/lurevi-57-reku842
OK /Users/scottseely/git/knowvah/plantuml-ts/test-results/dot-cache/class/luriko-97-neko149
OK /Users/scottseely/git/knowvah/plantuml-ts/test-results/dot-cache/class/macere-24-loci805
OK /Users/scottseely/git/knowvah/plantuml-ts/test-results/dot-cache/class/macira-65-mugu751
OK /Users/scottseely/git/knowvah/plantuml-ts/test-results/dot-cache/class/maguju-11-copu137
OK /Users/scottseely/git/knowvah/plantuml-ts/test-results/dot-cache/class/majoge-68-zuji574
OK /Users/scottseely/git/knowvah/plantuml-ts/test-results/dot-cache/class/majuva-44-luta965
OK /Users/scottseely/git/knowvah/plantuml-ts/test-results/dot-cache/class/makoko-44-mapu988
OK /Users/scottseely/git/knowvah/plantuml-ts/test-results/dot-cache/class/makumi-60-peri797
OK /Users/scottseely/git/knowvah/plantuml-ts/test-results/dot-cache/class/malara-55-moce209
OK /Users/scottseely/git/knowvah/plantuml-ts/test-results/dot-cache/class/manube-50-xora983
OK /Users/scottseely/git/knowvah/plantuml-ts/test-results/dot-cache/class/maziju-71-cava125
OK /Users/scottseely/git/knowvah/plantuml-ts/test-results/dot-cache/class/mebake-99-vifa562
OK /Users/scottseely/git/knowvah/plantuml-ts/test-results/dot-cache/class/mebezo-52-votu818
OK /Users/scottseely/git/knowvah/plantuml-ts/test-results/dot-cache/class/medexe-08-ledo064
OK /Users/scottseely/git/knowvah/plantuml-ts/test-results/dot-cache/class/medosa-71-ligu412
OK /Users/scottseely/git/knowvah/plantuml-ts/test-results/dot-cache/class/mefaca-83-lebu193
OK /Users/scottseely/git/knowvah/plantuml-ts/test-results/dot-cache/class/mefike-75-vova900
OK /Users/scottseely/git/knowvah/plantuml-ts/test-results/dot-cache/class/menejo-70-tazo448
OK /Users/scottseely/git/knowvah/plantuml-ts/test-results/dot-cache/class/meriso-72-tika033
OK /Users/scottseely/git/knowvah/plantuml-ts/test-results/dot-cache/class/mexaka-52-gati860
OK /Users/scottseely/git/knowvah/plantuml-ts/test-results/dot-cache/class/mezucu-18-lozi106
OK /Users/scottseely/git/knowvah/plantuml-ts/test-results/dot-cache/class/miliju-79-moti992
OK /Users/scottseely/git/knowvah/plantuml-ts/test-results/dot-cache/class/mimode-03-fupa211
OK /Users/scottseely/git/knowvah/plantuml-ts/test-results/dot-cache/class/minuko-19-pobo264
OK /Users/scottseely/git/knowvah/plantuml-ts/test-results/dot-cache/class/mizupo-59-zala765
OK /Users/scottseely/git/knowvah/plantuml-ts/test-results/dot-cache/class/mocoda-55-take697
OK /Users/scottseely/git/knowvah/plantuml-ts/test-results/dot-cache/class/modube-37-jiru720
OK /Users/scottseely/git/knowvah/plantuml-ts/test-results/dot-cache/class/momaku-69-duxe918
OK /Users/scottseely/git/knowvah/plantuml-ts/test-results/dot-cache/class/momoba-92-bole393
OK /Users/scottseely/git/knowvah/plantuml-ts/test-results/dot-cache/class/monoda-73-guto455
OK /Users/scottseely/git/knowvah/plantuml-ts/test-results/dot-cache/class/mopelo-04-fose807
OK /Users/scottseely/git/knowvah/plantuml-ts/test-results/dot-cache/class/mopesi-01-gapo101
OK /Users/scottseely/git/knowvah/plantuml-ts/test-results/dot-cache/class/morile-94-muda826
OK /Users/scottseely/git/knowvah/plantuml-ts/test-results/dot-cache/class/moxobo-16-tipo829
OK /Users/scottseely/git/knowvah/plantuml-ts/test-results/dot-cache/class/mububu-79-nalu431
OK /Users/scottseely/git/knowvah/plantuml-ts/test-results/dot-cache/class/mucoti-34-seve858
OK /Users/scottseely/git/knowvah/plantuml-ts/test-results/dot-cache/class/mucuxi-36-beku683
OK /Users/scottseely/git/knowvah/plantuml-ts/test-results/dot-cache/class/mudune-38-kide806
OK /Users/scottseely/git/knowvah/plantuml-ts/test-results/dot-cache/class/mugobo-34-fede498
OK /Users/scottseely/git/knowvah/plantuml-ts/test-results/dot-cache/class/mujopi-06-lusi222
OK /Users/scottseely/git/knowvah/plantuml-ts/test-results/dot-cache/class/mujopi-30-zadi566
OK /Users/scottseely/git/knowvah/plantuml-ts/test-results/dot-cache/class/mulafo-23-tove961
OK /Users/scottseely/git/knowvah/plantuml-ts/test-results/dot-cache/class/mumefa-23-xoxe715
OK /Users/scottseely/git/knowvah/plantuml-ts/test-results/dot-cache/class/munepa-74-lebe963
OK /Users/scottseely/git/knowvah/plantuml-ts/test-results/dot-cache/class/mupuzo-63-femu686
OK /Users/scottseely/git/knowvah/plantuml-ts/test-results/dot-cache/class/murifo-42-fepu514
OK /Users/scottseely/git/knowvah/plantuml-ts/test-results/dot-cache/class/murotu-83-cebo380
OK /Users/scottseely/git/knowvah/plantuml-ts/test-results/dot-cache/class/nacuzu-17-bepi660
OK /Users/scottseely/git/knowvah/plantuml-ts/test-results/dot-cache/class/nadaba-37-zaku242
OK /Users/scottseely/git/knowvah/plantuml-ts/test-results/dot-cache/class/nadepi-13-mufu566
OK /Users/scottseely/git/knowvah/plantuml-ts/test-results/dot-cache/class/nadono-22-gidu983
OK /Users/scottseely/git/knowvah/plantuml-ts/test-results/dot-cache/class/nafiki-56-jixu680
OK /Users/scottseely/git/knowvah/plantuml-ts/test-results/dot-cache/class/nagega-30-poso418
OK /Users/scottseely/git/knowvah/plantuml-ts/test-results/dot-cache/class/najuxe-66-nuzi850
OK /Users/scottseely/git/knowvah/plantuml-ts/test-results/dot-cache/class/nebovu-26-caxe550
OK /Users/scottseely/git/knowvah/plantuml-ts/test-results/dot-cache/class/nedeka-26-xora993
OK /Users/scottseely/git/knowvah/plantuml-ts/test-results/dot-cache/class/nekali-92-loda300
OK /Users/scottseely/git/knowvah/plantuml-ts/test-results/dot-cache/class/nenepe-70-keri784
OK /Users/scottseely/git/knowvah/plantuml-ts/test-results/dot-cache/class/nenexe-35-zere033
OK /Users/scottseely/git/knowvah/plantuml-ts/test-results/dot-cache/class/neruke-07-ruce381
OK /Users/scottseely/git/knowvah/plantuml-ts/test-results/dot-cache/class/nesivu-99-cexu403
OK /Users/scottseely/git/knowvah/plantuml-ts/test-results/dot-cache/class/nesuti-69-giza389
OK /Users/scottseely/git/knowvah/plantuml-ts/test-results/dot-cache/class/niboti-81-guja450
OK /Users/scottseely/git/knowvah/plantuml-ts/test-results/dot-cache/class/niduni-65-bujo175
OK /Users/scottseely/git/knowvah/plantuml-ts/test-results/dot-cache/class/nifiso-26-radi616
OK /Users/scottseely/git/knowvah/plantuml-ts/test-results/dot-cache/class/nijeli-04-ponu844
OK /Users/scottseely/git/knowvah/plantuml-ts/test-results/dot-cache/class/nikasi-18-niba407
OK /Users/scottseely/git/knowvah/plantuml-ts/test-results/dot-cache/class/nikoxo-78-dega884
OK /Users/scottseely/git/knowvah/plantuml-ts/test-results/dot-cache/class/ninuma-44-giza562
OK /Users/scottseely/git/knowvah/plantuml-ts/test-results/dot-cache/class/nipaci-26-mupo236
OK /Users/scottseely/git/knowvah/plantuml-ts/test-results/dot-cache/class/nirija-04-veti140
OK /Users/scottseely/git/knowvah/plantuml-ts/test-results/dot-cache/class/nisune-86-faji869
OK /Users/scottseely/git/knowvah/plantuml-ts/test-results/dot-cache/class/nitemi-09-nuza697
OK /Users/scottseely/git/knowvah/plantuml-ts/test-results/dot-cache/class/nivemi-28-cixe274
OK /Users/scottseely/git/knowvah/plantuml-ts/test-results/dot-cache/class/nixema-71-tuke505
OK /Users/scottseely/git/knowvah/plantuml-ts/test-results/dot-cache/class/nomeza-10-laba367
OK /Users/scottseely/git/knowvah/plantuml-ts/test-results/dot-cache/class/nopaca-69-voda316
OK /Users/scottseely/git/knowvah/plantuml-ts/test-results/dot-cache/class/novaro-13-socu897
OK /Users/scottseely/git/knowvah/plantuml-ts/test-results/dot-cache/class/nubisa-82-tuji339
OK /Users/scottseely/git/knowvah/plantuml-ts/test-results/dot-cache/class/nucido-62-nodu514
OK /Users/scottseely/git/knowvah/plantuml-ts/test-results/dot-cache/class/nucite-98-kuga991
OK /Users/scottseely/git/knowvah/plantuml-ts/test-results/dot-cache/class/nufini-44-jofo787
OK /Users/scottseely/git/knowvah/plantuml-ts/test-results/dot-cache/class/nugecu-04-tona107
OK /Users/scottseely/git/knowvah/plantuml-ts/test-results/dot-cache/class/nujiga-81-peno983
OK /Users/scottseely/git/knowvah/plantuml-ts/test-results/dot-cache/class/nuvake-96-gofe203
OK /Users/scottseely/git/knowvah/plantuml-ts/test-results/dot-cache/class/nuxoni-26-xala894
OK /Users/scottseely/git/knowvah/plantuml-ts/test-results/dot-cache/class/pabuma-15-zuga254
OK /Users/scottseely/git/knowvah/plantuml-ts/test-results/dot-cache/class/paburu-52-feso968
OK /Users/scottseely/git/knowvah/plantuml-ts/test-results/dot-cache/class/pacagu-24-nune023
OK /Users/scottseely/git/knowvah/plantuml-ts/test-results/dot-cache/class/pacuve-18-gaso238
OK /Users/scottseely/git/knowvah/plantuml-ts/test-results/dot-cache/class/padapo-73-beke177
OK /Users/scottseely/git/knowvah/plantuml-ts/test-results/dot-cache/class/padera-25-gite580
OK /Users/scottseely/git/knowvah/plantuml-ts/test-results/dot-cache/class/pafare-13-raje687
OK /Users/scottseely/git/knowvah/plantuml-ts/test-results/dot-cache/class/pajoka-72-reju527
OK /Users/scottseely/git/knowvah/plantuml-ts/test-results/dot-cache/class/pajuba-83-roji161
OK /Users/scottseely/git/knowvah/plantuml-ts/test-results/dot-cache/class/pakemi-72-cani346
OK /Users/scottseely/git/knowvah/plantuml-ts/test-results/dot-cache/class/paletu-13-done030
OK /Users/scottseely/git/knowvah/plantuml-ts/test-results/dot-cache/class/paluca-39-desa696
OK /Users/scottseely/git/knowvah/plantuml-ts/test-results/dot-cache/class/pareli-69-cixe116
OK /Users/scottseely/git/knowvah/plantuml-ts/test-results/dot-cache/class/paroxa-83-lofa387
OK /Users/scottseely/git/knowvah/plantuml-ts/test-results/dot-cache/class/pasova-33-toze386
OK /Users/scottseely/git/knowvah/plantuml-ts/test-results/dot-cache/class/paziji-13-jede796
OK /Users/scottseely/git/knowvah/plantuml-ts/test-results/dot-cache/class/pazipa-18-fevi111
OK /Users/scottseely/git/knowvah/plantuml-ts/test-results/dot-cache/class/pecabi-95-demu756
OK /Users/scottseely/git/knowvah/plantuml-ts/test-results/dot-cache/class/pecigo-88-bubu786
OK /Users/scottseely/git/knowvah/plantuml-ts/test-results/dot-cache/class/pegeso-72-mana305
OK /Users/scottseely/git/knowvah/plantuml-ts/test-results/dot-cache/class/pejone-71-tige404
OK /Users/scottseely/git/knowvah/plantuml-ts/test-results/dot-cache/class/petune-47-raxa157
OK /Users/scottseely/git/knowvah/plantuml-ts/test-results/dot-cache/class/pexivi-54-ceri875
OK /Users/scottseely/git/knowvah/plantuml-ts/test-results/dot-cache/class/pibifa-14-leno075
OK /Users/scottseely/git/knowvah/plantuml-ts/test-results/dot-cache/class/picija-82-jebu272
OK /Users/scottseely/git/knowvah/plantuml-ts/test-results/dot-cache/class/pidagu-83-dopu070
OK /Users/scottseely/git/knowvah/plantuml-ts/test-results/dot-cache/class/pijiju-95-xexi872
OK /Users/scottseely/git/knowvah/plantuml-ts/test-results/dot-cache/class/pijode-83-tiba954
OK /Users/scottseely/git/knowvah/plantuml-ts/test-results/dot-cache/class/pijoji-10-tazo455
OK /Users/scottseely/git/knowvah/plantuml-ts/test-results/dot-cache/class/pisake-59-jugi837
OK /Users/scottseely/git/knowvah/plantuml-ts/test-results/dot-cache/class/pisobo-93-sipa138
OK /Users/scottseely/git/knowvah/plantuml-ts/test-results/dot-cache/class/pixexi-81-sete111
OK /Users/scottseely/git/knowvah/plantuml-ts/test-results/dot-cache/class/pofabe-33-kizo628
OK /Users/scottseely/git/knowvah/plantuml-ts/test-results/dot-cache/class/pofebo-79-nape407
OK /Users/scottseely/git/knowvah/plantuml-ts/test-results/dot-cache/class/pofime-55-nana952
OK /Users/scottseely/git/knowvah/plantuml-ts/test-results/dot-cache/class/ponaxo-71-muze275
OK /Users/scottseely/git/knowvah/plantuml-ts/test-results/dot-cache/class/ponoko-58-sane430
OK /Users/scottseely/git/knowvah/plantuml-ts/test-results/dot-cache/class/ponono-25-fevo574
OK /Users/scottseely/git/knowvah/plantuml-ts/test-results/dot-cache/class/popesa-39-sobe866
OK /Users/scottseely/git/knowvah/plantuml-ts/test-results/dot-cache/class/pucebe-24-xebi219
OK /Users/scottseely/git/knowvah/plantuml-ts/test-results/dot-cache/class/pudata-29-vuze753
OK /Users/scottseely/git/knowvah/plantuml-ts/test-results/dot-cache/class/pukomu-34-poju929
OK /Users/scottseely/git/knowvah/plantuml-ts/test-results/dot-cache/class/pukuzu-30-zode181
OK /Users/scottseely/git/knowvah/plantuml-ts/test-results/dot-cache/class/pumocu-32-fiji248
OK /Users/scottseely/git/knowvah/plantuml-ts/test-results/dot-cache/class/puvono-84-doro361
OK /Users/scottseely/git/knowvah/plantuml-ts/test-results/dot-cache/class/puvugo-38-nuku299
OK /Users/scottseely/git/knowvah/plantuml-ts/test-results/dot-cache/class/radavi-85-samu213
OK /Users/scottseely/git/knowvah/plantuml-ts/test-results/dot-cache/class/ragona-89-fadi984
OK /Users/scottseely/git/knowvah/plantuml-ts/test-results/dot-cache/class/rakici-44-tivo701
OK /Users/scottseely/git/knowvah/plantuml-ts/test-results/dot-cache/class/rakopi-21-sufa571
OK /Users/scottseely/git/knowvah/plantuml-ts/test-results/dot-cache/class/rakuci-96-tuti371
OK /Users/scottseely/git/knowvah/plantuml-ts/test-results/dot-cache/class/redamu-00-guki879
OK /Users/scottseely/git/knowvah/plantuml-ts/test-results/dot-cache/class/refeku-65-gapu585
OK /Users/scottseely/git/knowvah/plantuml-ts/test-results/dot-cache/class/rejedu-76-moxu546
OK /Users/scottseely/git/knowvah/plantuml-ts/test-results/dot-cache/class/rekazo-16-jola519
OK /Users/scottseely/git/knowvah/plantuml-ts/test-results/dot-cache/class/remanu-84-sega129
OK /Users/scottseely/git/knowvah/plantuml-ts/test-results/dot-cache/class/remulu-24-zadi546
OK /Users/scottseely/git/knowvah/plantuml-ts/test-results/dot-cache/class/renezi-40-jupi466
OK /Users/scottseely/git/knowvah/plantuml-ts/test-results/dot-cache/class/repipi-06-dike782
OK /Users/scottseely/git/knowvah/plantuml-ts/test-results/dot-cache/class/repuga-78-xora226
OK /Users/scottseely/git/knowvah/plantuml-ts/test-results/dot-cache/class/rexexi-22-soga527
OK /Users/scottseely/git/knowvah/plantuml-ts/test-results/dot-cache/class/rezoba-58-xaze387
OK /Users/scottseely/git/knowvah/plantuml-ts/test-results/dot-cache/class/ribomo-92-naco581
OK /Users/scottseely/git/knowvah/plantuml-ts/test-results/dot-cache/class/ribove-58-tefu515
OK /Users/scottseely/git/knowvah/plantuml-ts/test-results/dot-cache/class/rideze-59-lizu265
OK /Users/scottseely/git/knowvah/plantuml-ts/test-results/dot-cache/class/rifuzu-80-nixo780
OK /Users/scottseely/git/knowvah/plantuml-ts/test-results/dot-cache/class/rilaki-69-cuni337
OK /Users/scottseely/git/knowvah/plantuml-ts/test-results/dot-cache/class/rilali-81-gifu188
OK /Users/scottseely/git/knowvah/plantuml-ts/test-results/dot-cache/class/ririlu-13-zipi740
OK /Users/scottseely/git/knowvah/plantuml-ts/test-results/dot-cache/class/rivake-42-lole723
OK /Users/scottseely/git/knowvah/plantuml-ts/test-results/dot-cache/class/rizazi-13-sepe706
OK /Users/scottseely/git/knowvah/plantuml-ts/test-results/dot-cache/class/rizexu-84-xujo903
OK /Users/scottseely/git/knowvah/plantuml-ts/test-results/dot-cache/class/rizufo-14-dadi153
OK /Users/scottseely/git/knowvah/plantuml-ts/test-results/dot-cache/class/rocere-18-faza042
OK /Users/scottseely/git/knowvah/plantuml-ts/test-results/dot-cache/class/rofijo-47-masa695
OK /Users/scottseely/git/knowvah/plantuml-ts/test-results/dot-cache/class/rojoxi-79-vimu822
OK /Users/scottseely/git/knowvah/plantuml-ts/test-results/dot-cache/class/romuco-53-sesu052
OK /Users/scottseely/git/knowvah/plantuml-ts/test-results/dot-cache/class/ronume-32-pexo538
OK /Users/scottseely/git/knowvah/plantuml-ts/test-results/dot-cache/class/ropera-76-jico895
OK /Users/scottseely/git/knowvah/plantuml-ts/test-results/dot-cache/class/ropola-55-ketu141
OK /Users/scottseely/git/knowvah/plantuml-ts/test-results/dot-cache/class/roputo-88-fuxo199
OK /Users/scottseely/git/knowvah/plantuml-ts/test-results/dot-cache/class/rotebe-88-nise503
OK /Users/scottseely/git/knowvah/plantuml-ts/test-results/dot-cache/class/rotisi-30-loge424
OK /Users/scottseely/git/knowvah/plantuml-ts/test-results/dot-cache/class/roxosu-00-pini153
OK /Users/scottseely/git/knowvah/plantuml-ts/test-results/dot-cache/class/rozudo-79-zavu288
OK /Users/scottseely/git/knowvah/plantuml-ts/test-results/dot-cache/class/rubecu-40-cixu870
OK /Users/scottseely/git/knowvah/plantuml-ts/test-results/dot-cache/class/rubuxe-58-peba652
OK /Users/scottseely/git/knowvah/plantuml-ts/test-results/dot-cache/class/rudigu-21-lici107
OK /Users/scottseely/git/knowvah/plantuml-ts/test-results/dot-cache/class/rudoxi-65-cegi339
OK /Users/scottseely/git/knowvah/plantuml-ts/test-results/dot-cache/class/rujace-11-vaci539
OK /Users/scottseely/git/knowvah/plantuml-ts/test-results/dot-cache/class/ruliki-78-biji661
OK /Users/scottseely/git/knowvah/plantuml-ts/test-results/dot-cache/class/rulite-35-muno361
OK /Users/scottseely/git/knowvah/plantuml-ts/test-results/dot-cache/class/runane-30-vena766
OK /Users/scottseely/git/knowvah/plantuml-ts/test-results/dot-cache/class/rusuzi-21-kile910
OK /Users/scottseely/git/knowvah/plantuml-ts/test-results/dot-cache/class/rutefe-49-xeju709
OK /Users/scottseely/git/knowvah/plantuml-ts/test-results/dot-cache/class/ruzibe-92-doti700
OK /Users/scottseely/git/knowvah/plantuml-ts/test-results/dot-cache/class/sadamo-18-siva346
OK /Users/scottseely/git/knowvah/plantuml-ts/test-results/dot-cache/class/sabaku-38-jeli592
OK /Users/scottseely/git/knowvah/plantuml-ts/test-results/dot-cache/class/sacacu-34-dobo091
OK /Users/scottseely/git/knowvah/plantuml-ts/test-results/dot-cache/class/sacala-27-firo431
OK /Users/scottseely/git/knowvah/plantuml-ts/test-results/dot-cache/class/salupu-93-neja895
OK /Users/scottseely/git/knowvah/plantuml-ts/test-results/dot-cache/class/sanixi-31-nofa193
OK /Users/scottseely/git/knowvah/plantuml-ts/test-results/dot-cache/class/sanusa-54-keda128
OK /Users/scottseely/git/knowvah/plantuml-ts/test-results/dot-cache/class/sapodo-57-voda654
OK /Users/scottseely/git/knowvah/plantuml-ts/test-results/dot-cache/class/sarovo-87-roza701
OK /Users/scottseely/git/knowvah/plantuml-ts/test-results/dot-cache/class/sasito-46-padu855
OK /Users/scottseely/git/knowvah/plantuml-ts/test-results/dot-cache/class/satuli-54-jija827
OK /Users/scottseely/git/knowvah/plantuml-ts/test-results/dot-cache/class/sefazi-02-defe499
OK /Users/scottseely/git/knowvah/plantuml-ts/test-results/dot-cache/class/sejuzo-42-fini523
OK /Users/scottseely/git/knowvah/plantuml-ts/test-results/dot-cache/class/sekame-22-meze147
OK /Users/scottseely/git/knowvah/plantuml-ts/test-results/dot-cache/class/senece-96-fomu913
OK /Users/scottseely/git/knowvah/plantuml-ts/test-results/dot-cache/class/sevaxa-72-pudi231
OK /Users/scottseely/git/knowvah/plantuml-ts/test-results/dot-cache/class/sicazi-62-duco028
OK /Users/scottseely/git/knowvah/plantuml-ts/test-results/dot-cache/class/sicege-73-zete701
OK /Users/scottseely/git/knowvah/plantuml-ts/test-results/dot-cache/class/sicile-99-pefa679
OK /Users/scottseely/git/knowvah/plantuml-ts/test-results/dot-cache/class/sigoji-75-mojo941
OK /Users/scottseely/git/knowvah/plantuml-ts/test-results/dot-cache/class/sijisi-94-ripu606
OK /Users/scottseely/git/knowvah/plantuml-ts/test-results/dot-cache/class/sijoba-16-rari847
OK /Users/scottseely/git/knowvah/plantuml-ts/test-results/dot-cache/class/siluti-87-sefa007
OK /Users/scottseely/git/knowvah/plantuml-ts/test-results/dot-cache/class/sipeke-79-zibi282
OK /Users/scottseely/git/knowvah/plantuml-ts/test-results/dot-cache/class/sipigu-91-baku027
OK /Users/scottseely/git/knowvah/plantuml-ts/test-results/dot-cache/class/sipimu-09-joma900
OK /Users/scottseely/git/knowvah/plantuml-ts/test-results/dot-cache/class/sirati-17-kuje089
OK /Users/scottseely/git/knowvah/plantuml-ts/test-results/dot-cache/class/sisolu-74-minu975
OK /Users/scottseely/git/knowvah/plantuml-ts/test-results/dot-cache/class/siteza-47-lixe343
OK /Users/scottseely/git/knowvah/plantuml-ts/test-results/dot-cache/class/soboro-52-pevi612
OK /Users/scottseely/git/knowvah/plantuml-ts/test-results/dot-cache/class/sodizo-26-salo123
OK /Users/scottseely/git/knowvah/plantuml-ts/test-results/dot-cache/class/sofagu-98-fezi999
OK /Users/scottseely/git/knowvah/plantuml-ts/test-results/dot-cache/class/sojave-47-pura962
OK /Users/scottseely/git/knowvah/plantuml-ts/test-results/dot-cache/class/sokevu-87-toce485
OK /Users/scottseely/git/knowvah/plantuml-ts/test-results/dot-cache/class/sokole-95-zuxe354
OK /Users/scottseely/git/knowvah/plantuml-ts/test-results/dot-cache/class/sonoci-68-ciza059
OK /Users/scottseely/git/knowvah/plantuml-ts/test-results/dot-cache/class/sosono-24-vuro518
OK /Users/scottseely/git/knowvah/plantuml-ts/test-results/dot-cache/class/sotepe-41-semo054
OK /Users/scottseely/git/knowvah/plantuml-ts/test-results/dot-cache/class/sovuxo-25-tepi226
OK /Users/scottseely/git/knowvah/plantuml-ts/test-results/dot-cache/class/style-stereotype-on-arrow-4
OK /Users/scottseely/git/knowvah/plantuml-ts/test-results/dot-cache/class/sufide-66-sanu583
OK /Users/scottseely/git/knowvah/plantuml-ts/test-results/dot-cache/class/sugifi-33-xefe083
OK /Users/scottseely/git/knowvah/plantuml-ts/test-results/dot-cache/class/sumocu-27-vubo674
OK /Users/scottseely/git/knowvah/plantuml-ts/test-results/dot-cache/class/sumule-00-pefa744
OK /Users/scottseely/git/knowvah/plantuml-ts/test-results/dot-cache/class/sutedi-60-rigi770
OK /Users/scottseely/git/knowvah/plantuml-ts/test-results/dot-cache/class/tabaxa-70-pomu341
OK /Users/scottseely/git/knowvah/plantuml-ts/test-results/dot-cache/class/taceve-49-mezi408
OK /Users/scottseely/git/knowvah/plantuml-ts/test-results/dot-cache/class/tacezi-12-rica461
OK /Users/scottseely/git/knowvah/plantuml-ts/test-results/dot-cache/class/tagofo-84-nuti362
OK /Users/scottseely/git/knowvah/plantuml-ts/test-results/dot-cache/class/takeze-87-zuge906
OK /Users/scottseely/git/knowvah/plantuml-ts/test-results/dot-cache/class/takove-63-tizi841
OK /Users/scottseely/git/knowvah/plantuml-ts/test-results/dot-cache/class/tamixa-86-jiku308
OK /Users/scottseely/git/knowvah/plantuml-ts/test-results/dot-cache/class/taxemo-34-buro609
OK /Users/scottseely/git/knowvah/plantuml-ts/test-results/dot-cache/class/tebito-30-cozi447
OK /Users/scottseely/git/knowvah/plantuml-ts/test-results/dot-cache/class/tebore-53-tese080
OK /Users/scottseely/git/knowvah/plantuml-ts/test-results/dot-cache/class/tedeba-19-lisi250
OK /Users/scottseely/git/knowvah/plantuml-ts/test-results/dot-cache/class/tegefa-14-koxo759
OK /Users/scottseely/git/knowvah/plantuml-ts/test-results/dot-cache/class/tegoxa-17-kudo421
OK /Users/scottseely/git/knowvah/plantuml-ts/test-results/dot-cache/class/tejena-50-nodo558
OK /Users/scottseely/git/knowvah/plantuml-ts/test-results/dot-cache/class/tekena-28-fobe713
OK /Users/scottseely/git/knowvah/plantuml-ts/test-results/dot-cache/class/teluve-08-moco846
OK /Users/scottseely/git/knowvah/plantuml-ts/test-results/dot-cache/class/temise-16-neco018
OK /Users/scottseely/git/knowvah/plantuml-ts/test-results/dot-cache/class/temofi-63-vega763
OK /Users/scottseely/git/knowvah/plantuml-ts/test-results/dot-cache/class/tenobo-24-liga464
OK /Users/scottseely/git/knowvah/plantuml-ts/test-results/dot-cache/class/tenomi-61-ceta987
OK /Users/scottseely/git/knowvah/plantuml-ts/test-results/dot-cache/class/tepazu-23-zapo261
OK /Users/scottseely/git/knowvah/plantuml-ts/test-results/dot-cache/class/tetedu-79-jame815
OK /Users/scottseely/git/knowvah/plantuml-ts/test-results/dot-cache/class/tibatu-28-jiro743
OK /Users/scottseely/git/knowvah/plantuml-ts/test-results/dot-cache/class/ticote-50-neno681
OK /Users/scottseely/git/knowvah/plantuml-ts/test-results/dot-cache/class/ticuxa-26-tixo262
OK /Users/scottseely/git/knowvah/plantuml-ts/test-results/dot-cache/class/tiguma-69-tovu135
OK /Users/scottseely/git/knowvah/plantuml-ts/test-results/dot-cache/class/tijira-61-fere730
OK /Users/scottseely/git/knowvah/plantuml-ts/test-results/dot-cache/class/tikovu-50-gale862
OK /Users/scottseely/git/knowvah/plantuml-ts/test-results/dot-cache/class/tilipa-86-suxi130
OK /Users/scottseely/git/knowvah/plantuml-ts/test-results/dot-cache/class/tipude-10-tizi427
OK /Users/scottseely/git/knowvah/plantuml-ts/test-results/dot-cache/class/tobigu-87-raci272
OK /Users/scottseely/git/knowvah/plantuml-ts/test-results/dot-cache/class/tokegi-55-doko929
OK /Users/scottseely/git/knowvah/plantuml-ts/test-results/dot-cache/class/tolavi-09-jovu646
OK /Users/scottseely/git/knowvah/plantuml-ts/test-results/dot-cache/class/tomoje-73-xoti295
OK /Users/scottseely/git/knowvah/plantuml-ts/test-results/dot-cache/class/tomuxi-86-juje957
OK /Users/scottseely/git/knowvah/plantuml-ts/test-results/dot-cache/class/topige-52-fiku910
OK /Users/scottseely/git/knowvah/plantuml-ts/test-results/dot-cache/class/tucesi-19-xato263
OK /Users/scottseely/git/knowvah/plantuml-ts/test-results/dot-cache/class/tugema-78-comi533
OK /Users/scottseely/git/knowvah/plantuml-ts/test-results/dot-cache/class/tuguku-78-zega630
OK /Users/scottseely/git/knowvah/plantuml-ts/test-results/dot-cache/class/tukaru-29-gopa708
OK /Users/scottseely/git/knowvah/plantuml-ts/test-results/dot-cache/class/tunelu-64-xica833
OK /Users/scottseely/git/knowvah/plantuml-ts/test-results/dot-cache/class/tuzipo-08-tixa575
OK /Users/scottseely/git/knowvah/plantuml-ts/test-results/dot-cache/class/vacole-77-vivo236
OK /Users/scottseely/git/knowvah/plantuml-ts/test-results/dot-cache/class/vafaka-92-xose973
OK /Users/scottseely/git/knowvah/plantuml-ts/test-results/dot-cache/class/vavure-50-gako950
OK /Users/scottseely/git/knowvah/plantuml-ts/test-results/dot-cache/class/vaxaza-84-gune985
OK /Users/scottseely/git/knowvah/plantuml-ts/test-results/dot-cache/class/vaxeku-10-peko225
OK /Users/scottseely/git/knowvah/plantuml-ts/test-results/dot-cache/class/vazizu-95-sari356
OK /Users/scottseely/git/knowvah/plantuml-ts/test-results/dot-cache/class/vebini-34-gapu710
OK /Users/scottseely/git/knowvah/plantuml-ts/test-results/dot-cache/class/vegubu-29-bomu147
OK /Users/scottseely/git/knowvah/plantuml-ts/test-results/dot-cache/class/vekime-22-buru589
OK /Users/scottseely/git/knowvah/plantuml-ts/test-results/dot-cache/class/verufu-58-jile750
OK /Users/scottseely/git/knowvah/plantuml-ts/test-results/dot-cache/class/vevoju-56-medu197
OK /Users/scottseely/git/knowvah/plantuml-ts/test-results/dot-cache/class/vezato-03-rafu718
OK /Users/scottseely/git/knowvah/plantuml-ts/test-results/dot-cache/class/vicuro-37-tese143
OK /Users/scottseely/git/knowvah/plantuml-ts/test-results/dot-cache/class/vileca-45-melo541
OK /Users/scottseely/git/knowvah/plantuml-ts/test-results/dot-cache/class/vilobu-97-leto330
OK /Users/scottseely/git/knowvah/plantuml-ts/test-results/dot-cache/class/vinujo-78-kapo329
OK /Users/scottseely/git/knowvah/plantuml-ts/test-results/dot-cache/class/vipejo-56-nubi928
OK /Users/scottseely/git/knowvah/plantuml-ts/test-results/dot-cache/class/vivifa-42-mire839
OK /Users/scottseely/git/knowvah/plantuml-ts/test-results/dot-cache/class/vivoca-57-pexu854
OK /Users/scottseely/git/knowvah/plantuml-ts/test-results/dot-cache/class/vofatu-71-garo486
OK /Users/scottseely/git/knowvah/plantuml-ts/test-results/dot-cache/class/vofuni-60-pepo292
OK /Users/scottseely/git/knowvah/plantuml-ts/test-results/dot-cache/class/vofuvu-97-juto275
OK /Users/scottseely/git/knowvah/plantuml-ts/test-results/dot-cache/class/vokati-75-gude769
OK /Users/scottseely/git/knowvah/plantuml-ts/test-results/dot-cache/class/vokulo-90-fado357
OK /Users/scottseely/git/knowvah/plantuml-ts/test-results/dot-cache/class/volexu-59-luva429
OK /Users/scottseely/git/knowvah/plantuml-ts/test-results/dot-cache/class/voluca-76-fosu617
OK /Users/scottseely/git/knowvah/plantuml-ts/test-results/dot-cache/class/vonago-16-zime449
OK /Users/scottseely/git/knowvah/plantuml-ts/test-results/dot-cache/class/vorimi-67-gudu296
OK /Users/scottseely/git/knowvah/plantuml-ts/test-results/dot-cache/class/vubofi-17-dedi529
OK /Users/scottseely/git/knowvah/plantuml-ts/test-results/dot-cache/class/vuciba-84-toke217
OK /Users/scottseely/git/knowvah/plantuml-ts/test-results/dot-cache/class/vudepo-27-cuvo793
OK /Users/scottseely/git/knowvah/plantuml-ts/test-results/dot-cache/class/vufuko-05-lapu034
OK /Users/scottseely/git/knowvah/plantuml-ts/test-results/dot-cache/class/vukonu-92-coto378
OK /Users/scottseely/git/knowvah/plantuml-ts/test-results/dot-cache/class/vukugu-90-kafo811
OK /Users/scottseely/git/knowvah/plantuml-ts/test-results/dot-cache/class/vumofo-35-vece504
OK /Users/scottseely/git/knowvah/plantuml-ts/test-results/dot-cache/class/vuneta-67-gija125
OK /Users/scottseely/git/knowvah/plantuml-ts/test-results/dot-cache/class/vuresa-33-kumu160
OK /Users/scottseely/git/knowvah/plantuml-ts/test-results/dot-cache/class/vusute-48-xono099
OK /Users/scottseely/git/knowvah/plantuml-ts/test-results/dot-cache/class/vutaki-77-seta063
OK /Users/scottseely/git/knowvah/plantuml-ts/test-results/dot-cache/class/vuvico-92-keza999
OK /Users/scottseely/git/knowvah/plantuml-ts/test-results/dot-cache/class/vuzeka-73-celo405
OK /Users/scottseely/git/knowvah/plantuml-ts/test-results/dot-cache/class/vuzesi-45-vuvu678
OK /Users/scottseely/git/knowvah/plantuml-ts/test-results/dot-cache/class/vuzoro-99-kizi978
OK /Users/scottseely/git/knowvah/plantuml-ts/test-results/dot-cache/class/xabije-20-xusi569
OK /Users/scottseely/git/knowvah/plantuml-ts/test-results/dot-cache/class/xacavi-18-leca211
OK /Users/scottseely/git/knowvah/plantuml-ts/test-results/dot-cache/class/xadado-92-lazo250
OK /Users/scottseely/git/knowvah/plantuml-ts/test-results/dot-cache/class/xajefo-97-julu315
OK /Users/scottseely/git/knowvah/plantuml-ts/test-results/dot-cache/class/xakatu-11-tapu041
OK /Users/scottseely/git/knowvah/plantuml-ts/test-results/dot-cache/class/xalaco-64-vuzu312
OK /Users/scottseely/git/knowvah/plantuml-ts/test-results/dot-cache/class/xamule-03-jeda376
OK /Users/scottseely/git/knowvah/plantuml-ts/test-results/dot-cache/class/xefeme-77-fagu709
OK /Users/scottseely/git/knowvah/plantuml-ts/test-results/dot-cache/class/xekeje-31-taba218
OK /Users/scottseely/git/knowvah/plantuml-ts/test-results/dot-cache/class/xemife-30-cada335
OK /Users/scottseely/git/knowvah/plantuml-ts/test-results/dot-cache/class/xemupo-45-misi775
OK /Users/scottseely/git/knowvah/plantuml-ts/test-results/dot-cache/class/xenere-07-kuji864
OK /Users/scottseely/git/knowvah/plantuml-ts/test-results/dot-cache/class/xeriju-13-gika499
OK /Users/scottseely/git/knowvah/plantuml-ts/test-results/dot-cache/class/xexapu-93-kuto175
OK /Users/scottseely/git/knowvah/plantuml-ts/test-results/dot-cache/class/xexaza-01-bane080
OK /Users/scottseely/git/knowvah/plantuml-ts/test-results/dot-cache/class/xexido-15-paxa075
OK /Users/scottseely/git/knowvah/plantuml-ts/test-results/dot-cache/class/xibibe-37-regi626
OK /Users/scottseely/git/knowvah/plantuml-ts/test-results/dot-cache/class/xicipi-57-bibe032
OK /Users/scottseely/git/knowvah/plantuml-ts/test-results/dot-cache/class/xidura-26-teki974
OK /Users/scottseely/git/knowvah/plantuml-ts/test-results/dot-cache/class/xifuza-00-paze682
OK /Users/scottseely/git/knowvah/plantuml-ts/test-results/dot-cache/class/ximuza-91-gena795
OK /Users/scottseely/git/knowvah/plantuml-ts/test-results/dot-cache/class/xitobu-41-lame230
OK /Users/scottseely/git/knowvah/plantuml-ts/test-results/dot-cache/class/xodopa-41-tazo512
OK /Users/scottseely/git/knowvah/plantuml-ts/test-results/dot-cache/class/xofumu-51-jozi528
OK /Users/scottseely/git/knowvah/plantuml-ts/test-results/dot-cache/class/xogixe-78-zuro619
OK /Users/scottseely/git/knowvah/plantuml-ts/test-results/dot-cache/class/xokipa-29-rafu481
OK /Users/scottseely/git/knowvah/plantuml-ts/test-results/dot-cache/class/xonamo-50-podo529
OK /Users/scottseely/git/knowvah/plantuml-ts/test-results/dot-cache/class/xopuku-46-nefa571
OK /Users/scottseely/git/knowvah/plantuml-ts/test-results/dot-cache/class/xosisa-09-tine238
OK /Users/scottseely/git/knowvah/plantuml-ts/test-results/dot-cache/class/xosiza-60-sobu480
OK /Users/scottseely/git/knowvah/plantuml-ts/test-results/dot-cache/class/xosupo-71-jeso490
OK /Users/scottseely/git/knowvah/plantuml-ts/test-results/dot-cache/class/xoteci-81-jena668
OK /Users/scottseely/git/knowvah/plantuml-ts/test-results/dot-cache/class/xoxega-30-vuju324
OK /Users/scottseely/git/knowvah/plantuml-ts/test-results/dot-cache/class/xoxuni-96-fere626
OK /Users/scottseely/git/knowvah/plantuml-ts/test-results/dot-cache/class/xucajo-42-fibe366
OK /Users/scottseely/git/knowvah/plantuml-ts/test-results/dot-cache/class/xumeli-52-keso732
OK /Users/scottseely/git/knowvah/plantuml-ts/test-results/dot-cache/class/xumofu-43-fode658
OK /Users/scottseely/git/knowvah/plantuml-ts/test-results/dot-cache/class/zadova-38-xamu320
OK /Users/scottseely/git/knowvah/plantuml-ts/test-results/dot-cache/class/zakufi-53-sofe736
OK /Users/scottseely/git/knowvah/plantuml-ts/test-results/dot-cache/class/zakuta-81-pese010
OK /Users/scottseely/git/knowvah/plantuml-ts/test-results/dot-cache/class/zalazo-34-livu931
OK /Users/scottseely/git/knowvah/plantuml-ts/test-results/dot-cache/class/zaloza-02-toti585
OK /Users/scottseely/git/knowvah/plantuml-ts/test-results/dot-cache/class/zapibo-38-kope984
OK /Users/scottseely/git/knowvah/plantuml-ts/test-results/dot-cache/class/zaxate-23-xifa551
OK /Users/scottseely/git/knowvah/plantuml-ts/test-results/dot-cache/class/zebama-63-xoza192
OK /Users/scottseely/git/knowvah/plantuml-ts/test-results/dot-cache/class/zebumi-72-cuba614
OK /Users/scottseely/git/knowvah/plantuml-ts/test-results/dot-cache/class/zegeso-35-xiko243
OK /Users/scottseely/git/knowvah/plantuml-ts/test-results/dot-cache/class/zejize-00-vivu578
OK /Users/scottseely/git/knowvah/plantuml-ts/test-results/dot-cache/class/zekexu-80-beco451
OK /Users/scottseely/git/knowvah/plantuml-ts/test-results/dot-cache/class/zekona-69-sifo120
OK /Users/scottseely/git/knowvah/plantuml-ts/test-results/dot-cache/class/zepeki-75-pifo352
OK /Users/scottseely/git/knowvah/plantuml-ts/test-results/dot-cache/class/zerofa-77-caro506
OK /Users/scottseely/git/knowvah/plantuml-ts/test-results/dot-cache/class/zeveme-09-reki569
OK /Users/scottseely/git/knowvah/plantuml-ts/test-results/dot-cache/class/zevupa-35-juto545
OK /Users/scottseely/git/knowvah/plantuml-ts/test-results/dot-cache/class/zijaso-54-gova798
OK /Users/scottseely/git/knowvah/plantuml-ts/test-results/dot-cache/class/zijupe-74-sake513
OK /Users/scottseely/git/knowvah/plantuml-ts/test-results/dot-cache/class/zikabo-17-gugi332
OK /Users/scottseely/git/knowvah/plantuml-ts/test-results/dot-cache/class/ziparo-17-joku307
OK /Users/scottseely/git/knowvah/plantuml-ts/test-results/dot-cache/class/ziripa-77-zizo842
OK /Users/scottseely/git/knowvah/plantuml-ts/test-results/dot-cache/class/ziromu-57-mima164
OK /Users/scottseely/git/knowvah/plantuml-ts/test-results/dot-cache/class/zirori-93-jefo337
OK /Users/scottseely/git/knowvah/plantuml-ts/test-results/dot-cache/class/ziruni-05-fona846
OK /Users/scottseely/git/knowvah/plantuml-ts/test-results/dot-cache/class/zofabi-70-core205
OK /Users/scottseely/git/knowvah/plantuml-ts/test-results/dot-cache/class/zofoji-16-mixu665
OK /Users/scottseely/git/knowvah/plantuml-ts/test-results/dot-cache/class/zogari-39-ziza794
OK /Users/scottseely/git/knowvah/plantuml-ts/test-results/dot-cache/class/zomeli-47-cote112
OK /Users/scottseely/git/knowvah/plantuml-ts/test-results/dot-cache/class/zomidu-04-fizu253
OK /Users/scottseely/git/knowvah/plantuml-ts/test-results/dot-cache/class/zosaxa-86-mora157
OK /Users/scottseely/git/knowvah/plantuml-ts/test-results/dot-cache/class/zosero-71-camu332
OK /Users/scottseely/git/knowvah/plantuml-ts/test-results/dot-cache/class/zubevi-64-fume582
OK /Users/scottseely/git/knowvah/plantuml-ts/test-results/dot-cache/class/zuduxu-90-kosi876
OK /Users/scottseely/git/knowvah/plantuml-ts/test-results/dot-cache/class/zucedi-63-rugu584
OK /Users/scottseely/git/knowvah/plantuml-ts/test-results/dot-cache/class/zudogo-24-vefe793
OK /Users/scottseely/git/knowvah/plantuml-ts/test-results/dot-cache/class/zukice-84-tedu426
OK /Users/scottseely/git/knowvah/plantuml-ts/test-results/dot-cache/class/zuramo-86-liku129
OK /Users/scottseely/git/knowvah/plantuml-ts/test-results/dot-cache/class/zuvidi-97-dabu702
OK /Users/scottseely/git/knowvah/plantuml-ts/test-results/dot-cache/class/zuxore-81-ruti283
OK /Users/scottseely/git/knowvah/plantuml-ts/test-results/dot-cache/class/zuxoxu-54-pejo512
OK /Users/scottseely/git/knowvah/plantuml-ts/test-results/dot-cache/component/babafi-51-dixi026
OK /Users/scottseely/git/knowvah/plantuml-ts/test-results/dot-cache/component/bagoze-78-lada681
OK /Users/scottseely/git/knowvah/plantuml-ts/test-results/dot-cache/component/balipa-82-feto843
OK /Users/scottseely/git/knowvah/plantuml-ts/test-results/dot-cache/component/balomu-94-kegi822
OK /Users/scottseely/git/knowvah/plantuml-ts/test-results/dot-cache/component/balopu-66-jagu236
OK /Users/scottseely/git/knowvah/plantuml-ts/test-results/dot-cache/component/balotu-54-tuxu203
OK /Users/scottseely/git/knowvah/plantuml-ts/test-results/dot-cache/component/banatu-09-koce254
OK /Users/scottseely/git/knowvah/plantuml-ts/test-results/dot-cache/component/basetu-75-xevi153
OK /Users/scottseely/git/knowvah/plantuml-ts/test-results/dot-cache/component/bekeno-37-luna380
OK /Users/scottseely/git/knowvah/plantuml-ts/test-results/dot-cache/component/berelu-46-namo819
OK /Users/scottseely/git/knowvah/plantuml-ts/test-results/dot-cache/component/berome-43-xini276
OK /Users/scottseely/git/knowvah/plantuml-ts/test-results/dot-cache/component/betidu-24-xuku720
OK /Users/scottseely/git/knowvah/plantuml-ts/test-results/dot-cache/component/bijoko-90-riro507
OK /Users/scottseely/git/knowvah/plantuml-ts/test-results/dot-cache/component/bisedo-29-kone620
OK /Users/scottseely/git/knowvah/plantuml-ts/test-results/dot-cache/component/bitexe-13-mopa885
OK /Users/scottseely/git/knowvah/plantuml-ts/test-results/dot-cache/component/bokumi-45-pupo531
OK /Users/scottseely/git/knowvah/plantuml-ts/test-results/dot-cache/component/bozana-38-xufi750
OK /Users/scottseely/git/knowvah/plantuml-ts/test-results/dot-cache/component/bozoju-49-kufo528
OK /Users/scottseely/git/knowvah/plantuml-ts/test-results/dot-cache/component/bubemi-25-noxu873
OK /Users/scottseely/git/knowvah/plantuml-ts/test-results/dot-cache/component/buduco-56-jeke005
OK /Users/scottseely/git/knowvah/plantuml-ts/test-results/dot-cache/component/buduni-98-bima526
OK /Users/scottseely/git/knowvah/plantuml-ts/test-results/dot-cache/component/buduxo-54-tubo525
OK /Users/scottseely/git/knowvah/plantuml-ts/test-results/dot-cache/component/bujige-52-gase998
OK /Users/scottseely/git/knowvah/plantuml-ts/test-results/dot-cache/component/bukece-71-miku542
OK /Users/scottseely/git/knowvah/plantuml-ts/test-results/dot-cache/component/butebe-90-dozo380
OK /Users/scottseely/git/knowvah/plantuml-ts/test-results/dot-cache/component/catari-10-xiza828
OK /Users/scottseely/git/knowvah/plantuml-ts/test-results/dot-cache/component/cedosa-23-nini915
OK /Users/scottseely/git/knowvah/plantuml-ts/test-results/dot-cache/component/cegale-42-loxa672
OK /Users/scottseely/git/knowvah/plantuml-ts/test-results/dot-cache/component/cemutu-31-tuxe792
OK /Users/scottseely/git/knowvah/plantuml-ts/test-results/dot-cache/component/cenoja-47-rodu998
OK /Users/scottseely/git/knowvah/plantuml-ts/test-results/dot-cache/component/ciboso-93-romi495
OK /Users/scottseely/git/knowvah/plantuml-ts/test-results/dot-cache/component/cifaki-66-boxa005
OK /Users/scottseely/git/knowvah/plantuml-ts/test-results/dot-cache/component/cigite-14-kane677
OK /Users/scottseely/git/knowvah/plantuml-ts/test-results/dot-cache/component/cobadu-43-gabi397
OK /Users/scottseely/git/knowvah/plantuml-ts/test-results/dot-cache/component/codabo-50-mupa164
OK /Users/scottseely/git/knowvah/plantuml-ts/test-results/dot-cache/component/cojege-69-ruku138
OK /Users/scottseely/git/knowvah/plantuml-ts/test-results/dot-cache/component/cudazo-20-silo903
OK /Users/scottseely/git/knowvah/plantuml-ts/test-results/dot-cache/component/cukafa-49-fona812
OK /Users/scottseely/git/knowvah/plantuml-ts/test-results/dot-cache/component/cumofi-94-lixe862
OK /Users/scottseely/git/knowvah/plantuml-ts/test-results/dot-cache/component/cusubu-18-xacu379
OK /Users/scottseely/git/knowvah/plantuml-ts/test-results/dot-cache/component/cuxeda-73-semi910
OK /Users/scottseely/git/knowvah/plantuml-ts/test-results/dot-cache/component/cuxelu-66-zopu195
OK /Users/scottseely/git/knowvah/plantuml-ts/test-results/dot-cache/component/daxija-24-pozu867
OK /Users/scottseely/git/knowvah/plantuml-ts/test-results/dot-cache/component/detona-13-ziko113
OK /Users/scottseely/git/knowvah/plantuml-ts/test-results/dot-cache/component/dexigu-24-deru622
OK /Users/scottseely/git/knowvah/plantuml-ts/test-results/dot-cache/component/diduxa-76-zimu664
OK /Users/scottseely/git/knowvah/plantuml-ts/test-results/dot-cache/component/dikexa-30-jobu917
OK /Users/scottseely/git/knowvah/plantuml-ts/test-results/dot-cache/component/dinejo-36-mite007
OK /Users/scottseely/git/knowvah/plantuml-ts/test-results/dot-cache/component/dirofi-81-cuga514
OK /Users/scottseely/git/knowvah/plantuml-ts/test-results/dot-cache/component/dodeni-90-xizu677
OK /Users/scottseely/git/knowvah/plantuml-ts/test-results/dot-cache/component/dozudi-14-sevu997
OK /Users/scottseely/git/knowvah/plantuml-ts/test-results/dot-cache/component/dugovi-24-kupu658
OK /Users/scottseely/git/knowvah/plantuml-ts/test-results/dot-cache/component/dujodu-23-viba393
OK /Users/scottseely/git/knowvah/plantuml-ts/test-results/dot-cache/component/duvoru-86-lubo341
OK /Users/scottseely/git/knowvah/plantuml-ts/test-results/dot-cache/component/fafeze-50-jomi091
OK /Users/scottseely/git/knowvah/plantuml-ts/test-results/dot-cache/component/fanija-24-xogo706
OK /Users/scottseely/git/knowvah/plantuml-ts/test-results/dot-cache/component/fasave-91-jaka816
OK /Users/scottseely/git/knowvah/plantuml-ts/test-results/dot-cache/component/favega-89-rado990
OK /Users/scottseely/git/knowvah/plantuml-ts/test-results/dot-cache/component/fetefi-28-figu176
OK /Users/scottseely/git/knowvah/plantuml-ts/test-results/dot-cache/component/fidati-41-kofe029
OK /Users/scottseely/git/knowvah/plantuml-ts/test-results/dot-cache/component/figika-36-sola271
OK /Users/scottseely/git/knowvah/plantuml-ts/test-results/dot-cache/component/fijido-06-kapu656
OK /Users/scottseely/git/knowvah/plantuml-ts/test-results/dot-cache/component/fimoxe-74-sobi956
OK /Users/scottseely/git/knowvah/plantuml-ts/test-results/dot-cache/component/foboxa-33-menu312
OK /Users/scottseely/git/knowvah/plantuml-ts/test-results/dot-cache/component/fodena-72-sule202
OK /Users/scottseely/git/knowvah/plantuml-ts/test-results/dot-cache/component/fogexa-24-lavi583
OK /Users/scottseely/git/knowvah/plantuml-ts/test-results/dot-cache/component/fojamu-08-veku866
OK /Users/scottseely/git/knowvah/plantuml-ts/test-results/dot-cache/component/fopako-15-labi027
OK /Users/scottseely/git/knowvah/plantuml-ts/test-results/dot-cache/component/fuzula-86-temo881
OK /Users/scottseely/git/knowvah/plantuml-ts/test-results/dot-cache/component/gabogi-09-zoda184
OK /Users/scottseely/git/knowvah/plantuml-ts/test-results/dot-cache/component/gacida-77-joku810
OK /Users/scottseely/git/knowvah/plantuml-ts/test-results/dot-cache/component/gafegu-06-nito976
OK /Users/scottseely/git/knowvah/plantuml-ts/test-results/dot-cache/component/gafico-37-cuma657
OK /Users/scottseely/git/knowvah/plantuml-ts/test-results/dot-cache/component/garopu-71-riri890
OK /Users/scottseely/git/knowvah/plantuml-ts/test-results/dot-cache/component/gekage-52-dato745
OK /Users/scottseely/git/knowvah/plantuml-ts/test-results/dot-cache/component/gekato-87-lisi598
OK /Users/scottseely/git/knowvah/plantuml-ts/test-results/dot-cache/component/gevaje-94-sajo802
OK /Users/scottseely/git/knowvah/plantuml-ts/test-results/dot-cache/component/gevozu-46-sasu860
OK /Users/scottseely/git/knowvah/plantuml-ts/test-results/dot-cache/component/gezemu-34-kamu453
OK /Users/scottseely/git/knowvah/plantuml-ts/test-results/dot-cache/component/givape-84-xano421
OK /Users/scottseely/git/knowvah/plantuml-ts/test-results/dot-cache/component/gocexi-61-biso565
OK /Users/scottseely/git/knowvah/plantuml-ts/test-results/dot-cache/component/gogosu-37-mipe918
OK /Users/scottseely/git/knowvah/plantuml-ts/test-results/dot-cache/component/golati-24-xika861
OK /Users/scottseely/git/knowvah/plantuml-ts/test-results/dot-cache/component/gopomi-26-pome923
OK /Users/scottseely/git/knowvah/plantuml-ts/test-results/dot-cache/component/gotofu-80-joku316
OK /Users/scottseely/git/knowvah/plantuml-ts/test-results/dot-cache/component/gucefa-91-pume734
OK /Users/scottseely/git/knowvah/plantuml-ts/test-results/dot-cache/component/gurive-62-ricu497
OK /Users/scottseely/git/knowvah/plantuml-ts/test-results/dot-cache/component/gutute-00-gaki684
OK /Users/scottseely/git/knowvah/plantuml-ts/test-results/dot-cache/component/jazabe-68-bica131
OK /Users/scottseely/git/knowvah/plantuml-ts/test-results/dot-cache/component/jebovo-64-rasa849
OK /Users/scottseely/git/knowvah/plantuml-ts/test-results/dot-cache/component/jegure-48-cesi766
OK /Users/scottseely/git/knowvah/plantuml-ts/test-results/dot-cache/component/jenivo-18-zuku513
OK /Users/scottseely/git/knowvah/plantuml-ts/test-results/dot-cache/component/jesibe-85-sozu187
OK /Users/scottseely/git/knowvah/plantuml-ts/test-results/dot-cache/component/jolaru-18-dofi669
OK /Users/scottseely/git/knowvah/plantuml-ts/test-results/dot-cache/component/josoxo-49-taci997
OK /Users/scottseely/git/knowvah/plantuml-ts/test-results/dot-cache/component/junoxu-15-gori632
OK /Users/scottseely/git/knowvah/plantuml-ts/test-results/dot-cache/component/juvucu-92-bugo434
OK /Users/scottseely/git/knowvah/plantuml-ts/test-results/dot-cache/component/kabasu-44-caxu950
OK /Users/scottseely/git/knowvah/plantuml-ts/test-results/dot-cache/component/kacite-73-sobe773
OK /Users/scottseely/git/knowvah/plantuml-ts/test-results/dot-cache/component/kafopo-19-doxu941
OK /Users/scottseely/git/knowvah/plantuml-ts/test-results/dot-cache/component/kagapo-72-cofe085
OK /Users/scottseely/git/knowvah/plantuml-ts/test-results/dot-cache/component/kanute-77-lacu414
OK /Users/scottseely/git/knowvah/plantuml-ts/test-results/dot-cache/component/katane-80-xeka153
OK /Users/scottseely/git/knowvah/plantuml-ts/test-results/dot-cache/component/kavico-81-sonu694
OK /Users/scottseely/git/knowvah/plantuml-ts/test-results/dot-cache/component/kenece-24-juku624
OK /Users/scottseely/git/knowvah/plantuml-ts/test-results/dot-cache/component/keniji-18-tupu819
OK /Users/scottseely/git/knowvah/plantuml-ts/test-results/dot-cache/component/kezodo-14-pume985
OK /Users/scottseely/git/knowvah/plantuml-ts/test-results/dot-cache/component/kizobu-64-rozo458
OK /Users/scottseely/git/knowvah/plantuml-ts/test-results/dot-cache/component/kofovu-01-niti223
OK /Users/scottseely/git/knowvah/plantuml-ts/test-results/dot-cache/component/kokebo-27-vafi688
OK /Users/scottseely/git/knowvah/plantuml-ts/test-results/dot-cache/component/kokodo-61-dano461
OK /Users/scottseely/git/knowvah/plantuml-ts/test-results/dot-cache/component/koxeca-82-mese950
OK /Users/scottseely/git/knowvah/plantuml-ts/test-results/dot-cache/component/kucabo-74-cora635
OK /Users/scottseely/git/knowvah/plantuml-ts/test-results/dot-cache/component/kuciku-99-tedu217
OK /Users/scottseely/git/knowvah/plantuml-ts/test-results/dot-cache/component/kumefo-73-xodu411
OK /Users/scottseely/git/knowvah/plantuml-ts/test-results/dot-cache/component/lakuti-06-dobi447
OK /Users/scottseely/git/knowvah/plantuml-ts/test-results/dot-cache/component/lesori-32-zeve057
OK /Users/scottseely/git/knowvah/plantuml-ts/test-results/dot-cache/component/levuxi-16-fotu885
OK /Users/scottseely/git/knowvah/plantuml-ts/test-results/dot-cache/component/licapa-79-kepo009
OK /Users/scottseely/git/knowvah/plantuml-ts/test-results/dot-cache/component/lobute-63-tizi096
OK /Users/scottseely/git/knowvah/plantuml-ts/test-results/dot-cache/component/lopite-93-vevo106
OK /Users/scottseely/git/knowvah/plantuml-ts/test-results/dot-cache/component/loroto-06-fano471
OK /Users/scottseely/git/knowvah/plantuml-ts/test-results/dot-cache/component/lotofa-28-rudo664
OK /Users/scottseely/git/knowvah/plantuml-ts/test-results/dot-cache/component/lovapo-83-xilo457
OK /Users/scottseely/git/knowvah/plantuml-ts/test-results/dot-cache/component/lufiba-62-dubi670
OK /Users/scottseely/git/knowvah/plantuml-ts/test-results/dot-cache/component/luniju-97-tuja870
OK /Users/scottseely/git/knowvah/plantuml-ts/test-results/dot-cache/component/lurupu-11-fubo915
OK /Users/scottseely/git/knowvah/plantuml-ts/test-results/dot-cache/component/malado-53-noso561
OK /Users/scottseely/git/knowvah/plantuml-ts/test-results/dot-cache/component/mamase-39-buto560
OK /Users/scottseely/git/knowvah/plantuml-ts/test-results/dot-cache/component/mavicu-17-mago821
OK /Users/scottseely/git/knowvah/plantuml-ts/test-results/dot-cache/component/mavuxi-16-jafi782
OK /Users/scottseely/git/knowvah/plantuml-ts/test-results/dot-cache/component/mejoxi-96-cegu294
OK /Users/scottseely/git/knowvah/plantuml-ts/test-results/dot-cache/component/mekimu-46-luzu886
OK /Users/scottseely/git/knowvah/plantuml-ts/test-results/dot-cache/component/mevupe-82-meva605
OK /Users/scottseely/git/knowvah/plantuml-ts/test-results/dot-cache/component/mifexu-61-tada457
OK /Users/scottseely/git/knowvah/plantuml-ts/test-results/dot-cache/component/mifuvu-23-kalu239
OK /Users/scottseely/git/knowvah/plantuml-ts/test-results/dot-cache/component/minulo-12-bare186
OK /Users/scottseely/git/knowvah/plantuml-ts/test-results/dot-cache/component/misube-65-seni576
OK /Users/scottseely/git/knowvah/plantuml-ts/test-results/dot-cache/component/mobugi-89-tine417
OK /Users/scottseely/git/knowvah/plantuml-ts/test-results/dot-cache/component/mucezi-78-ciki658
OK /Users/scottseely/git/knowvah/plantuml-ts/test-results/dot-cache/component/murava-69-tago286
OK /Users/scottseely/git/knowvah/plantuml-ts/test-results/dot-cache/component/nadocu-64-juba262
OK /Users/scottseely/git/knowvah/plantuml-ts/test-results/dot-cache/component/nafuta-52-pomo915
OK /Users/scottseely/git/knowvah/plantuml-ts/test-results/dot-cache/component/nedapu-57-dife142
OK /Users/scottseely/git/knowvah/plantuml-ts/test-results/dot-cache/component/nevuzi-33-duna992
OK /Users/scottseely/git/knowvah/plantuml-ts/test-results/dot-cache/component/nibige-54-voki590
OK /Users/scottseely/git/knowvah/plantuml-ts/test-results/dot-cache/component/nidemo-97-domu132
OK /Users/scottseely/git/knowvah/plantuml-ts/test-results/dot-cache/component/nidome-87-xesa939
OK /Users/scottseely/git/knowvah/plantuml-ts/test-results/dot-cache/component/nipoga-91-nole703
OK /Users/scottseely/git/knowvah/plantuml-ts/test-results/dot-cache/component/nofunu-07-tuna518
OK /Users/scottseely/git/knowvah/plantuml-ts/test-results/dot-cache/component/nufofe-18-xani887
OK /Users/scottseely/git/knowvah/plantuml-ts/test-results/dot-cache/component/nujito-06-neca370
OK /Users/scottseely/git/knowvah/plantuml-ts/test-results/dot-cache/component/nujove-77-xiva558
OK /Users/scottseely/git/knowvah/plantuml-ts/test-results/dot-cache/component/nunibu-79-vucu711
OK /Users/scottseely/git/knowvah/plantuml-ts/test-results/dot-cache/component/nuxamo-38-vuxa816
OK /Users/scottseely/git/knowvah/plantuml-ts/test-results/dot-cache/component/nuxebu-15-sixe797
OK /Users/scottseely/git/knowvah/plantuml-ts/test-results/dot-cache/component/pafefo-52-zeli644
OK /Users/scottseely/git/knowvah/plantuml-ts/test-results/dot-cache/component/pafoxe-99-xulo156
OK /Users/scottseely/git/knowvah/plantuml-ts/test-results/dot-cache/component/pamake-46-sadu464
OK /Users/scottseely/git/knowvah/plantuml-ts/test-results/dot-cache/component/pebace-74-cuca176
OK /Users/scottseely/git/knowvah/plantuml-ts/test-results/dot-cache/component/pegali-65-rotu416
OK /Users/scottseely/git/knowvah/plantuml-ts/test-results/dot-cache/component/pemifo-35-kute324
OK /Users/scottseely/git/knowvah/plantuml-ts/test-results/dot-cache/component/pepego-30-kati324
OK /Users/scottseely/git/knowvah/plantuml-ts/test-results/dot-cache/component/perapa-23-mobu798
OK /Users/scottseely/git/knowvah/plantuml-ts/test-results/dot-cache/component/ponare-43-kazu160
OK /Users/scottseely/git/knowvah/plantuml-ts/test-results/dot-cache/component/povuju-56-zafi701
OK /Users/scottseely/git/knowvah/plantuml-ts/test-results/dot-cache/component/purevo-74-pamo264
OK /Users/scottseely/git/knowvah/plantuml-ts/test-results/dot-cache/component/radiga-95-junu817
OK /Users/scottseely/git/knowvah/plantuml-ts/test-results/dot-cache/component/rapaji-98-xato067
OK /Users/scottseely/git/knowvah/plantuml-ts/test-results/dot-cache/component/ravodu-50-siso430
OK /Users/scottseely/git/knowvah/plantuml-ts/test-results/dot-cache/component/raxata-43-buni314
OK /Users/scottseely/git/knowvah/plantuml-ts/test-results/dot-cache/component/rekisu-47-pesa949
OK /Users/scottseely/git/knowvah/plantuml-ts/test-results/dot-cache/component/renita-52-jazi848
OK /Users/scottseely/git/knowvah/plantuml-ts/test-results/dot-cache/component/repite-70-vabe533
OK /Users/scottseely/git/knowvah/plantuml-ts/test-results/dot-cache/component/repoge-41-demu604
OK /Users/scottseely/git/knowvah/plantuml-ts/test-results/dot-cache/component/reroca-56-safi108
OK /Users/scottseely/git/knowvah/plantuml-ts/test-results/dot-cache/component/revusu-28-pexi248
OK /Users/scottseely/git/knowvah/plantuml-ts/test-results/dot-cache/component/rigoge-48-ziso050
OK /Users/scottseely/git/knowvah/plantuml-ts/test-results/dot-cache/component/rimiku-31-cigo272
OK /Users/scottseely/git/knowvah/plantuml-ts/test-results/dot-cache/component/riradu-09-xipo824
OK /Users/scottseely/git/knowvah/plantuml-ts/test-results/dot-cache/component/romuco-28-zafo015
OK /Users/scottseely/git/knowvah/plantuml-ts/test-results/dot-cache/component/ruciga-77-ruja233
OK /Users/scottseely/git/knowvah/plantuml-ts/test-results/dot-cache/component/sacuso-94-gugi476
OK /Users/scottseely/git/knowvah/plantuml-ts/test-results/dot-cache/component/sakare-67-voci462
OK /Users/scottseely/git/knowvah/plantuml-ts/test-results/dot-cache/component/saroje-26-vabi530
OK /Users/scottseely/git/knowvah/plantuml-ts/test-results/dot-cache/component/saveja-25-bezi839
OK /Users/scottseely/git/knowvah/plantuml-ts/test-results/dot-cache/component/saveje-35-vumu271
OK /Users/scottseely/git/knowvah/plantuml-ts/test-results/dot-cache/component/saxosu-09-nodi002
OK /Users/scottseely/git/knowvah/plantuml-ts/test-results/dot-cache/component/seguci-13-zure968
OK /Users/scottseely/git/knowvah/plantuml-ts/test-results/dot-cache/component/sevage-80-seva382
OK /Users/scottseely/git/knowvah/plantuml-ts/test-results/dot-cache/component/silito-78-vubi253
OK /Users/scottseely/git/knowvah/plantuml-ts/test-results/dot-cache/component/sipuma-82-fene185
OK /Users/scottseely/git/knowvah/plantuml-ts/test-results/dot-cache/component/siseda-71-napu395
OK /Users/scottseely/git/knowvah/plantuml-ts/test-results/dot-cache/component/sobobi-72-miri289
OK /Users/scottseely/git/knowvah/plantuml-ts/test-results/dot-cache/component/sodoza-93-nanu557
OK /Users/scottseely/git/knowvah/plantuml-ts/test-results/dot-cache/component/sojika-99-dopa449
OK /Users/scottseely/git/knowvah/plantuml-ts/test-results/dot-cache/component/somugi-21-doli483
OK /Users/scottseely/git/knowvah/plantuml-ts/test-results/dot-cache/component/style-stereotype-on-arrow-1
OK /Users/scottseely/git/knowvah/plantuml-ts/test-results/dot-cache/component/sufedi-40-baki261
OK /Users/scottseely/git/knowvah/plantuml-ts/test-results/dot-cache/component/sugaca-11-boma467
OK /Users/scottseely/git/knowvah/plantuml-ts/test-results/dot-cache/component/sunuju-01-pote718
OK /Users/scottseely/git/knowvah/plantuml-ts/test-results/dot-cache/component/suzemi-86-kuma659
OK /Users/scottseely/git/knowvah/plantuml-ts/test-results/dot-cache/component/tacixe-99-gesi489
OK /Users/scottseely/git/knowvah/plantuml-ts/test-results/dot-cache/component/tajadu-40-juro990
OK /Users/scottseely/git/knowvah/plantuml-ts/test-results/dot-cache/component/tajuki-26-bime046
OK /Users/scottseely/git/knowvah/plantuml-ts/test-results/dot-cache/component/tatofi-90-vali632
OK /Users/scottseely/git/knowvah/plantuml-ts/test-results/dot-cache/component/temufu-00-rira888
OK /Users/scottseely/git/knowvah/plantuml-ts/test-results/dot-cache/component/texacu-57-daci050
OK /Users/scottseely/git/knowvah/plantuml-ts/test-results/dot-cache/component/tijexo-10-zipo222
OK /Users/scottseely/git/knowvah/plantuml-ts/test-results/dot-cache/component/tilexe-28-fiju280
OK /Users/scottseely/git/knowvah/plantuml-ts/test-results/dot-cache/component/titona-45-jile471
OK /Users/scottseely/git/knowvah/plantuml-ts/test-results/dot-cache/component/tizuza-93-xeto109
OK /Users/scottseely/git/knowvah/plantuml-ts/test-results/dot-cache/component/tojitu-03-ruto643
OK /Users/scottseely/git/knowvah/plantuml-ts/test-results/dot-cache/component/toxine-81-xofo986
OK /Users/scottseely/git/knowvah/plantuml-ts/test-results/dot-cache/component/tujica-34-tire129
OK /Users/scottseely/git/knowvah/plantuml-ts/test-results/dot-cache/component/tukipe-82-ziva562
OK /Users/scottseely/git/knowvah/plantuml-ts/test-results/dot-cache/component/tuliba-37-liza126
OK /Users/scottseely/git/knowvah/plantuml-ts/test-results/dot-cache/component/turasu-73-zoni468
OK /Users/scottseely/git/knowvah/plantuml-ts/test-results/dot-cache/component/tusugu-95-geju398
OK /Users/scottseely/git/knowvah/plantuml-ts/test-results/dot-cache/component/vacuxi-18-baxu582
OK /Users/scottseely/git/knowvah/plantuml-ts/test-results/dot-cache/component/vajaxu-62-poto986
OK /Users/scottseely/git/knowvah/plantuml-ts/test-results/dot-cache/component/vapalu-27-muxa300
OK /Users/scottseely/git/knowvah/plantuml-ts/test-results/dot-cache/component/vaseda-71-suje167
OK /Users/scottseely/git/knowvah/plantuml-ts/test-results/dot-cache/component/veboxo-36-nupe102
OK /Users/scottseely/git/knowvah/plantuml-ts/test-results/dot-cache/component/venoti-11-seza115
OK /Users/scottseely/git/knowvah/plantuml-ts/test-results/dot-cache/component/vimulo-11-buni641
OK /Users/scottseely/git/knowvah/plantuml-ts/test-results/dot-cache/component/vixeni-34-nici683
OK /Users/scottseely/git/knowvah/plantuml-ts/test-results/dot-cache/component/vogefo-33-xeve917
OK /Users/scottseely/git/knowvah/plantuml-ts/test-results/dot-cache/component/vonipa-26-pudo091
OK /Users/scottseely/git/knowvah/plantuml-ts/test-results/dot-cache/component/vosapi-62-mugu541
OK /Users/scottseely/git/knowvah/plantuml-ts/test-results/dot-cache/component/vosiju-58-cixu268
OK /Users/scottseely/git/knowvah/plantuml-ts/test-results/dot-cache/component/vosuxa-11-tapu784
OK /Users/scottseely/git/knowvah/plantuml-ts/test-results/dot-cache/component/vovuru-39-sula650
OK /Users/scottseely/git/knowvah/plantuml-ts/test-results/dot-cache/component/vumija-03-xise495
OK /Users/scottseely/git/knowvah/plantuml-ts/test-results/dot-cache/component/vunimi-85-xadu895
OK /Users/scottseely/git/knowvah/plantuml-ts/test-results/dot-cache/component/xadaji-25-cufe655
OK /Users/scottseely/git/knowvah/plantuml-ts/test-results/dot-cache/component/xadinu-90-vasu322
OK /Users/scottseely/git/knowvah/plantuml-ts/test-results/dot-cache/component/xagino-11-vazo768
OK /Users/scottseely/git/knowvah/plantuml-ts/test-results/dot-cache/component/xekale-36-tiri787
OK /Users/scottseely/git/knowvah/plantuml-ts/test-results/dot-cache/component/xenusu-76-sabi405
OK /Users/scottseely/git/knowvah/plantuml-ts/test-results/dot-cache/component/xevidu-92-texu148
OK /Users/scottseely/git/knowvah/plantuml-ts/test-results/dot-cache/component/xirika-05-beju263
OK /Users/scottseely/git/knowvah/plantuml-ts/test-results/dot-cache/component/xocodo-09-nuxi647
OK /Users/scottseely/git/knowvah/plantuml-ts/test-results/dot-cache/component/xufexu-38-fola855
OK /Users/scottseely/git/knowvah/plantuml-ts/test-results/dot-cache/component/xusuxe-62-guba767
OK /Users/scottseely/git/knowvah/plantuml-ts/test-results/dot-cache/component/zabixa-22-tovi572
OK /Users/scottseely/git/knowvah/plantuml-ts/test-results/dot-cache/component/zajozi-04-dixu500
OK /Users/scottseely/git/knowvah/plantuml-ts/test-results/dot-cache/component/zanibo-14-sami874
OK /Users/scottseely/git/knowvah/plantuml-ts/test-results/dot-cache/component/zarabi-01-koka785
OK /Users/scottseely/git/knowvah/plantuml-ts/test-results/dot-cache/component/zaraze-24-vixi421
OK /Users/scottseely/git/knowvah/plantuml-ts/test-results/dot-cache/component/zeteze-09-kuno793
OK /Users/scottseely/git/knowvah/plantuml-ts/test-results/dot-cache/component/zibumo-62-rije152
OK /Users/scottseely/git/knowvah/plantuml-ts/test-results/dot-cache/component/zifaji-87-raki559
OK /Users/scottseely/git/knowvah/plantuml-ts/test-results/dot-cache/component/zijaro-25-kufa588
OK /Users/scottseely/git/knowvah/plantuml-ts/test-results/dot-cache/component/zijase-36-cice967
OK /Users/scottseely/git/knowvah/plantuml-ts/test-results/dot-cache/component/ziniso-08-damu446
OK /Users/scottseely/git/knowvah/plantuml-ts/test-results/dot-cache/component/zodare-91-rira454
OK /Users/scottseely/git/knowvah/plantuml-ts/test-results/dot-cache/component/zonobi-55-zuna105
OK /Users/scottseely/git/knowvah/plantuml-ts/test-results/dot-cache/component/zosaxo-93-nici652
OK /Users/scottseely/git/knowvah/plantuml-ts/test-results/dot-cache/component/zosuje-43-zebi775
OK /Users/scottseely/git/knowvah/plantuml-ts/test-results/dot-cache/component/zotake-65-cabi912
OK /Users/scottseely/git/knowvah/plantuml-ts/test-results/dot-cache/component/zozutu-82-pupa220
OK /Users/scottseely/git/knowvah/plantuml-ts/test-results/dot-cache/component/zubujo-87-xaxa087
OK /Users/scottseely/git/knowvah/plantuml-ts/test-results/dot-cache/component/zucufi-77-vabo990
OK /Users/scottseely/git/knowvah/plantuml-ts/test-results/dot-cache/component/zugofa-47-risi694
OK /Users/scottseely/git/knowvah/plantuml-ts/test-results/dot-cache/component/zusota-76-jagu564
OK /Users/scottseely/git/knowvah/plantuml-ts/test-results/dot-cache/ditaa/pibite-04-xiba436
OK /Users/scottseely/git/knowvah/plantuml-ts/test-results/dot-cache/ditaa/xegota-93-tido298
OK /Users/scottseely/git/knowvah/plantuml-ts/test-results/dot-cache/dot/bemepi-16-kuzo249
OK /Users/scottseely/git/knowvah/plantuml-ts/test-results/dot-cache/dot/chain-expansion
OK /Users/scottseely/git/knowvah/plantuml-ts/test-results/dot-cache/dot/ciditi-21-xacu710
OK /Users/scottseely/git/knowvah/plantuml-ts/test-results/dot-cache/dot/cluster-basic
OK /Users/scottseely/git/knowvah/plantuml-ts/test-results/dot-cache/dot/cluster-nested
OK /Users/scottseely/git/knowvah/plantuml-ts/test-results/dot-cache/ebnf/bajika-11-levo224
OK /Users/scottseely/git/knowvah/plantuml-ts/test-results/dot-cache/ebnf/bicuko-51-voso723
OK /Users/scottseely/git/knowvah/plantuml-ts/test-results/dot-cache/ebnf/butiti-18-tava797
OK /Users/scottseely/git/knowvah/plantuml-ts/test-results/dot-cache/ebnf/caruma-16-kepo348
OK /Users/scottseely/git/knowvah/plantuml-ts/test-results/dot-cache/ebnf/cijome-77-desu236
OK /Users/scottseely/git/knowvah/plantuml-ts/test-results/dot-cache/ebnf/cizici-33-joru358
OK /Users/scottseely/git/knowvah/plantuml-ts/test-results/dot-cache/ebnf/cukoka-73-ziba432
OK /Users/scottseely/git/knowvah/plantuml-ts/test-results/dot-cache/ebnf/dalize-70-keri526
OK /Users/scottseely/git/knowvah/plantuml-ts/test-results/dot-cache/ebnf/derixi-63-jemi851
OK /Users/scottseely/git/knowvah/plantuml-ts/test-results/dot-cache/ebnf/dibazi-59-cena179
OK /Users/scottseely/git/knowvah/plantuml-ts/test-results/dot-cache/ebnf/futoba-53-loto960
OK /Users/scottseely/git/knowvah/plantuml-ts/test-results/dot-cache/ebnf/gameza-62-domu542
OK /Users/scottseely/git/knowvah/plantuml-ts/test-results/dot-cache/ebnf/gegapo-29-xibu746
OK /Users/scottseely/git/knowvah/plantuml-ts/test-results/dot-cache/ebnf/gipesi-09-lage677
OK /Users/scottseely/git/knowvah/plantuml-ts/test-results/dot-cache/ebnf/ladifa-97-keme950
OK /Users/scottseely/git/knowvah/plantuml-ts/test-results/dot-cache/ebnf/jecuju-35-nagu625
OK /Users/scottseely/git/knowvah/plantuml-ts/test-results/dot-cache/ebnf/jufupa-29-cuge382
OK /Users/scottseely/git/knowvah/plantuml-ts/test-results/dot-cache/ebnf/kecaba-08-goda572
OK /Users/scottseely/git/knowvah/plantuml-ts/test-results/dot-cache/ebnf/kunuco-05-vifo244
OK /Users/scottseely/git/knowvah/plantuml-ts/test-results/dot-cache/ebnf/lelulo-71-lida220
OK /Users/scottseely/git/knowvah/plantuml-ts/test-results/dot-cache/ebnf/likaki-72-cegu468
OK /Users/scottseely/git/knowvah/plantuml-ts/test-results/dot-cache/ebnf/nakupi-96-xute398
OK /Users/scottseely/git/knowvah/plantuml-ts/test-results/dot-cache/ebnf/nenuti-93-lode629
OK /Users/scottseely/git/knowvah/plantuml-ts/test-results/dot-cache/ebnf/nilibi-99-fasi125
OK /Users/scottseely/git/knowvah/plantuml-ts/test-results/dot-cache/ebnf/nirime-95-kovi713
OK /Users/scottseely/git/knowvah/plantuml-ts/test-results/dot-cache/ebnf/panacu-44-lube224
OK /Users/scottseely/git/knowvah/plantuml-ts/test-results/dot-cache/ebnf/pigari-92-kune095
OK /Users/scottseely/git/knowvah/plantuml-ts/test-results/dot-cache/ebnf/recaja-58-jera008
OK /Users/scottseely/git/knowvah/plantuml-ts/test-results/dot-cache/ebnf/rexara-73-jupi969
OK /Users/scottseely/git/knowvah/plantuml-ts/test-results/dot-cache/ebnf/rivato-06-zaxe166
OK /Users/scottseely/git/knowvah/plantuml-ts/test-results/dot-cache/ebnf/rizupo-24-gomi662
OK /Users/scottseely/git/knowvah/plantuml-ts/test-results/dot-cache/ebnf/rocuco-26-moza618
OK /Users/scottseely/git/knowvah/plantuml-ts/test-results/dot-cache/ebnf/rukupo-54-tomu177
OK /Users/scottseely/git/knowvah/plantuml-ts/test-results/dot-cache/ebnf/sonamo-91-cune759
OK /Users/scottseely/git/knowvah/plantuml-ts/test-results/dot-cache/ebnf/sotule-00-toco195
OK /Users/scottseely/git/knowvah/plantuml-ts/test-results/dot-cache/ebnf/sucuju-90-zabi310
OK /Users/scottseely/git/knowvah/plantuml-ts/test-results/dot-cache/ebnf/sumomo-26-nija644
OK /Users/scottseely/git/knowvah/plantuml-ts/test-results/dot-cache/ebnf/vecece-08-zuxe140
OK /Users/scottseely/git/knowvah/plantuml-ts/test-results/dot-cache/ebnf/vevico-54-poxi237
OK /Users/scottseely/git/knowvah/plantuml-ts/test-results/dot-cache/ebnf/xatala-84-jalu735
OK /Users/scottseely/git/knowvah/plantuml-ts/test-results/dot-cache/ebnf/xujeje-84-difo095
OK /Users/scottseely/git/knowvah/plantuml-ts/test-results/dot-cache/ebnf/zesesu-64-gogu273
OK /Users/scottseely/git/knowvah/plantuml-ts/test-results/dot-cache/ebnf/zokone-20-xuja185
OK /Users/scottseely/git/knowvah/plantuml-ts/test-results/dot-cache/ebnf/zosozi-62-sodi563
OK /Users/scottseely/git/knowvah/plantuml-ts/test-results/dot-cache/files/files-directory-tree-with-note
OK /Users/scottseely/git/knowvah/plantuml-ts/test-results/dot-cache/gantt/bafilu-92-tafa086
OK /Users/scottseely/git/knowvah/plantuml-ts/test-results/dot-cache/gantt/bagumi-85-lozu365
OK /Users/scottseely/git/knowvah/plantuml-ts/test-results/dot-cache/gantt/bajivo-77-pobo340
OK /Users/scottseely/git/knowvah/plantuml-ts/test-results/dot-cache/gantt/banabu-01-toji092
OK /Users/scottseely/git/knowvah/plantuml-ts/test-results/dot-cache/gantt/batexe-61-veco004
OK /Users/scottseely/git/knowvah/plantuml-ts/test-results/dot-cache/gantt/batopu-67-jami141
OK /Users/scottseely/git/knowvah/plantuml-ts/test-results/dot-cache/gantt/bederi-92-koli512
OK /Users/scottseely/git/knowvah/plantuml-ts/test-results/dot-cache/gantt/besemi-49-veti065
OK /Users/scottseely/git/knowvah/plantuml-ts/test-results/dot-cache/gantt/besufe-66-gada705
OK /Users/scottseely/git/knowvah/plantuml-ts/test-results/dot-cache/gantt/bezuti-18-nidu462
OK /Users/scottseely/git/knowvah/plantuml-ts/test-results/dot-cache/gantt/bidopa-61-teko164
OK /Users/scottseely/git/knowvah/plantuml-ts/test-results/dot-cache/gantt/bileko-64-dilu512
OK /Users/scottseely/git/knowvah/plantuml-ts/test-results/dot-cache/gantt/bolacu-92-lexa241
OK /Users/scottseely/git/knowvah/plantuml-ts/test-results/dot-cache/gantt/boriba-70-jaku597
OK /Users/scottseely/git/knowvah/plantuml-ts/test-results/dot-cache/gantt/borofe-47-jipo808
OK /Users/scottseely/git/knowvah/plantuml-ts/test-results/dot-cache/gantt/bozema-41-lapo916
OK /Users/scottseely/git/knowvah/plantuml-ts/test-results/dot-cache/gantt/bugufi-22-kuje570
OK /Users/scottseely/git/knowvah/plantuml-ts/test-results/dot-cache/gantt/butebe-56-pode841
OK /Users/scottseely/git/knowvah/plantuml-ts/test-results/dot-cache/gantt/cabuce-84-vigu667
OK /Users/scottseely/git/knowvah/plantuml-ts/test-results/dot-cache/gantt/caloxi-80-nuci628
OK /Users/scottseely/git/knowvah/plantuml-ts/test-results/dot-cache/gantt/camecu-06-maso692
OK /Users/scottseely/git/knowvah/plantuml-ts/test-results/dot-cache/gantt/caradi-82-kuvu509
OK /Users/scottseely/git/knowvah/plantuml-ts/test-results/dot-cache/gantt/cavudo-55-moci793
OK /Users/scottseely/git/knowvah/plantuml-ts/test-results/dot-cache/gantt/cazumu-70-fuma704
OK /Users/scottseely/git/knowvah/plantuml-ts/test-results/dot-cache/gantt/cikosi-97-xeda373
OK /Users/scottseely/git/knowvah/plantuml-ts/test-results/dot-cache/gantt/cisede-80-vove445
OK /Users/scottseely/git/knowvah/plantuml-ts/test-results/dot-cache/gantt/cizano-33-fizu745
OK /Users/scottseely/git/knowvah/plantuml-ts/test-results/dot-cache/gantt/cocaji-12-pake234
OK /Users/scottseely/git/knowvah/plantuml-ts/test-results/dot-cache/gantt/cofuvo-63-xetu117
OK /Users/scottseely/git/knowvah/plantuml-ts/test-results/dot-cache/gantt/cojudo-17-jepu802
OK /Users/scottseely/git/knowvah/plantuml-ts/test-results/dot-cache/gantt/colebo-35-fata117
OK /Users/scottseely/git/knowvah/plantuml-ts/test-results/dot-cache/gantt/colike-20-nisu163
OK /Users/scottseely/git/knowvah/plantuml-ts/test-results/dot-cache/gantt/cukuno-01-guzu991
OK /Users/scottseely/git/knowvah/plantuml-ts/test-results/dot-cache/gantt/cumoso-57-mixi871
OK /Users/scottseely/git/knowvah/plantuml-ts/test-results/dot-cache/gantt/cunixe-77-mico636
OK /Users/scottseely/git/knowvah/plantuml-ts/test-results/dot-cache/gantt/cuxuto-27-relu745
OK /Users/scottseely/git/knowvah/plantuml-ts/test-results/dot-cache/gantt/cuzefo-91-koko300
OK /Users/scottseely/git/knowvah/plantuml-ts/test-results/dot-cache/gantt/cuzoro-55-rudi222
OK /Users/scottseely/git/knowvah/plantuml-ts/test-results/dot-cache/gantt/cuzuji-45-muda875
OK /Users/scottseely/git/knowvah/plantuml-ts/test-results/dot-cache/gantt/dasiso-94-depe048
OK /Users/scottseely/git/knowvah/plantuml-ts/test-results/dot-cache/gantt/depati-88-code332
OK /Users/scottseely/git/knowvah/plantuml-ts/test-results/dot-cache/gantt/digebo-07-ripi221
OK /Users/scottseely/git/knowvah/plantuml-ts/test-results/dot-cache/gantt/dikube-07-beji534
OK /Users/scottseely/git/knowvah/plantuml-ts/test-results/dot-cache/gantt/dikuro-34-refo029
OK /Users/scottseely/git/knowvah/plantuml-ts/test-results/dot-cache/gantt/dirako-61-poni102
OK /Users/scottseely/git/knowvah/plantuml-ts/test-results/dot-cache/gantt/doboka-09-rona355
OK /Users/scottseely/git/knowvah/plantuml-ts/test-results/dot-cache/gantt/dodeca-79-rudu746
OK /Users/scottseely/git/knowvah/plantuml-ts/test-results/dot-cache/gantt/dofimi-75-piji693
OK /Users/scottseely/git/knowvah/plantuml-ts/test-results/dot-cache/gantt/dofofu-68-gedo777
OK /Users/scottseely/git/knowvah/plantuml-ts/test-results/dot-cache/gantt/dopuku-20-gori831
OK /Users/scottseely/git/knowvah/plantuml-ts/test-results/dot-cache/gantt/dugaka-43-zeri872
OK /Users/scottseely/git/knowvah/plantuml-ts/test-results/dot-cache/gantt/dujoni-50-vaju830
OK /Users/scottseely/git/knowvah/plantuml-ts/test-results/dot-cache/gantt/dunasa-93-cogu513
OK /Users/scottseely/git/knowvah/plantuml-ts/test-results/dot-cache/gantt/dupema-22-roze848
OK /Users/scottseely/git/knowvah/plantuml-ts/test-results/dot-cache/gantt/dusezi-68-furo555
OK /Users/scottseely/git/knowvah/plantuml-ts/test-results/dot-cache/gantt/duxifi-78-luke957
OK /Users/scottseely/git/knowvah/plantuml-ts/test-results/dot-cache/gantt/duxuce-04-fozu747
OK /Users/scottseely/git/knowvah/plantuml-ts/test-results/dot-cache/gantt/duzibu-35-pusu129
OK /Users/scottseely/git/knowvah/plantuml-ts/test-results/dot-cache/gantt/falode-20-botu370
OK /Users/scottseely/git/knowvah/plantuml-ts/test-results/dot-cache/gantt/fobeda-14-tori503
OK /Users/scottseely/git/knowvah/plantuml-ts/test-results/dot-cache/gantt/fecaru-84-gofi396
OK /Users/scottseely/git/knowvah/plantuml-ts/test-results/dot-cache/gantt/fefotu-18-laxe696
OK /Users/scottseely/git/knowvah/plantuml-ts/test-results/dot-cache/gantt/felozo-89-fivo691
OK /Users/scottseely/git/knowvah/plantuml-ts/test-results/dot-cache/gantt/ficipo-99-puxe496
OK /Users/scottseely/git/knowvah/plantuml-ts/test-results/dot-cache/gantt/fodero-55-zixe088
OK /Users/scottseely/git/knowvah/plantuml-ts/test-results/dot-cache/gantt/fofeco-01-pado350
OK /Users/scottseely/git/knowvah/plantuml-ts/test-results/dot-cache/gantt/fokoze-20-mogu236
OK /Users/scottseely/git/knowvah/plantuml-ts/test-results/dot-cache/gantt/fomuxu-72-juco154
OK /Users/scottseely/git/knowvah/plantuml-ts/test-results/dot-cache/gantt/furubu-23-mecu777
OK /Users/scottseely/git/knowvah/plantuml-ts/test-results/dot-cache/gantt/fubara-73-pida742
OK /Users/scottseely/git/knowvah/plantuml-ts/test-results/dot-cache/gantt/fucexe-84-more422
OK /Users/scottseely/git/knowvah/plantuml-ts/test-results/dot-cache/gantt/furaxa-02-xipi554
OK /Users/scottseely/git/knowvah/plantuml-ts/test-results/dot-cache/gantt/fuxefe-01-nofa576
OK /Users/scottseely/git/knowvah/plantuml-ts/test-results/dot-cache/gantt/gafici-65-jero084
OK /Users/scottseely/git/knowvah/plantuml-ts/test-results/dot-cache/gantt/gagaco-10-sazu135
OK /Users/scottseely/git/knowvah/plantuml-ts/test-results/dot-cache/gantt/gamibe-62-saju192
OK /Users/scottseely/git/knowvah/plantuml-ts/test-results/dot-cache/gantt/gefonu-85-zuje780
OK /Users/scottseely/git/knowvah/plantuml-ts/test-results/dot-cache/gantt/gemara-72-zito530
OK /Users/scottseely/git/knowvah/plantuml-ts/test-results/dot-cache/gantt/gepoba-98-jigi979
OK /Users/scottseely/git/knowvah/plantuml-ts/test-results/dot-cache/gantt/gicezu-34-jusu715
OK /Users/scottseely/git/knowvah/plantuml-ts/test-results/dot-cache/gantt/gidaba-54-gimo713
OK /Users/scottseely/git/knowvah/plantuml-ts/test-results/dot-cache/gantt/gijamo-30-jutu048
OK /Users/scottseely/git/knowvah/plantuml-ts/test-results/dot-cache/gantt/gilefa-29-peta924
OK /Users/scottseely/git/knowvah/plantuml-ts/test-results/dot-cache/gantt/ginuje-41-pexi077
OK /Users/scottseely/git/knowvah/plantuml-ts/test-results/dot-cache/gantt/gireba-14-mego043
OK /Users/scottseely/git/knowvah/plantuml-ts/test-results/dot-cache/gantt/gocovi-57-fosu687
OK /Users/scottseely/git/knowvah/plantuml-ts/test-results/dot-cache/gantt/govacu-51-puti316
OK /Users/scottseely/git/knowvah/plantuml-ts/test-results/dot-cache/gantt/gocuka-86-xibu161
OK /Users/scottseely/git/knowvah/plantuml-ts/test-results/dot-cache/gantt/gogazu-26-jope140
OK /Users/scottseely/git/knowvah/plantuml-ts/test-results/dot-cache/gantt/golisa-28-jami599
OK /Users/scottseely/git/knowvah/plantuml-ts/test-results/dot-cache/gantt/goveba-36-sate631
OK /Users/scottseely/git/knowvah/plantuml-ts/test-results/dot-cache/gantt/gupeci-50-tecu011
OK /Users/scottseely/git/knowvah/plantuml-ts/test-results/dot-cache/gantt/gujeda-65-puxa160
OK /Users/scottseely/git/knowvah/plantuml-ts/test-results/dot-cache/gantt/jadobo-26-rezu573
OK /Users/scottseely/git/knowvah/plantuml-ts/test-results/dot-cache/gantt/jibeva-93-fefa676
OK /Users/scottseely/git/knowvah/plantuml-ts/test-results/dot-cache/gantt/jideku-30-fece615
OK /Users/scottseely/git/knowvah/plantuml-ts/test-results/dot-cache/gantt/jigadu-98-juzo744
OK /Users/scottseely/git/knowvah/plantuml-ts/test-results/dot-cache/gantt/jijuxe-97-sico836
OK /Users/scottseely/git/knowvah/plantuml-ts/test-results/dot-cache/gantt/jipuni-32-zomu960
OK /Users/scottseely/git/knowvah/plantuml-ts/test-results/dot-cache/gantt/jocino-85-febi208
OK /Users/scottseely/git/knowvah/plantuml-ts/test-results/dot-cache/gantt/jofusa-40-ciki667
OK /Users/scottseely/git/knowvah/plantuml-ts/test-results/dot-cache/gantt/jolipo-52-zozu818
OK /Users/scottseely/git/knowvah/plantuml-ts/test-results/dot-cache/gantt/judinu-92-kifa754
OK /Users/scottseely/git/knowvah/plantuml-ts/test-results/dot-cache/gantt/jupamo-68-pice508
OK /Users/scottseely/git/knowvah/plantuml-ts/test-results/dot-cache/gantt/juteru-56-zepi770
OK /Users/scottseely/git/knowvah/plantuml-ts/test-results/dot-cache/gantt/kagili-15-xazi892
OK /Users/scottseely/git/knowvah/plantuml-ts/test-results/dot-cache/gantt/kekezo-93-coro003
OK /Users/scottseely/git/knowvah/plantuml-ts/test-results/dot-cache/gantt/kenivo-48-tejo604
OK /Users/scottseely/git/knowvah/plantuml-ts/test-results/dot-cache/gantt/ketaja-32-monu569
OK /Users/scottseely/git/knowvah/plantuml-ts/test-results/dot-cache/gantt/kidaro-46-doda291
OK /Users/scottseely/git/knowvah/plantuml-ts/test-results/dot-cache/gantt/kikela-87-nina038
OK /Users/scottseely/git/knowvah/plantuml-ts/test-results/dot-cache/gantt/kikiga-12-pimu748
OK /Users/scottseely/git/knowvah/plantuml-ts/test-results/dot-cache/gantt/kirebi-17-cuxo270
OK /Users/scottseely/git/knowvah/plantuml-ts/test-results/dot-cache/gantt/konazo-59-lise768
OK /Users/scottseely/git/knowvah/plantuml-ts/test-results/dot-cache/gantt/konime-99-saza921
OK /Users/scottseely/git/knowvah/plantuml-ts/test-results/dot-cache/gantt/kotiva-49-lucu764
OK /Users/scottseely/git/knowvah/plantuml-ts/test-results/dot-cache/gantt/kuladi-04-duka067
OK /Users/scottseely/git/knowvah/plantuml-ts/test-results/dot-cache/gantt/lacuce-93-vuso502
OK /Users/scottseely/git/knowvah/plantuml-ts/test-results/dot-cache/gantt/laguce-42-soku841
OK /Users/scottseely/git/knowvah/plantuml-ts/test-results/dot-cache/gantt/lapuna-60-disa214
OK /Users/scottseely/git/knowvah/plantuml-ts/test-results/dot-cache/gantt/laxafo-15-xusu764
OK /Users/scottseely/git/knowvah/plantuml-ts/test-results/dot-cache/gantt/licuro-27-rixu366
OK /Users/scottseely/git/knowvah/plantuml-ts/test-results/dot-cache/gantt/lififo-68-dili237
OK /Users/scottseely/git/knowvah/plantuml-ts/test-results/dot-cache/gantt/lituri-55-caju105
OK /Users/scottseely/git/knowvah/plantuml-ts/test-results/dot-cache/gantt/lifumo-33-divi429
OK /Users/scottseely/git/knowvah/plantuml-ts/test-results/dot-cache/gantt/linizu-20-zima401
OK /Users/scottseely/git/knowvah/plantuml-ts/test-results/dot-cache/gantt/liseri-03-sagu530
OK /Users/scottseely/git/knowvah/plantuml-ts/test-results/dot-cache/gantt/lojafi-33-zepu568
OK /Users/scottseely/git/knowvah/plantuml-ts/test-results/dot-cache/gantt/lojari-14-ravi742
OK /Users/scottseely/git/knowvah/plantuml-ts/test-results/dot-cache/gantt/lojivi-26-gobo140
OK /Users/scottseely/git/knowvah/plantuml-ts/test-results/dot-cache/gantt/lomolu-38-gifa885
OK /Users/scottseely/git/knowvah/plantuml-ts/test-results/dot-cache/gantt/lucafo-37-lemo654
OK /Users/scottseely/git/knowvah/plantuml-ts/test-results/dot-cache/gantt/lugaje-51-dogu899
OK /Users/scottseely/git/knowvah/plantuml-ts/test-results/dot-cache/gantt/lugeje-33-bali095
OK /Users/scottseely/git/knowvah/plantuml-ts/test-results/dot-cache/gantt/luzape-81-vica587
OK /Users/scottseely/git/knowvah/plantuml-ts/test-results/dot-cache/gantt/majija-08-piso599
OK /Users/scottseely/git/knowvah/plantuml-ts/test-results/dot-cache/gantt/maleci-46-pale623
OK /Users/scottseely/git/knowvah/plantuml-ts/test-results/dot-cache/gantt/mavuga-45-nuco656
OK /Users/scottseely/git/knowvah/plantuml-ts/test-results/dot-cache/gantt/mogafu-27-jeci360
OK /Users/scottseely/git/knowvah/plantuml-ts/test-results/dot-cache/gantt/megara-80-life529
OK /Users/scottseely/git/knowvah/plantuml-ts/test-results/dot-cache/gantt/melacu-98-jere651
OK /Users/scottseely/git/knowvah/plantuml-ts/test-results/dot-cache/gantt/mexito-28-toli086
OK /Users/scottseely/git/knowvah/plantuml-ts/test-results/dot-cache/gantt/mikixe-60-riti913
OK /Users/scottseely/git/knowvah/plantuml-ts/test-results/dot-cache/gantt/nakude-77-suji787
OK /Users/scottseely/git/knowvah/plantuml-ts/test-results/dot-cache/gantt/molalo-93-xova251
OK /Users/scottseely/git/knowvah/plantuml-ts/test-results/dot-cache/gantt/molapi-68-dota900
OK /Users/scottseely/git/knowvah/plantuml-ts/test-results/dot-cache/gantt/murugo-92-ximo228
OK /Users/scottseely/git/knowvah/plantuml-ts/test-results/dot-cache/gantt/nejadu-63-nifo204
OK /Users/scottseely/git/knowvah/plantuml-ts/test-results/dot-cache/gantt/navuza-63-pite366
OK /Users/scottseely/git/knowvah/plantuml-ts/test-results/dot-cache/gantt/necute-68-koga797
OK /Users/scottseely/git/knowvah/plantuml-ts/test-results/dot-cache/gantt/negosu-64-dada865
OK /Users/scottseely/git/knowvah/plantuml-ts/test-results/dot-cache/gantt/nekoxi-93-noto522
OK /Users/scottseely/git/knowvah/plantuml-ts/test-results/dot-cache/gantt/nemipi-13-maza277
OK /Users/scottseely/git/knowvah/plantuml-ts/test-results/dot-cache/gantt/nipeki-55-poxe846
OK /Users/scottseely/git/knowvah/plantuml-ts/test-results/dot-cache/gantt/nixane-84-lupi593
OK /Users/scottseely/git/knowvah/plantuml-ts/test-results/dot-cache/gantt/nonuze-13-xonu297
OK /Users/scottseely/git/knowvah/plantuml-ts/test-results/dot-cache/gantt/nopole-15-lanu541
OK /Users/scottseely/git/knowvah/plantuml-ts/test-results/dot-cache/gantt/novave-08-jiro803
OK /Users/scottseely/git/knowvah/plantuml-ts/test-results/dot-cache/gantt/nujece-78-kude224
OK /Users/scottseely/git/knowvah/plantuml-ts/test-results/dot-cache/gantt/nutadi-16-cuxu821
OK /Users/scottseely/git/knowvah/plantuml-ts/test-results/dot-cache/gantt/papava-92-geve698
OK /Users/scottseely/git/knowvah/plantuml-ts/test-results/dot-cache/gantt/nuvura-15-xelo225
OK /Users/scottseely/git/knowvah/plantuml-ts/test-results/dot-cache/gantt/palede-79-kove202
OK /Users/scottseely/git/knowvah/plantuml-ts/test-results/dot-cache/gantt/pameku-23-fima694
OK /Users/scottseely/git/knowvah/plantuml-ts/test-results/dot-cache/gantt/patabu-48-guse041
OK /Users/scottseely/git/knowvah/plantuml-ts/test-results/dot-cache/gantt/pefeki-56-jazi903
OK /Users/scottseely/git/knowvah/plantuml-ts/test-results/dot-cache/gantt/pejedu-98-loku576
OK /Users/scottseely/git/knowvah/plantuml-ts/test-results/dot-cache/gantt/pepife-04-pari260
OK /Users/scottseely/git/knowvah/plantuml-ts/test-results/dot-cache/gantt/petepi-34-duse613
OK /Users/scottseely/git/knowvah/plantuml-ts/test-results/dot-cache/gantt/pezofu-85-veba361
OK /Users/scottseely/git/knowvah/plantuml-ts/test-results/dot-cache/gantt/picusu-82-xeca706
OK /Users/scottseely/git/knowvah/plantuml-ts/test-results/dot-cache/gantt/pidole-84-tuvu346
OK /Users/scottseely/git/knowvah/plantuml-ts/test-results/dot-cache/gantt/pigumi-99-taxa362
OK /Users/scottseely/git/knowvah/plantuml-ts/test-results/dot-cache/gantt/pilaju-71-nevi681
OK /Users/scottseely/git/knowvah/plantuml-ts/test-results/dot-cache/gantt/pilopa-41-nixe586
OK /Users/scottseely/git/knowvah/plantuml-ts/test-results/dot-cache/gantt/pobexa-93-lelo542
OK /Users/scottseely/git/knowvah/plantuml-ts/test-results/dot-cache/gantt/pomaxi-69-seso714
OK /Users/scottseely/git/knowvah/plantuml-ts/test-results/dot-cache/gantt/porofo-24-nivo859
OK /Users/scottseely/git/knowvah/plantuml-ts/test-results/dot-cache/gantt/pozuxu-03-jura604
OK /Users/scottseely/git/knowvah/plantuml-ts/test-results/dot-cache/gantt/pufapa-19-saka649
OK /Users/scottseely/git/knowvah/plantuml-ts/test-results/dot-cache/gantt/recufa-28-desi167
OK /Users/scottseely/git/knowvah/plantuml-ts/test-results/dot-cache/gantt/puliro-74-xoni409
OK /Users/scottseely/git/knowvah/plantuml-ts/test-results/dot-cache/gantt/pusaru-93-saxa018
OK /Users/scottseely/git/knowvah/plantuml-ts/test-results/dot-cache/gantt/puviva-32-meri658
OK /Users/scottseely/git/knowvah/plantuml-ts/test-results/dot-cache/gantt/puzeji-04-nima839
OK /Users/scottseely/git/knowvah/plantuml-ts/test-results/dot-cache/gantt/rekiza-32-xufi910
OK /Users/scottseely/git/knowvah/plantuml-ts/test-results/dot-cache/gantt/religa-63-kaju465
OK /Users/scottseely/git/knowvah/plantuml-ts/test-results/dot-cache/gantt/ribupo-71-poku778
OK /Users/scottseely/git/knowvah/plantuml-ts/test-results/dot-cache/gantt/ricogo-60-juda624
OK /Users/scottseely/git/knowvah/plantuml-ts/test-results/dot-cache/gantt/risute-23-cune531
OK /Users/scottseely/git/knowvah/plantuml-ts/test-results/dot-cache/gantt/rodava-01-cece748
OK /Users/scottseely/git/knowvah/plantuml-ts/test-results/dot-cache/gantt/rujulo-51-kice463
OK /Users/scottseely/git/knowvah/plantuml-ts/test-results/dot-cache/gantt/rumema-77-maci327
OK /Users/scottseely/git/knowvah/plantuml-ts/test-results/dot-cache/gantt/sadija-61-dune108
OK /Users/scottseely/git/knowvah/plantuml-ts/test-results/dot-cache/gantt/saduki-63-kuxi294
OK /Users/scottseely/git/knowvah/plantuml-ts/test-results/dot-cache/gantt/saricu-01-funu594
OK /Users/scottseely/git/knowvah/plantuml-ts/test-results/dot-cache/gantt/safaba-77-tizo932
OK /Users/scottseely/git/knowvah/plantuml-ts/test-results/dot-cache/gantt/sakibi-88-zuci243
OK /Users/scottseely/git/knowvah/plantuml-ts/test-results/dot-cache/gantt/sapule-82-juse994
OK /Users/scottseely/git/knowvah/plantuml-ts/test-results/dot-cache/gantt/semelu-66-zida372
OK /Users/scottseely/git/knowvah/plantuml-ts/test-results/dot-cache/gantt/senemu-90-juki505
OK /Users/scottseely/git/knowvah/plantuml-ts/test-results/dot-cache/gantt/seruka-40-bezu604
OK /Users/scottseely/git/knowvah/plantuml-ts/test-results/dot-cache/gantt/sevuva-32-sute361
OK /Users/scottseely/git/knowvah/plantuml-ts/test-results/dot-cache/gantt/sopori-42-tola587
OK /Users/scottseely/git/knowvah/plantuml-ts/test-results/dot-cache/gantt/soripi-42-pife730
OK /Users/scottseely/git/knowvah/plantuml-ts/test-results/dot-cache/gantt/sujaxe-77-bero153
OK /Users/scottseely/git/knowvah/plantuml-ts/test-results/dot-cache/gantt/suxedo-18-baxa547
OK /Users/scottseely/git/knowvah/plantuml-ts/test-results/dot-cache/gantt/takizo-77-pozi932
OK /Users/scottseely/git/knowvah/plantuml-ts/test-results/dot-cache/gantt/talopa-08-juxa284
OK /Users/scottseely/git/knowvah/plantuml-ts/test-results/dot-cache/gantt/tamovo-46-dupu588
OK /Users/scottseely/git/knowvah/plantuml-ts/test-results/dot-cache/gantt/taxobi-33-beva693
OK /Users/scottseely/git/knowvah/plantuml-ts/test-results/dot-cache/gantt/tekumi-86-zusu124
OK /Users/scottseely/git/knowvah/plantuml-ts/test-results/dot-cache/gantt/tenali-11-zumi474
OK /Users/scottseely/git/knowvah/plantuml-ts/test-results/dot-cache/gantt/tesiju-99-joji503
OK /Users/scottseely/git/knowvah/plantuml-ts/test-results/dot-cache/gantt/tidezi-07-vago222
OK /Users/scottseely/git/knowvah/plantuml-ts/test-results/dot-cache/gantt/tipusi-53-bodi732
OK /Users/scottseely/git/knowvah/plantuml-ts/test-results/dot-cache/gantt/tizeno-46-disi122
OK /Users/scottseely/git/knowvah/plantuml-ts/test-results/dot-cache/gantt/torodu-27-vuga108
OK /Users/scottseely/git/knowvah/plantuml-ts/test-results/dot-cache/gantt/tuduze-27-xale177
OK /Users/scottseely/git/knowvah/plantuml-ts/test-results/dot-cache/gantt/tuxixe-88-lado350
OK /Users/scottseely/git/knowvah/plantuml-ts/test-results/dot-cache/gantt/vafuja-53-guxe056
OK /Users/scottseely/git/knowvah/plantuml-ts/test-results/dot-cache/gantt/vagofo-93-bogo506
OK /Users/scottseely/git/knowvah/plantuml-ts/test-results/dot-cache/gantt/valade-26-rusi307
OK /Users/scottseely/git/knowvah/plantuml-ts/test-results/dot-cache/gantt/valodu-81-xize730
OK /Users/scottseely/git/knowvah/plantuml-ts/test-results/dot-cache/gantt/vefive-25-fupa199
OK /Users/scottseely/git/knowvah/plantuml-ts/test-results/dot-cache/gantt/vefoce-59-pexa532
OK /Users/scottseely/git/knowvah/plantuml-ts/test-results/dot-cache/gantt/vekaxa-30-nisu813
OK /Users/scottseely/git/knowvah/plantuml-ts/test-results/dot-cache/gantt/vekogi-91-ceso247
OK /Users/scottseely/git/knowvah/plantuml-ts/test-results/dot-cache/gantt/vexedu-13-duse828
OK /Users/scottseely/git/knowvah/plantuml-ts/test-results/dot-cache/gantt/vifaze-92-zoro596
OK /Users/scottseely/git/knowvah/plantuml-ts/test-results/dot-cache/gantt/votofi-06-rolo321
OK /Users/scottseely/git/knowvah/plantuml-ts/test-results/dot-cache/gantt/virejo-92-dobu761
OK /Users/scottseely/git/knowvah/plantuml-ts/test-results/dot-cache/gantt/vitagi-49-dezu555
OK /Users/scottseely/git/knowvah/plantuml-ts/test-results/dot-cache/gantt/vivoca-86-peda017
OK /Users/scottseely/git/knowvah/plantuml-ts/test-results/dot-cache/gantt/vocemu-18-ripe391
OK /Users/scottseely/git/knowvah/plantuml-ts/test-results/dot-cache/gantt/vovaje-98-jive278
OK /Users/scottseely/git/knowvah/plantuml-ts/test-results/dot-cache/gantt/voxupi-62-tica499
OK /Users/scottseely/git/knowvah/plantuml-ts/test-results/dot-cache/gantt/vulura-14-zese292
OK /Users/scottseely/git/knowvah/plantuml-ts/test-results/dot-cache/gantt/vunuze-73-tena303
OK /Users/scottseely/git/knowvah/plantuml-ts/test-results/dot-cache/gantt/vuveta-68-minu354
OK /Users/scottseely/git/knowvah/plantuml-ts/test-results/dot-cache/gantt/xapevo-24-godi737
OK /Users/scottseely/git/knowvah/plantuml-ts/test-results/dot-cache/gantt/xefava-55-lato939
OK /Users/scottseely/git/knowvah/plantuml-ts/test-results/dot-cache/gantt/xekulu-76-vide299
OK /Users/scottseely/git/knowvah/plantuml-ts/test-results/dot-cache/gantt/xetofo-88-vibi009
OK /Users/scottseely/git/knowvah/plantuml-ts/test-results/dot-cache/gantt/xikovo-87-rosu902
OK /Users/scottseely/git/knowvah/plantuml-ts/test-results/dot-cache/gantt/xodolo-13-bali118
OK /Users/scottseely/git/knowvah/plantuml-ts/test-results/dot-cache/gantt/xubuxa-17-mibi955
OK /Users/scottseely/git/knowvah/plantuml-ts/test-results/dot-cache/gantt/xujape-08-buce356
OK /Users/scottseely/git/knowvah/plantuml-ts/test-results/dot-cache/gantt/xukulo-71-biji397
OK /Users/scottseely/git/knowvah/plantuml-ts/test-results/dot-cache/gantt/xulexa-95-zoco224
OK /Users/scottseely/git/knowvah/plantuml-ts/test-results/dot-cache/gantt/xupole-97-bovu539
OK /Users/scottseely/git/knowvah/plantuml-ts/test-results/dot-cache/gantt/xureco-57-lene839
OK /Users/scottseely/git/knowvah/plantuml-ts/test-results/dot-cache/gantt/xusepo-45-duco430
OK /Users/scottseely/git/knowvah/plantuml-ts/test-results/dot-cache/gantt/xutiga-72-coju432
OK /Users/scottseely/git/knowvah/plantuml-ts/test-results/dot-cache/gantt/xutupo-03-diti057
OK /Users/scottseely/git/knowvah/plantuml-ts/test-results/dot-cache/gantt/zazisu-54-juna927
OK /Users/scottseely/git/knowvah/plantuml-ts/test-results/dot-cache/gantt/zelebo-79-mila801
OK /Users/scottseely/git/knowvah/plantuml-ts/test-results/dot-cache/gantt/zemude-57-namu175
OK /Users/scottseely/git/knowvah/plantuml-ts/test-results/dot-cache/gantt/zeneni-12-toli163
OK /Users/scottseely/git/knowvah/plantuml-ts/test-results/dot-cache/gantt/zerogu-39-june315
OK /Users/scottseely/git/knowvah/plantuml-ts/test-results/dot-cache/gantt/zesoru-40-poxu719
OK /Users/scottseely/git/knowvah/plantuml-ts/test-results/dot-cache/gantt/zikene-09-betu460
OK /Users/scottseely/git/knowvah/plantuml-ts/test-results/dot-cache/gantt/zimile-05-pomo538
OK /Users/scottseely/git/knowvah/plantuml-ts/test-results/dot-cache/gantt/zizune-28-kage754
OK /Users/scottseely/git/knowvah/plantuml-ts/test-results/dot-cache/gantt/zuvuvi-15-fedu171
OK /Users/scottseely/git/knowvah/plantuml-ts/test-results/dot-cache/hcl/citoda-80-dimi195
OK /Users/scottseely/git/knowvah/plantuml-ts/test-results/dot-cache/hcl/jubete-32-sutu417
OK /Users/scottseely/git/knowvah/plantuml-ts/test-results/dot-cache/hcl/vocago-35-xodu446
OK /Users/scottseely/git/knowvah/plantuml-ts/test-results/dot-cache/json/babico-87-soxo095
OK /Users/scottseely/git/knowvah/plantuml-ts/test-results/dot-cache/json/bavize-88-jumu158
OK /Users/scottseely/git/knowvah/plantuml-ts/test-results/dot-cache/json/bidire-98-kege137
OK /Users/scottseely/git/knowvah/plantuml-ts/test-results/dot-cache/json/bitepo-72-vija933
OK /Users/scottseely/git/knowvah/plantuml-ts/test-results/dot-cache/json/bogiku-88-nano204
OK /Users/scottseely/git/knowvah/plantuml-ts/test-results/dot-cache/json/cazuru-97-jala040
OK /Users/scottseely/git/knowvah/plantuml-ts/test-results/dot-cache/json/cilemo-38-fafi313
OK /Users/scottseely/git/knowvah/plantuml-ts/test-results/dot-cache/json/civofu-04-loku952
OK /Users/scottseely/git/knowvah/plantuml-ts/test-results/dot-cache/json/conigu-03-cuzu022
OK /Users/scottseely/git/knowvah/plantuml-ts/test-results/dot-cache/json/dapinu-10-dida560
OK /Users/scottseely/git/knowvah/plantuml-ts/test-results/dot-cache/json/debako-68-sice023
OK /Users/scottseely/git/knowvah/plantuml-ts/test-results/dot-cache/json/derele-19-poni229
OK /Users/scottseely/git/knowvah/plantuml-ts/test-results/dot-cache/json/devime-19-toze896
OK /Users/scottseely/git/knowvah/plantuml-ts/test-results/dot-cache/json/dometa-86-jepe218
OK /Users/scottseely/git/knowvah/plantuml-ts/test-results/dot-cache/json/gagebi-92-vere937
OK /Users/scottseely/git/knowvah/plantuml-ts/test-results/dot-cache/json/gavomi-49-koco364
OK /Users/scottseely/git/knowvah/plantuml-ts/test-results/dot-cache/json/gejena-99-veme626
OK /Users/scottseely/git/knowvah/plantuml-ts/test-results/dot-cache/json/gibego-39-pelu609
OK /Users/scottseely/git/knowvah/plantuml-ts/test-results/dot-cache/json/giduve-36-xuvo448
OK /Users/scottseely/git/knowvah/plantuml-ts/test-results/dot-cache/json/jaramo-16-doxa994
OK /Users/scottseely/git/knowvah/plantuml-ts/test-results/dot-cache/json/jekaju-28-gulo479
OK /Users/scottseely/git/knowvah/plantuml-ts/test-results/dot-cache/json/jidata-48-kire666
OK /Users/scottseely/git/knowvah/plantuml-ts/test-results/dot-cache/json/json-escaped
OK /Users/scottseely/git/knowvah/plantuml-ts/test-results/dot-cache/json/karaju-04-caxi838
OK /Users/scottseely/git/knowvah/plantuml-ts/test-results/dot-cache/json/kicati-76-guvi771
OK /Users/scottseely/git/knowvah/plantuml-ts/test-results/dot-cache/json/kidoki-70-fala224
OK /Users/scottseely/git/knowvah/plantuml-ts/test-results/dot-cache/json/kusule-69-jada088
OK /Users/scottseely/git/knowvah/plantuml-ts/test-results/dot-cache/json/letada-23-sisi815
OK /Users/scottseely/git/knowvah/plantuml-ts/test-results/dot-cache/json/lipuxo-26-susi944
OK /Users/scottseely/git/knowvah/plantuml-ts/test-results/dot-cache/json/lulofe-05-dasu529
OK /Users/scottseely/git/knowvah/plantuml-ts/test-results/dot-cache/json/moseba-10-naza079
OK /Users/scottseely/git/knowvah/plantuml-ts/test-results/dot-cache/json/mudumo-73-foli040
OK /Users/scottseely/git/knowvah/plantuml-ts/test-results/dot-cache/json/najixi-88-javo178
OK /Users/scottseely/git/knowvah/plantuml-ts/test-results/dot-cache/json/nanegu-88-boba399
OK /Users/scottseely/git/knowvah/plantuml-ts/test-results/dot-cache/json/nixaxa-46-muge983
OK /Users/scottseely/git/knowvah/plantuml-ts/test-results/dot-cache/json/nofuvo-36-muxe040
OK /Users/scottseely/git/knowvah/plantuml-ts/test-results/dot-cache/json/noleta-28-nutu456
OK /Users/scottseely/git/knowvah/plantuml-ts/test-results/dot-cache/json/nopoku-31-cisi925
OK /Users/scottseely/git/knowvah/plantuml-ts/test-results/dot-cache/json/nujuke-14-nabo073
OK /Users/scottseely/git/knowvah/plantuml-ts/test-results/dot-cache/json/nuviro-48-sice969
OK /Users/scottseely/git/knowvah/plantuml-ts/test-results/dot-cache/json/pijume-87-gufu868
OK /Users/scottseely/git/knowvah/plantuml-ts/test-results/dot-cache/json/rutofu-66-kivu935
OK /Users/scottseely/git/knowvah/plantuml-ts/test-results/dot-cache/json/sevaji-38-xita618
OK /Users/scottseely/git/knowvah/plantuml-ts/test-results/dot-cache/json/tacizo-43-dige090
OK /Users/scottseely/git/knowvah/plantuml-ts/test-results/dot-cache/json/timafu-94-bixe774
OK /Users/scottseely/git/knowvah/plantuml-ts/test-results/dot-cache/json/tivuru-65-vezu313
OK /Users/scottseely/git/knowvah/plantuml-ts/test-results/dot-cache/json/vogeku-38-soxe333
OK /Users/scottseely/git/knowvah/plantuml-ts/test-results/dot-cache/json/xajini-72-rora309
OK /Users/scottseely/git/knowvah/plantuml-ts/test-results/dot-cache/json/zasitu-09-lise302
OK /Users/scottseely/git/knowvah/plantuml-ts/test-results/dot-cache/json/zevaka-35-zova441
OK /Users/scottseely/git/knowvah/plantuml-ts/test-results/dot-cache/mindmap/WBS-easter-egg-2
OK /Users/scottseely/git/knowvah/plantuml-ts/test-results/dot-cache/mindmap/WBS-easter-egg-3
OK /Users/scottseely/git/knowvah/plantuml-ts/test-results/dot-cache/mindmap/bepinu-34-tiji715
OK /Users/scottseely/git/knowvah/plantuml-ts/test-results/dot-cache/mindmap/bibipu-24-laxe462
OK /Users/scottseely/git/knowvah/plantuml-ts/test-results/dot-cache/mindmap/cejije-94-xibi793
OK /Users/scottseely/git/knowvah/plantuml-ts/test-results/dot-cache/mindmap/celugu-23-toji527
OK /Users/scottseely/git/knowvah/plantuml-ts/test-results/dot-cache/mindmap/cilala-42-naso533
OK /Users/scottseely/git/knowvah/plantuml-ts/test-results/dot-cache/mindmap/colave-62-kuke565
OK /Users/scottseely/git/knowvah/plantuml-ts/test-results/dot-cache/mindmap/cufaxi-14-cani934
OK /Users/scottseely/git/knowvah/plantuml-ts/test-results/dot-cache/mindmap/cusomu-40-fuke604
OK /Users/scottseely/git/knowvah/plantuml-ts/test-results/dot-cache/mindmap/desuzu-64-vobo007
OK /Users/scottseely/git/knowvah/plantuml-ts/test-results/dot-cache/mindmap/dezuza-88-gige110
OK /Users/scottseely/git/knowvah/plantuml-ts/test-results/dot-cache/mindmap/dirava-16-ride716
OK /Users/scottseely/git/knowvah/plantuml-ts/test-results/dot-cache/mindmap/docige-13-jaka644
OK /Users/scottseely/git/knowvah/plantuml-ts/test-results/dot-cache/mindmap/dojilo-60-cufe274
OK /Users/scottseely/git/knowvah/plantuml-ts/test-results/dot-cache/mindmap/empty-mindmap-0
OK /Users/scottseely/git/knowvah/plantuml-ts/test-results/dot-cache/mindmap/empty-mindmap-1
OK /Users/scottseely/git/knowvah/plantuml-ts/test-results/dot-cache/mindmap/empty-mindmap-2
OK /Users/scottseely/git/knowvah/plantuml-ts/test-results/dot-cache/mindmap/empty-mindmap-3
OK /Users/scottseely/git/knowvah/plantuml-ts/test-results/dot-cache/mindmap/empty-mindmap-4
OK /Users/scottseely/git/knowvah/plantuml-ts/test-results/dot-cache/mindmap/empty-mindmap-5
OK /Users/scottseely/git/knowvah/plantuml-ts/test-results/dot-cache/mindmap/empty-mindmap-6
OK /Users/scottseely/git/knowvah/plantuml-ts/test-results/dot-cache/mindmap/empty-mindmap-7
OK /Users/scottseely/git/knowvah/plantuml-ts/test-results/dot-cache/mindmap/empty-root-mindmap-0
OK /Users/scottseely/git/knowvah/plantuml-ts/test-results/dot-cache/mindmap/empty-root-mindmap-1
OK /Users/scottseely/git/knowvah/plantuml-ts/test-results/dot-cache/mindmap/empty-root-mindmap-2
OK /Users/scottseely/git/knowvah/plantuml-ts/test-results/dot-cache/mindmap/femiba-70-duvi238
OK /Users/scottseely/git/knowvah/plantuml-ts/test-results/dot-cache/mindmap/empty-root-mindmap-3
OK /Users/scottseely/git/knowvah/plantuml-ts/test-results/dot-cache/mindmap/fogari-75-febu345
OK /Users/scottseely/git/knowvah/plantuml-ts/test-results/dot-cache/mindmap/empty-root-mindmap-4
OK /Users/scottseely/git/knowvah/plantuml-ts/test-results/dot-cache/mindmap/fapobe-56-dopo421
OK /Users/scottseely/git/knowvah/plantuml-ts/test-results/dot-cache/mindmap/ferume-00-vobi687
OK /Users/scottseely/git/knowvah/plantuml-ts/test-results/dot-cache/mindmap/fobofo-46-xevi400
OK /Users/scottseely/git/knowvah/plantuml-ts/test-results/dot-cache/mindmap/fojafo-57-davo773
OK /Users/scottseely/git/knowvah/plantuml-ts/test-results/dot-cache/mindmap/fovule-12-noze408
OK /Users/scottseely/git/knowvah/plantuml-ts/test-results/dot-cache/mindmap/fupani-26-luco022
OK /Users/scottseely/git/knowvah/plantuml-ts/test-results/dot-cache/mindmap/gaferi-23-mute427
OK /Users/scottseely/git/knowvah/plantuml-ts/test-results/dot-cache/mindmap/gafote-90-jaca901
OK /Users/scottseely/git/knowvah/plantuml-ts/test-results/dot-cache/mindmap/gafupu-88-xamo144
OK /Users/scottseely/git/knowvah/plantuml-ts/test-results/dot-cache/mindmap/gageno-43-kofi317
OK /Users/scottseely/git/knowvah/plantuml-ts/test-results/dot-cache/mindmap/galiro-74-tocu638
OK /Users/scottseely/git/knowvah/plantuml-ts/test-results/dot-cache/mindmap/geketu-70-xegu078
OK /Users/scottseely/git/knowvah/plantuml-ts/test-results/dot-cache/mindmap/gipupe-27-gila839
OK /Users/scottseely/git/knowvah/plantuml-ts/test-results/dot-cache/mindmap/gotovo-15-tibu204
OK /Users/scottseely/git/knowvah/plantuml-ts/test-results/dot-cache/mindmap/govunu-72-kicu781
OK /Users/scottseely/git/knowvah/plantuml-ts/test-results/dot-cache/mindmap/gukofo-85-vira895
OK /Users/scottseely/git/knowvah/plantuml-ts/test-results/dot-cache/mindmap/gunuco-29-sizu788
OK /Users/scottseely/git/knowvah/plantuml-ts/test-results/dot-cache/mindmap/guvive-85-zipe702
OK /Users/scottseely/git/knowvah/plantuml-ts/test-results/dot-cache/mindmap/jalega-12-tina159
OK /Users/scottseely/git/knowvah/plantuml-ts/test-results/dot-cache/mindmap/jebini-99-lisu010
OK /Users/scottseely/git/knowvah/plantuml-ts/test-results/dot-cache/mindmap/jisagu-99-rofi372
OK /Users/scottseely/git/knowvah/plantuml-ts/test-results/dot-cache/mindmap/jogetu-97-culi829
OK /Users/scottseely/git/knowvah/plantuml-ts/test-results/dot-cache/mindmap/jopuxi-09-cozi456
OK /Users/scottseely/git/knowvah/plantuml-ts/test-results/dot-cache/mindmap/kabidu-52-jaro063
OK /Users/scottseely/git/knowvah/plantuml-ts/test-results/dot-cache/mindmap/kapoze-75-zati796
OK /Users/scottseely/git/knowvah/plantuml-ts/test-results/dot-cache/mindmap/kelome-99-naso291
OK /Users/scottseely/git/knowvah/plantuml-ts/test-results/dot-cache/mindmap/kijafe-43-tati619
OK /Users/scottseely/git/knowvah/plantuml-ts/test-results/dot-cache/mindmap/kijaru-67-buco967
OK /Users/scottseely/git/knowvah/plantuml-ts/test-results/dot-cache/mindmap/kixuba-47-texi176
OK /Users/scottseely/git/knowvah/plantuml-ts/test-results/dot-cache/mindmap/kuzura-59-feso980
OK /Users/scottseely/git/knowvah/plantuml-ts/test-results/dot-cache/mindmap/lomobo-90-tacu965
OK /Users/scottseely/git/knowvah/plantuml-ts/test-results/dot-cache/mindmap/lovono-00-desa891
OK /Users/scottseely/git/knowvah/plantuml-ts/test-results/dot-cache/mindmap/majagu-52-lumi685
OK /Users/scottseely/git/knowvah/plantuml-ts/test-results/dot-cache/mindmap/melicu-94-kuku736
OK /Users/scottseely/git/knowvah/plantuml-ts/test-results/dot-cache/mindmap/mikivo-30-cepi007
OK /Users/scottseely/git/knowvah/plantuml-ts/test-results/dot-cache/mindmap/minimal-mindmap-0
OK /Users/scottseely/git/knowvah/plantuml-ts/test-results/dot-cache/mindmap/minimal-mindmap-1
OK /Users/scottseely/git/knowvah/plantuml-ts/test-results/dot-cache/mindmap/minimal-mindmap-2
OK /Users/scottseely/git/knowvah/plantuml-ts/test-results/dot-cache/mindmap/minimal-mindmap-3
OK /Users/scottseely/git/knowvah/plantuml-ts/test-results/dot-cache/mindmap/minimal-mindmap-4
OK /Users/scottseely/git/knowvah/plantuml-ts/test-results/dot-cache/mindmap/minimal-mindmap-5
OK /Users/scottseely/git/knowvah/plantuml-ts/test-results/dot-cache/mindmap/mokugu-38-jozu296
OK /Users/scottseely/git/knowvah/plantuml-ts/test-results/dot-cache/mindmap/mugozi-44-xibu600
OK /Users/scottseely/git/knowvah/plantuml-ts/test-results/dot-cache/mindmap/muleji-62-gevo561
OK /Users/scottseely/git/knowvah/plantuml-ts/test-results/dot-cache/mindmap/munica-13-foko269
OK /Users/scottseely/git/knowvah/plantuml-ts/test-results/dot-cache/mindmap/napimu-36-duxe621
OK /Users/scottseely/git/knowvah/plantuml-ts/test-results/dot-cache/mindmap/nazixa-45-jope715
OK /Users/scottseely/git/knowvah/plantuml-ts/test-results/dot-cache/mindmap/negola-68-vona263
OK /Users/scottseely/git/knowvah/plantuml-ts/test-results/dot-cache/mindmap/nemame-08-kaje843
OK /Users/scottseely/git/knowvah/plantuml-ts/test-results/dot-cache/mindmap/nevona-73-zabu940
OK /Users/scottseely/git/knowvah/plantuml-ts/test-results/dot-cache/mindmap/nizepu-01-dusu688
OK /Users/scottseely/git/knowvah/plantuml-ts/test-results/dot-cache/mindmap/noleko-05-maju508
OK /Users/scottseely/git/knowvah/plantuml-ts/test-results/dot-cache/mindmap/novega-82-fane133
OK /Users/scottseely/git/knowvah/plantuml-ts/test-results/dot-cache/mindmap/nufibe-93-litu124
OK /Users/scottseely/git/knowvah/plantuml-ts/test-results/dot-cache/mindmap/nukose-24-funi267
OK /Users/scottseely/git/knowvah/plantuml-ts/test-results/dot-cache/mindmap/nuleci-01-sidu915
OK /Users/scottseely/git/knowvah/plantuml-ts/test-results/dot-cache/mindmap/nutove-44-zove663
OK /Users/scottseely/git/knowvah/plantuml-ts/test-results/dot-cache/mindmap/pebonu-12-sana537
OK /Users/scottseely/git/knowvah/plantuml-ts/test-results/dot-cache/mindmap/pedesu-31-tesu526
OK /Users/scottseely/git/knowvah/plantuml-ts/test-results/dot-cache/mindmap/pesava-19-pafo393
OK /Users/scottseely/git/knowvah/plantuml-ts/test-results/dot-cache/mindmap/pesope-57-micu861
OK /Users/scottseely/git/knowvah/plantuml-ts/test-results/dot-cache/mindmap/petoda-11-duza898
OK /Users/scottseely/git/knowvah/plantuml-ts/test-results/dot-cache/mindmap/picipa-74-musu968
OK /Users/scottseely/git/knowvah/plantuml-ts/test-results/dot-cache/mindmap/pofimu-70-xoba026
OK /Users/scottseely/git/knowvah/plantuml-ts/test-results/dot-cache/mindmap/poxujo-42-cito478
OK /Users/scottseely/git/knowvah/plantuml-ts/test-results/dot-cache/mindmap/pumeze-93-licu653
OK /Users/scottseely/git/knowvah/plantuml-ts/test-results/dot-cache/mindmap/pusifu-47-jolu778
OK /Users/scottseely/git/knowvah/plantuml-ts/test-results/dot-cache/mindmap/racizo-58-jajo565
OK /Users/scottseely/git/knowvah/plantuml-ts/test-results/dot-cache/mindmap/ragine-69-gusa872
OK /Users/scottseely/git/knowvah/plantuml-ts/test-results/dot-cache/mindmap/ramaro-47-jaxa538
OK /Users/scottseely/git/knowvah/plantuml-ts/test-results/dot-cache/mindmap/rasofu-54-nunu541
OK /Users/scottseely/git/knowvah/plantuml-ts/test-results/dot-cache/mindmap/raxobo-05-zeje898
OK /Users/scottseely/git/knowvah/plantuml-ts/test-results/dot-cache/mindmap/renopo-92-xipi220
OK /Users/scottseely/git/knowvah/plantuml-ts/test-results/dot-cache/mindmap/ricafe-07-fomi979
OK /Users/scottseely/git/knowvah/plantuml-ts/test-results/dot-cache/mindmap/rinamu-56-tabi421
OK /Users/scottseely/git/knowvah/plantuml-ts/test-results/dot-cache/mindmap/rixudo-24-teru887
OK /Users/scottseely/git/knowvah/plantuml-ts/test-results/dot-cache/mindmap/rogozo-02-deze241
OK /Users/scottseely/git/knowvah/plantuml-ts/test-results/dot-cache/mindmap/rotaco-06-mace855
OK /Users/scottseely/git/knowvah/plantuml-ts/test-results/dot-cache/mindmap/rupule-31-tage102
OK /Users/scottseely/git/knowvah/plantuml-ts/test-results/dot-cache/mindmap/sajeji-86-piga774
OK /Users/scottseely/git/knowvah/plantuml-ts/test-results/dot-cache/mindmap/sinapo-42-xege788
OK /Users/scottseely/git/knowvah/plantuml-ts/test-results/dot-cache/mindmap/sogixu-03-rixu603
OK /Users/scottseely/git/knowvah/plantuml-ts/test-results/dot-cache/mindmap/somife-42-levu771
OK /Users/scottseely/git/knowvah/plantuml-ts/test-results/dot-cache/mindmap/susipa-95-tedu015
OK /Users/scottseely/git/knowvah/plantuml-ts/test-results/dot-cache/mindmap/sotali-22-vexo962
OK /Users/scottseely/git/knowvah/plantuml-ts/test-results/dot-cache/mindmap/sufuli-69-rezu371
OK /Users/scottseely/git/knowvah/plantuml-ts/test-results/dot-cache/mindmap/sumati-11-kela688
OK /Users/scottseely/git/knowvah/plantuml-ts/test-results/dot-cache/mindmap/tarato-41-cada051
OK /Users/scottseely/git/knowvah/plantuml-ts/test-results/dot-cache/mindmap/taraxo-09-xalu713
OK /Users/scottseely/git/knowvah/plantuml-ts/test-results/dot-cache/mindmap/ticuga-10-vufu526
OK /Users/scottseely/git/knowvah/plantuml-ts/test-results/dot-cache/mindmap/timozo-41-puno814
OK /Users/scottseely/git/knowvah/plantuml-ts/test-results/dot-cache/mindmap/tojora-67-taku662
OK /Users/scottseely/git/knowvah/plantuml-ts/test-results/dot-cache/mindmap/turoca-19-lece026
OK /Users/scottseely/git/knowvah/plantuml-ts/test-results/dot-cache/mindmap/vacofo-66-puno159
OK /Users/scottseely/git/knowvah/plantuml-ts/test-results/dot-cache/mindmap/vagapi-25-benu796
OK /Users/scottseely/git/knowvah/plantuml-ts/test-results/dot-cache/mindmap/vikaku-89-noso154
OK /Users/scottseely/git/knowvah/plantuml-ts/test-results/dot-cache/mindmap/vinuji-50-mife349
OK /Users/scottseely/git/knowvah/plantuml-ts/test-results/dot-cache/mindmap/viveno-69-zopi622
OK /Users/scottseely/git/knowvah/plantuml-ts/test-results/dot-cache/mindmap/vosote-32-xuna031
OK /Users/scottseely/git/knowvah/plantuml-ts/test-results/dot-cache/mindmap/vuvedi-39-navo294
OK /Users/scottseely/git/knowvah/plantuml-ts/test-results/dot-cache/mindmap/xamizo-49-bisu952
OK /Users/scottseely/git/knowvah/plantuml-ts/test-results/dot-cache/mindmap/xilovu-05-fizo673
OK /Users/scottseely/git/knowvah/plantuml-ts/test-results/dot-cache/mindmap/xozepe-31-kupe513
OK /Users/scottseely/git/knowvah/plantuml-ts/test-results/dot-cache/mindmap/xuceti-39-nugu723
OK /Users/scottseely/git/knowvah/plantuml-ts/test-results/dot-cache/mindmap/zarage-93-sire269
OK /Users/scottseely/git/knowvah/plantuml-ts/test-results/dot-cache/mindmap/zasori-23-laja126
OK /Users/scottseely/git/knowvah/plantuml-ts/test-results/dot-cache/mindmap/zature-18-vidu755
OK /Users/scottseely/git/knowvah/plantuml-ts/test-results/dot-cache/mindmap/zavina-17-dena407
OK /Users/scottseely/git/knowvah/plantuml-ts/test-results/dot-cache/mindmap/zebuzi-73-koxu022
OK /Users/scottseely/git/knowvah/plantuml-ts/test-results/dot-cache/mindmap/zenigi-93-gofu307
OK /Users/scottseely/git/knowvah/plantuml-ts/test-results/dot-cache/mindmap/zezafi-76-poto168
OK /Users/scottseely/git/knowvah/plantuml-ts/test-results/dot-cache/mindmap/zirabo-51-lera821
OK /Users/scottseely/git/knowvah/plantuml-ts/test-results/dot-cache/network/denevo-18-toza672
OK /Users/scottseely/git/knowvah/plantuml-ts/test-results/dot-cache/network/janezo-95-zale345
OK /Users/scottseely/git/knowvah/plantuml-ts/test-results/dot-cache/network/rozemi-46-vuli505
OK /Users/scottseely/git/knowvah/plantuml-ts/test-results/dot-cache/object/baloca-83-nadu916
OK /Users/scottseely/git/knowvah/plantuml-ts/test-results/dot-cache/object/beleso-08-ruca459
OK /Users/scottseely/git/knowvah/plantuml-ts/test-results/dot-cache/object/bepafe-03-teda035
OK /Users/scottseely/git/knowvah/plantuml-ts/test-results/dot-cache/object/beruju-17-jigi548
OK /Users/scottseely/git/knowvah/plantuml-ts/test-results/dot-cache/object/diveje-52-xefe514
OK /Users/scottseely/git/knowvah/plantuml-ts/test-results/dot-cache/object/donoki-79-riku189
OK /Users/scottseely/git/knowvah/plantuml-ts/test-results/dot-cache/object/fafozi-27-reja300
OK /Users/scottseely/git/knowvah/plantuml-ts/test-results/dot-cache/object/fajafu-44-cuve930
OK /Users/scottseely/git/knowvah/plantuml-ts/test-results/dot-cache/object/febadi-87-zozu271
OK /Users/scottseely/git/knowvah/plantuml-ts/test-results/dot-cache/object/figeze-77-fozi735
OK /Users/scottseely/git/knowvah/plantuml-ts/test-results/dot-cache/object/fikojo-87-tine499
OK /Users/scottseely/git/knowvah/plantuml-ts/test-results/dot-cache/object/fonulu-92-libi014
OK /Users/scottseely/git/knowvah/plantuml-ts/test-results/dot-cache/object/fusopu-05-loxo960
OK /Users/scottseely/git/knowvah/plantuml-ts/test-results/dot-cache/object/gapisu-00-celo011
OK /Users/scottseely/git/knowvah/plantuml-ts/test-results/dot-cache/object/gatefi-65-curu360
OK /Users/scottseely/git/knowvah/plantuml-ts/test-results/dot-cache/object/gizini-87-vuve916
OK /Users/scottseely/git/knowvah/plantuml-ts/test-results/dot-cache/object/gubene-80-zume167
OK /Users/scottseely/git/knowvah/plantuml-ts/test-results/dot-cache/object/guzojo-14-muxa584
OK /Users/scottseely/git/knowvah/plantuml-ts/test-results/dot-cache/object/jabote-02-rajo672
OK /Users/scottseely/git/knowvah/plantuml-ts/test-results/dot-cache/object/janoma-30-dovo501
OK /Users/scottseely/git/knowvah/plantuml-ts/test-results/dot-cache/object/jaxere-74-cole479
OK /Users/scottseely/git/knowvah/plantuml-ts/test-results/dot-cache/object/jocamu-71-nuvo330
OK /Users/scottseely/git/knowvah/plantuml-ts/test-results/dot-cache/object/jotaga-99-fatu830
OK /Users/scottseely/git/knowvah/plantuml-ts/test-results/dot-cache/object/juciri-29-tamu404
OK /Users/scottseely/git/knowvah/plantuml-ts/test-results/dot-cache/object/kagope-09-kubu001
OK /Users/scottseely/git/knowvah/plantuml-ts/test-results/dot-cache/object/kavako-54-zipa815
OK /Users/scottseely/git/knowvah/plantuml-ts/test-results/dot-cache/object/kexica-21-gega428
OK /Users/scottseely/git/knowvah/plantuml-ts/test-results/dot-cache/object/kiluja-96-pado371
OK /Users/scottseely/git/knowvah/plantuml-ts/test-results/dot-cache/object/kocupi-02-ripa662
OK /Users/scottseely/git/knowvah/plantuml-ts/test-results/dot-cache/object/lafemo-98-ruri220
OK /Users/scottseely/git/knowvah/plantuml-ts/test-results/dot-cache/object/lalizo-85-paxe277
OK /Users/scottseely/git/knowvah/plantuml-ts/test-results/dot-cache/object/lapato-45-neje847
OK /Users/scottseely/git/knowvah/plantuml-ts/test-results/dot-cache/object/lecali-51-funo316
OK /Users/scottseely/git/knowvah/plantuml-ts/test-results/dot-cache/object/lijoda-62-teci632
OK /Users/scottseely/git/knowvah/plantuml-ts/test-results/dot-cache/object/linazi-45-gevo553
OK /Users/scottseely/git/knowvah/plantuml-ts/test-results/dot-cache/object/linuxu-41-cogo780
OK /Users/scottseely/git/knowvah/plantuml-ts/test-results/dot-cache/object/lisepi-64-mudo307
OK /Users/scottseely/git/knowvah/plantuml-ts/test-results/dot-cache/object/lunike-70-xipi897
OK /Users/scottseely/git/knowvah/plantuml-ts/test-results/dot-cache/object/majake-62-pero492
OK /Users/scottseely/git/knowvah/plantuml-ts/test-results/dot-cache/object/maxosa-84-juci042
OK /Users/scottseely/git/knowvah/plantuml-ts/test-results/dot-cache/object/meloxo-38-jeti489
OK /Users/scottseely/git/knowvah/plantuml-ts/test-results/dot-cache/object/niloru-34-nuve651
OK /Users/scottseely/git/knowvah/plantuml-ts/test-results/dot-cache/object/nitica-38-cere665
OK /Users/scottseely/git/knowvah/plantuml-ts/test-results/dot-cache/object/nufoju-44-dabi767
OK /Users/scottseely/git/knowvah/plantuml-ts/test-results/dot-cache/object/nukera-08-dige359
OK /Users/scottseely/git/knowvah/plantuml-ts/test-results/dot-cache/object/nulixu-97-nofi684
OK /Users/scottseely/git/knowvah/plantuml-ts/test-results/dot-cache/object/pagidu-67-doxa131
OK /Users/scottseely/git/knowvah/plantuml-ts/test-results/dot-cache/object/pavizi-27-xupe815
OK /Users/scottseely/git/knowvah/plantuml-ts/test-results/dot-cache/object/pikuba-31-faxo766
OK /Users/scottseely/git/knowvah/plantuml-ts/test-results/dot-cache/object/rocepa-35-gepo708
OK /Users/scottseely/git/knowvah/plantuml-ts/test-results/dot-cache/object/rotele-89-cuva650
OK /Users/scottseely/git/knowvah/plantuml-ts/test-results/dot-cache/object/rozuxo-44-fudi093
OK /Users/scottseely/git/knowvah/plantuml-ts/test-results/dot-cache/object/ruloso-59-nato909
OK /Users/scottseely/git/knowvah/plantuml-ts/test-results/dot-cache/object/ruturo-47-kapi300
OK /Users/scottseely/git/knowvah/plantuml-ts/test-results/dot-cache/object/sajege-04-zuce784
OK /Users/scottseely/git/knowvah/plantuml-ts/test-results/dot-cache/object/sarepa-89-cevi460
OK /Users/scottseely/git/knowvah/plantuml-ts/test-results/dot-cache/object/satuco-50-vusa163
OK /Users/scottseely/git/knowvah/plantuml-ts/test-results/dot-cache/object/sibika-09-sipu286
OK /Users/scottseely/git/knowvah/plantuml-ts/test-results/dot-cache/object/sigado-12-rina240
OK /Users/scottseely/git/knowvah/plantuml-ts/test-results/dot-cache/object/sinepa-64-beze711
OK /Users/scottseely/git/knowvah/plantuml-ts/test-results/dot-cache/object/sivapa-41-sebu112
OK /Users/scottseely/git/knowvah/plantuml-ts/test-results/dot-cache/object/sivime-00-gudo607
OK /Users/scottseely/git/knowvah/plantuml-ts/test-results/dot-cache/object/sobosi-40-xuda813
OK /Users/scottseely/git/knowvah/plantuml-ts/test-results/dot-cache/object/sorisi-53-xebi982
OK /Users/scottseely/git/knowvah/plantuml-ts/test-results/dot-cache/object/soxufi-98-nita528
OK /Users/scottseely/git/knowvah/plantuml-ts/test-results/dot-cache/object/style-stereotype-on-arrow-3
OK /Users/scottseely/git/knowvah/plantuml-ts/test-results/dot-cache/object/style-stereotype-on-arrow-7
OK /Users/scottseely/git/knowvah/plantuml-ts/test-results/dot-cache/object/tenalu-53-meri239
OK /Users/scottseely/git/knowvah/plantuml-ts/test-results/dot-cache/object/tobuka-93-jale775
OK /Users/scottseely/git/knowvah/plantuml-ts/test-results/dot-cache/object/togixe-65-bepo490
OK /Users/scottseely/git/knowvah/plantuml-ts/test-results/dot-cache/object/tujasu-04-nota700
OK /Users/scottseely/git/knowvah/plantuml-ts/test-results/dot-cache/object/tusiri-92-catu943
OK /Users/scottseely/git/knowvah/plantuml-ts/test-results/dot-cache/object/vimavu-26-civo110
OK /Users/scottseely/git/knowvah/plantuml-ts/test-results/dot-cache/object/vocute-12-suxa445
OK /Users/scottseely/git/knowvah/plantuml-ts/test-results/dot-cache/object/vozomu-86-rodo657
OK /Users/scottseely/git/knowvah/plantuml-ts/test-results/dot-cache/object/xuvesu-44-laru205
OK /Users/scottseely/git/knowvah/plantuml-ts/test-results/dot-cache/object/zagodo-28-ranu153
OK /Users/scottseely/git/knowvah/plantuml-ts/test-results/dot-cache/object/zebufu-01-pevo013
OK /Users/scottseely/git/knowvah/plantuml-ts/test-results/dot-cache/object/zicope-62-pica490
OK /Users/scottseely/git/knowvah/plantuml-ts/test-results/dot-cache/object/zuvila-56-nuda425
OK /Users/scottseely/git/knowvah/plantuml-ts/test-results/dot-cache/packet/packet-auto-position
OK /Users/scottseely/git/knowvah/plantuml-ts/test-results/dot-cache/packet/packet-colwidth-8
OK /Users/scottseely/git/knowvah/plantuml-ts/test-results/dot-cache/packet/packet-rtl
OK /Users/scottseely/git/knowvah/plantuml-ts/test-results/dot-cache/regex/bakuza-41-bulo451
OK /Users/scottseely/git/knowvah/plantuml-ts/test-results/dot-cache/packet/packet-spanning-field
OK /Users/scottseely/git/knowvah/plantuml-ts/test-results/dot-cache/packet/packet-tall-field
OK /Users/scottseely/git/knowvah/plantuml-ts/test-results/dot-cache/packet/packet-tcp-header
OK /Users/scottseely/git/knowvah/plantuml-ts/test-results/dot-cache/regex/bafake-97-xuse174
OK /Users/scottseely/git/knowvah/plantuml-ts/test-results/dot-cache/regex/berumi-65-cibe015
OK /Users/scottseely/git/knowvah/plantuml-ts/test-results/dot-cache/regex/bokija-33-bidi902
OK /Users/scottseely/git/knowvah/plantuml-ts/test-results/dot-cache/regex/cecave-79-napo327
OK /Users/scottseely/git/knowvah/plantuml-ts/test-results/dot-cache/regex/cideno-22-culo794
OK /Users/scottseely/git/knowvah/plantuml-ts/test-results/dot-cache/regex/codoju-71-buko966
OK /Users/scottseely/git/knowvah/plantuml-ts/test-results/dot-cache/regex/cosexo-73-bemo247
OK /Users/scottseely/git/knowvah/plantuml-ts/test-results/dot-cache/regex/dotope-22-dobu349
OK /Users/scottseely/git/knowvah/plantuml-ts/test-results/dot-cache/regex/daxuxe-98-zebi341
OK /Users/scottseely/git/knowvah/plantuml-ts/test-results/dot-cache/regex/faporu-75-biso094
OK /Users/scottseely/git/knowvah/plantuml-ts/test-results/dot-cache/regex/fetugu-14-reku797
OK /Users/scottseely/git/knowvah/plantuml-ts/test-results/dot-cache/regex/gulila-60-maju795
OK /Users/scottseely/git/knowvah/plantuml-ts/test-results/dot-cache/regex/guxare-65-sule707
OK /Users/scottseely/git/knowvah/plantuml-ts/test-results/dot-cache/regex/jatoxe-39-gina812
OK /Users/scottseely/git/knowvah/plantuml-ts/test-results/dot-cache/regex/kaceze-53-cogo852
OK /Users/scottseely/git/knowvah/plantuml-ts/test-results/dot-cache/regex/kagupe-27-guvo607
OK /Users/scottseely/git/knowvah/plantuml-ts/test-results/dot-cache/regex/kejojo-63-jigo724
OK /Users/scottseely/git/knowvah/plantuml-ts/test-results/dot-cache/regex/ladado-59-lofe182
OK /Users/scottseely/git/knowvah/plantuml-ts/test-results/dot-cache/regex/lelani-36-puxo272
OK /Users/scottseely/git/knowvah/plantuml-ts/test-results/dot-cache/regex/liniro-89-xixa787
OK /Users/scottseely/git/knowvah/plantuml-ts/test-results/dot-cache/regex/leluxe-05-lava324
OK /Users/scottseely/git/knowvah/plantuml-ts/test-results/dot-cache/regex/mezupo-66-nemu390
OK /Users/scottseely/git/knowvah/plantuml-ts/test-results/dot-cache/regex/movuda-30-bife663
OK /Users/scottseely/git/knowvah/plantuml-ts/test-results/dot-cache/regex/mutibo-53-kaba547
OK /Users/scottseely/git/knowvah/plantuml-ts/test-results/dot-cache/regex/nebabi-81-ciko205
OK /Users/scottseely/git/knowvah/plantuml-ts/test-results/dot-cache/regex/nimuki-43-mane777
OK /Users/scottseely/git/knowvah/plantuml-ts/test-results/dot-cache/regex/nufine-90-rike598
OK /Users/scottseely/git/knowvah/plantuml-ts/test-results/dot-cache/regex/pereco-49-bati040
OK /Users/scottseely/git/knowvah/plantuml-ts/test-results/dot-cache/regex/pesaje-59-lari865
OK /Users/scottseely/git/knowvah/plantuml-ts/test-results/dot-cache/regex/razijo-93-nime493
OK /Users/scottseely/git/knowvah/plantuml-ts/test-results/dot-cache/regex/rekuna-70-zoxu952
OK /Users/scottseely/git/knowvah/plantuml-ts/test-results/dot-cache/regex/tajefa-31-pefi801
OK /Users/scottseely/git/knowvah/plantuml-ts/test-results/dot-cache/regex/ruliso-63-dole162
OK /Users/scottseely/git/knowvah/plantuml-ts/test-results/dot-cache/regex/runani-72-tono036
OK /Users/scottseely/git/knowvah/plantuml-ts/test-results/dot-cache/regex/savotu-93-feda836
OK /Users/scottseely/git/knowvah/plantuml-ts/test-results/dot-cache/regex/setiso-86-mune935
OK /Users/scottseely/git/knowvah/plantuml-ts/test-results/dot-cache/regex/topamu-99-rasu015
OK /Users/scottseely/git/knowvah/plantuml-ts/test-results/dot-cache/regex/tubepu-44-gigu535
OK /Users/scottseely/git/knowvah/plantuml-ts/test-results/dot-cache/regex/tuxova-21-meni538
OK /Users/scottseely/git/knowvah/plantuml-ts/test-results/dot-cache/regex/virimu-78-dise223
OK /Users/scottseely/git/knowvah/plantuml-ts/test-results/dot-cache/regex/vokasi-57-zupa746
OK /Users/scottseely/git/knowvah/plantuml-ts/test-results/dot-cache/regex/vunumo-43-buli848
OK /Users/scottseely/git/knowvah/plantuml-ts/test-results/dot-cache/regex/xovema-14-refe049
OK /Users/scottseely/git/knowvah/plantuml-ts/test-results/dot-cache/regex/zabido-19-vevu063
OK /Users/scottseely/git/knowvah/plantuml-ts/test-results/dot-cache/regex/zobaxa-88-gedu220
OK /Users/scottseely/git/knowvah/plantuml-ts/test-results/dot-cache/salt/bireva-46-dalu382
OK /Users/scottseely/git/knowvah/plantuml-ts/test-results/dot-cache/salt/bogusi-24-gedu278
OK /Users/scottseely/git/knowvah/plantuml-ts/test-results/dot-cache/salt/buxoza-46-zezu068
OK /Users/scottseely/git/knowvah/plantuml-ts/test-results/dot-cache/salt/cajoda-60-geze313
OK /Users/scottseely/git/knowvah/plantuml-ts/test-results/dot-cache/salt/cedeku-50-nopo940
OK /Users/scottseely/git/knowvah/plantuml-ts/test-results/dot-cache/salt/cifali-45-fexa238
OK /Users/scottseely/git/knowvah/plantuml-ts/test-results/dot-cache/salt/danope-71-noje226
OK /Users/scottseely/git/knowvah/plantuml-ts/test-results/dot-cache/salt/detike-12-nika771
OK /Users/scottseely/git/knowvah/plantuml-ts/test-results/dot-cache/salt/digebu-56-luko289
OK /Users/scottseely/git/knowvah/plantuml-ts/test-results/dot-cache/salt/dijali-04-life812
OK /Users/scottseely/git/knowvah/plantuml-ts/test-results/dot-cache/salt/donogu-83-dolo473
OK /Users/scottseely/git/knowvah/plantuml-ts/test-results/dot-cache/salt/dukixu-89-fase540
OK /Users/scottseely/git/knowvah/plantuml-ts/test-results/dot-cache/salt/ferobi-59-kojo540
OK /Users/scottseely/git/knowvah/plantuml-ts/test-results/dot-cache/salt/firuta-83-ruvi281
OK /Users/scottseely/git/knowvah/plantuml-ts/test-results/dot-cache/salt/fokigi-37-juxi678
OK /Users/scottseely/git/knowvah/plantuml-ts/test-results/dot-cache/salt/gubexu-82-name357
OK /Users/scottseely/git/knowvah/plantuml-ts/test-results/dot-cache/salt/jukefo-44-teja465
OK /Users/scottseely/git/knowvah/plantuml-ts/test-results/dot-cache/salt/lakari-33-mone874
OK /Users/scottseely/git/knowvah/plantuml-ts/test-results/dot-cache/salt/kabevi-77-moje909
OK /Users/scottseely/git/knowvah/plantuml-ts/test-results/dot-cache/salt/kaziri-68-fofu065
OK /Users/scottseely/git/knowvah/plantuml-ts/test-results/dot-cache/salt/kigoki-76-zobi297
OK /Users/scottseely/git/knowvah/plantuml-ts/test-results/dot-cache/salt/lobile-12-tafe674
OK /Users/scottseely/git/knowvah/plantuml-ts/test-results/dot-cache/salt/lojove-43-veci853
OK /Users/scottseely/git/knowvah/plantuml-ts/test-results/dot-cache/salt/maxone-19-guto514
OK /Users/scottseely/git/knowvah/plantuml-ts/test-results/dot-cache/salt/mejeki-64-buvo994
OK /Users/scottseely/git/knowvah/plantuml-ts/test-results/dot-cache/salt/mucife-33-devu289
OK /Users/scottseely/git/knowvah/plantuml-ts/test-results/dot-cache/salt/nakuvu-18-nive718
OK /Users/scottseely/git/knowvah/plantuml-ts/test-results/dot-cache/salt/neguge-98-cilu043
OK /Users/scottseely/git/knowvah/plantuml-ts/test-results/dot-cache/salt/nutesi-68-soxe380
OK /Users/scottseely/git/knowvah/plantuml-ts/test-results/dot-cache/salt/pusisi-42-reco966
OK /Users/scottseely/git/knowvah/plantuml-ts/test-results/dot-cache/salt/resexi-89-jeru231
OK /Users/scottseely/git/knowvah/plantuml-ts/test-results/dot-cache/salt/ributi-22-dogi775
OK /Users/scottseely/git/knowvah/plantuml-ts/test-results/dot-cache/salt/rulico-91-pora469
OK /Users/scottseely/git/knowvah/plantuml-ts/test-results/dot-cache/salt/sidoxe-34-nuzu138
OK /Users/scottseely/git/knowvah/plantuml-ts/test-results/dot-cache/salt/suvage-74-tera749
OK /Users/scottseely/git/knowvah/plantuml-ts/test-results/dot-cache/salt/tageba-44-kove684
OK /Users/scottseely/git/knowvah/plantuml-ts/test-results/dot-cache/salt/tejera-28-feli353
OK /Users/scottseely/git/knowvah/plantuml-ts/test-results/dot-cache/salt/teloka-76-mamu714
OK /Users/scottseely/git/knowvah/plantuml-ts/test-results/dot-cache/salt/terujo-11-dizo291
OK /Users/scottseely/git/knowvah/plantuml-ts/test-results/dot-cache/salt/tidube-04-sivu098
OK /Users/scottseely/git/knowvah/plantuml-ts/test-results/dot-cache/salt/tikoga-90-nedu880
OK /Users/scottseely/git/knowvah/plantuml-ts/test-results/dot-cache/salt/tisaje-59-zula947
OK /Users/scottseely/git/knowvah/plantuml-ts/test-results/dot-cache/salt/vizono-80-vipa581
OK /Users/scottseely/git/knowvah/plantuml-ts/test-results/dot-cache/salt/vuxibo-96-tago783
OK /Users/scottseely/git/knowvah/plantuml-ts/test-results/dot-cache/salt/xaderu-42-jone467
OK /Users/scottseely/git/knowvah/plantuml-ts/test-results/dot-cache/salt/xetajo-70-relu240
OK /Users/scottseely/git/knowvah/plantuml-ts/test-results/dot-cache/salt/xicose-14-gigi527
OK /Users/scottseely/git/knowvah/plantuml-ts/test-results/dot-cache/salt/xijera-10-zago331
OK /Users/scottseely/git/knowvah/plantuml-ts/test-results/dot-cache/salt/xutoni-07-pike306
OK /Users/scottseely/git/knowvah/plantuml-ts/test-results/dot-cache/salt/zereco-90-dedo257
OK /Users/scottseely/git/knowvah/plantuml-ts/test-results/dot-cache/salt/zocule-51-bave879
OK /Users/scottseely/git/knowvah/plantuml-ts/test-results/dot-cache/sequence/Sequence-delay-destroy-newpage-style
OK /Users/scottseely/git/knowvah/plantuml-ts/test-results/dot-cache/sequence/SequenceArrows_0001_Test
OK /Users/scottseely/git/knowvah/plantuml-ts/test-results/dot-cache/sequence/SequenceArrows_0002_Test
OK /Users/scottseely/git/knowvah/plantuml-ts/test-results/dot-cache/sequence/TeozTimelineIssues_0002_Test
OK /Users/scottseely/git/knowvah/plantuml-ts/test-results/dot-cache/sequence/TeozTimelineIssues_0003_Test
OK /Users/scottseely/git/knowvah/plantuml-ts/test-results/dot-cache/sequence/TeozTimelineIssues_0004_Test
OK /Users/scottseely/git/knowvah/plantuml-ts/test-results/dot-cache/sequence/TeozTimelineIssues_0005_Test
OK /Users/scottseely/git/knowvah/plantuml-ts/test-results/dot-cache/sequence/TeozTimelineIssues_0006_Test
OK /Users/scottseely/git/knowvah/plantuml-ts/test-results/dot-cache/sequence/TeozTimelineIssues_0007_Test
OK /Users/scottseely/git/knowvah/plantuml-ts/test-results/dot-cache/sequence/TeozTimelineIssues_0008_Test
OK /Users/scottseely/git/knowvah/plantuml-ts/test-results/dot-cache/sequence/bacupi-77-fuke586
OK /Users/scottseely/git/knowvah/plantuml-ts/test-results/dot-cache/sequence/badoba-13-cuba151
OK /Users/scottseely/git/knowvah/plantuml-ts/test-results/dot-cache/sequence/badolo-34-lesi912
OK /Users/scottseely/git/knowvah/plantuml-ts/test-results/dot-cache/sequence/bafego-76-loru892
OK /Users/scottseely/git/knowvah/plantuml-ts/test-results/dot-cache/sequence/bagexe-03-bozo133
OK /Users/scottseely/git/knowvah/plantuml-ts/test-results/dot-cache/sequence/bajapi-70-tevi384
OK /Users/scottseely/git/knowvah/plantuml-ts/test-results/dot-cache/sequence/bajocu-67-ciki049
OK /Users/scottseely/git/knowvah/plantuml-ts/test-results/dot-cache/sequence/baketu-62-cumu838
OK /Users/scottseely/git/knowvah/plantuml-ts/test-results/dot-cache/sequence/bakire-18-peku988
OK /Users/scottseely/git/knowvah/plantuml-ts/test-results/dot-cache/sequence/bakuba-09-fica741
OK /Users/scottseely/git/knowvah/plantuml-ts/test-results/dot-cache/sequence/balixa-47-mudo983
OK /Users/scottseely/git/knowvah/plantuml-ts/test-results/dot-cache/sequence/bapifu-18-bazi719
OK /Users/scottseely/git/knowvah/plantuml-ts/test-results/dot-cache/sequence/baxafe-32-gaka532
OK /Users/scottseely/git/knowvah/plantuml-ts/test-results/dot-cache/sequence/baxopu-48-fezi101
OK /Users/scottseely/git/knowvah/plantuml-ts/test-results/dot-cache/sequence/baxude-35-gete020
OK /Users/scottseely/git/knowvah/plantuml-ts/test-results/dot-cache/sequence/baxuxa-14-puvo950
OK /Users/scottseely/git/knowvah/plantuml-ts/test-results/dot-cache/sequence/bedaja-09-gezu912
OK /Users/scottseely/git/knowvah/plantuml-ts/test-results/dot-cache/sequence/bejate-92-fubo102
OK /Users/scottseely/git/knowvah/plantuml-ts/test-results/dot-cache/sequence/benuba-40-puxa935
OK /Users/scottseely/git/knowvah/plantuml-ts/test-results/dot-cache/sequence/benugo-73-kezi734
OK /Users/scottseely/git/knowvah/plantuml-ts/test-results/dot-cache/sequence/bepipo-37-fego336
OK /Users/scottseely/git/knowvah/plantuml-ts/test-results/dot-cache/sequence/bepopi-29-dobu802
OK /Users/scottseely/git/knowvah/plantuml-ts/test-results/dot-cache/sequence/bexoce-95-vibe195
OK /Users/scottseely/git/knowvah/plantuml-ts/test-results/dot-cache/sequence/bidopa-30-jafi560
OK /Users/scottseely/git/knowvah/plantuml-ts/test-results/dot-cache/sequence/bifuzu-54-gefo004
OK /Users/scottseely/git/knowvah/plantuml-ts/test-results/dot-cache/sequence/biluba-79-delo134
OK /Users/scottseely/git/knowvah/plantuml-ts/test-results/dot-cache/sequence/binegi-05-xere209
OK /Users/scottseely/git/knowvah/plantuml-ts/test-results/dot-cache/sequence/binupo-93-begi656
OK /Users/scottseely/git/knowvah/plantuml-ts/test-results/dot-cache/sequence/bipoce-87-cuki505
OK /Users/scottseely/git/knowvah/plantuml-ts/test-results/dot-cache/sequence/birefi-44-bata482
OK /Users/scottseely/git/knowvah/plantuml-ts/test-results/dot-cache/sequence/birike-24-lete111
OK /Users/scottseely/git/knowvah/plantuml-ts/test-results/dot-cache/sequence/birocu-87-xubi808
OK /Users/scottseely/git/knowvah/plantuml-ts/test-results/dot-cache/sequence/biruge-35-vaxu680
OK /Users/scottseely/git/knowvah/plantuml-ts/test-results/dot-cache/sequence/bitutu-89-luju788
OK /Users/scottseely/git/knowvah/plantuml-ts/test-results/dot-cache/sequence/bobofu-53-coje821
OK /Users/scottseely/git/knowvah/plantuml-ts/test-results/dot-cache/sequence/bocudo-94-jode371
OK /Users/scottseely/git/knowvah/plantuml-ts/test-results/dot-cache/sequence/bocusa-16-ciju126
OK /Users/scottseely/git/knowvah/plantuml-ts/test-results/dot-cache/sequence/bodobu-73-noli773
OK /Users/scottseely/git/knowvah/plantuml-ts/test-results/dot-cache/sequence/bofovo-45-figi573
OK /Users/scottseely/git/knowvah/plantuml-ts/test-results/dot-cache/sequence/boguvi-37-ralo631
OK /Users/scottseely/git/knowvah/plantuml-ts/test-results/dot-cache/sequence/bokazo-24-tefu124
OK /Users/scottseely/git/knowvah/plantuml-ts/test-results/dot-cache/sequence/bomino-39-tipo216
OK /Users/scottseely/git/knowvah/plantuml-ts/test-results/dot-cache/sequence/boparo-11-pema294
OK /Users/scottseely/git/knowvah/plantuml-ts/test-results/dot-cache/sequence/bopizu-70-rese737
OK /Users/scottseely/git/knowvah/plantuml-ts/test-results/dot-cache/sequence/bosedo-77-loge384
OK /Users/scottseely/git/knowvah/plantuml-ts/test-results/dot-cache/sequence/botoku-28-cupe920
OK /Users/scottseely/git/knowvah/plantuml-ts/test-results/dot-cache/sequence/bovuda-87-dale466
OK /Users/scottseely/git/knowvah/plantuml-ts/test-results/dot-cache/sequence/bovugo-63-lazo401
OK /Users/scottseely/git/knowvah/plantuml-ts/test-results/dot-cache/sequence/boxibe-39-luco835
OK /Users/scottseely/git/knowvah/plantuml-ts/test-results/dot-cache/sequence/bozama-65-pexo274
OK /Users/scottseely/git/knowvah/plantuml-ts/test-results/dot-cache/sequence/bozuru-10-rajo382
OK /Users/scottseely/git/knowvah/plantuml-ts/test-results/dot-cache/sequence/bucebo-91-xavo442
OK /Users/scottseely/git/knowvah/plantuml-ts/test-results/dot-cache/sequence/budevu-23-popi845
OK /Users/scottseely/git/knowvah/plantuml-ts/test-results/dot-cache/sequence/bugabo-85-veki716
OK /Users/scottseely/git/knowvah/plantuml-ts/test-results/dot-cache/sequence/bugafa-93-duzi514
OK /Users/scottseely/git/knowvah/plantuml-ts/test-results/dot-cache/sequence/bugaju-81-ciko758
OK /Users/scottseely/git/knowvah/plantuml-ts/test-results/dot-cache/sequence/bugalu-47-ludi530
OK /Users/scottseely/git/knowvah/plantuml-ts/test-results/dot-cache/sequence/bujuma-55-rupu730
OK /Users/scottseely/git/knowvah/plantuml-ts/test-results/dot-cache/sequence/bulixe-06-boge494
OK /Users/scottseely/git/knowvah/plantuml-ts/test-results/dot-cache/sequence/bumoda-17-giza778
OK /Users/scottseely/git/knowvah/plantuml-ts/test-results/dot-cache/sequence/buniji-73-pama777
OK /Users/scottseely/git/knowvah/plantuml-ts/test-results/dot-cache/sequence/burujo-63-puti396
OK /Users/scottseely/git/knowvah/plantuml-ts/test-results/dot-cache/sequence/busexe-78-ruzu110
OK /Users/scottseely/git/knowvah/plantuml-ts/test-results/dot-cache/sequence/butali-53-kige134
OK /Users/scottseely/git/knowvah/plantuml-ts/test-results/dot-cache/sequence/butofu-60-kene642
OK /Users/scottseely/git/knowvah/plantuml-ts/test-results/dot-cache/sequence/butosi-00-mali446
OK /Users/scottseely/git/knowvah/plantuml-ts/test-results/dot-cache/sequence/buximi-21-xima965
OK /Users/scottseely/git/knowvah/plantuml-ts/test-results/dot-cache/sequence/buxuba-45-tela497
OK /Users/scottseely/git/knowvah/plantuml-ts/test-results/dot-cache/sequence/cabedu-56-lasa287
OK /Users/scottseely/git/knowvah/plantuml-ts/test-results/dot-cache/sequence/cabeve-16-raci213
OK /Users/scottseely/git/knowvah/plantuml-ts/test-results/dot-cache/sequence/caciga-47-jigu709
OK /Users/scottseely/git/knowvah/plantuml-ts/test-results/dot-cache/sequence/cajuga-45-taxu278
OK /Users/scottseely/git/knowvah/plantuml-ts/test-results/dot-cache/sequence/cakelu-69-muza643
OK /Users/scottseely/git/knowvah/plantuml-ts/test-results/dot-cache/sequence/calaja-69-tusu214
OK /Users/scottseely/git/knowvah/plantuml-ts/test-results/dot-cache/sequence/calido-79-kovi606
OK /Users/scottseely/git/knowvah/plantuml-ts/test-results/dot-cache/sequence/caluni-22-noci624
OK /Users/scottseely/git/knowvah/plantuml-ts/test-results/dot-cache/sequence/camebe-75-mujo573
OK /Users/scottseely/git/knowvah/plantuml-ts/test-results/dot-cache/sequence/camuxi-33-nopo108
OK /Users/scottseely/git/knowvah/plantuml-ts/test-results/dot-cache/sequence/carose-61-seko055
OK /Users/scottseely/git/knowvah/plantuml-ts/test-results/dot-cache/sequence/caveje-67-mexo618
OK /Users/scottseely/git/knowvah/plantuml-ts/test-results/dot-cache/sequence/cavoke-34-feno396
OK /Users/scottseely/git/knowvah/plantuml-ts/test-results/dot-cache/sequence/caxali-40-cotu420
OK /Users/scottseely/git/knowvah/plantuml-ts/test-results/dot-cache/sequence/caxuke-64-femu351
OK /Users/scottseely/git/knowvah/plantuml-ts/test-results/dot-cache/sequence/cazipo-94-zubu963
OK /Users/scottseely/git/knowvah/plantuml-ts/test-results/dot-cache/sequence/cazusa-73-masi168
OK /Users/scottseely/git/knowvah/plantuml-ts/test-results/dot-cache/sequence/cebeje-70-bada975
OK /Users/scottseely/git/knowvah/plantuml-ts/test-results/dot-cache/sequence/cecuku-78-kezo359
OK /Users/scottseely/git/knowvah/plantuml-ts/test-results/dot-cache/sequence/cedeti-10-bufu072
OK /Users/scottseely/git/knowvah/plantuml-ts/test-results/dot-cache/sequence/ceduvo-98-page798
OK /Users/scottseely/git/knowvah/plantuml-ts/test-results/dot-cache/sequence/cejoxe-28-zeba572
OK /Users/scottseely/git/knowvah/plantuml-ts/test-results/dot-cache/sequence/cekoda-52-vutu666
OK /Users/scottseely/git/knowvah/plantuml-ts/test-results/dot-cache/sequence/cekora-30-diso384
OK /Users/scottseely/git/knowvah/plantuml-ts/test-results/dot-cache/sequence/celego-19-laji937
OK /Users/scottseely/git/knowvah/plantuml-ts/test-results/dot-cache/sequence/cepase-93-cane941
OK /Users/scottseely/git/knowvah/plantuml-ts/test-results/dot-cache/sequence/cesipe-96-luze402
OK /Users/scottseely/git/knowvah/plantuml-ts/test-results/dot-cache/sequence/cetale-74-regu633
OK /Users/scottseely/git/knowvah/plantuml-ts/test-results/dot-cache/sequence/cexasu-11-fuja087
OK /Users/scottseely/git/knowvah/plantuml-ts/test-results/dot-cache/sequence/cexeco-21-piga007
OK /Users/scottseely/git/knowvah/plantuml-ts/test-results/dot-cache/sequence/cexeju-49-dumu881
OK /Users/scottseely/git/knowvah/plantuml-ts/test-results/dot-cache/sequence/cexelu-68-lile614
OK /Users/scottseely/git/knowvah/plantuml-ts/test-results/dot-cache/sequence/cijaru-11-fele146
OK /Users/scottseely/git/knowvah/plantuml-ts/test-results/dot-cache/sequence/cijozi-08-mavu547
OK /Users/scottseely/git/knowvah/plantuml-ts/test-results/dot-cache/sequence/cikoca-19-feji527
OK /Users/scottseely/git/knowvah/plantuml-ts/test-results/dot-cache/sequence/cilore-76-sedu666
OK /Users/scottseely/git/knowvah/plantuml-ts/test-results/dot-cache/sequence/cimofu-59-xotu865
OK /Users/scottseely/git/knowvah/plantuml-ts/test-results/dot-cache/sequence/cinilo-67-macu207
OK /Users/scottseely/git/knowvah/plantuml-ts/test-results/dot-cache/sequence/cinula-56-dipu972
OK /Users/scottseely/git/knowvah/plantuml-ts/test-results/dot-cache/sequence/cituda-50-mema409
OK /Users/scottseely/git/knowvah/plantuml-ts/test-results/dot-cache/sequence/cizeja-06-zedi526
OK /Users/scottseely/git/knowvah/plantuml-ts/test-results/dot-cache/sequence/cizifu-56-giku099
OK /Users/scottseely/git/knowvah/plantuml-ts/test-results/dot-cache/sequence/cocosu-02-vusu863
OK /Users/scottseely/git/knowvah/plantuml-ts/test-results/dot-cache/sequence/codeti-52-lafa397
OK /Users/scottseely/git/knowvah/plantuml-ts/test-results/dot-cache/sequence/cofuse-78-keri294
OK /Users/scottseely/git/knowvah/plantuml-ts/test-results/dot-cache/sequence/cokaci-31-gera999
OK /Users/scottseely/git/knowvah/plantuml-ts/test-results/dot-cache/sequence/cokoxe-37-lelo243
OK /Users/scottseely/git/knowvah/plantuml-ts/test-results/dot-cache/sequence/colexo-68-luko506
OK /Users/scottseely/git/knowvah/plantuml-ts/test-results/dot-cache/sequence/comelo-49-lefi793
OK /Users/scottseely/git/knowvah/plantuml-ts/test-results/dot-cache/sequence/covuco-47-sotu151
OK /Users/scottseely/git/knowvah/plantuml-ts/test-results/dot-cache/sequence/coxefo-18-gopo887
OK /Users/scottseely/git/knowvah/plantuml-ts/test-results/dot-cache/sequence/cubezi-77-supa567
OK /Users/scottseely/git/knowvah/plantuml-ts/test-results/dot-cache/sequence/cujoci-19-taxe939
OK /Users/scottseely/git/knowvah/plantuml-ts/test-results/dot-cache/sequence/cukexe-08-gana131
OK /Users/scottseely/git/knowvah/plantuml-ts/test-results/dot-cache/sequence/culegi-37-paji732
OK /Users/scottseely/git/knowvah/plantuml-ts/test-results/dot-cache/sequence/cusete-01-vusi466
OK /Users/scottseely/git/knowvah/plantuml-ts/test-results/dot-cache/sequence/cusiro-03-mebe823
OK /Users/scottseely/git/knowvah/plantuml-ts/test-results/dot-cache/sequence/cusiru-97-buco277
OK /Users/scottseely/git/knowvah/plantuml-ts/test-results/dot-cache/sequence/cusuto-16-vila182
OK /Users/scottseely/git/knowvah/plantuml-ts/test-results/dot-cache/sequence/dabozi-63-zuco354
OK /Users/scottseely/git/knowvah/plantuml-ts/test-results/dot-cache/sequence/dadase-07-jalu534
OK /Users/scottseely/git/knowvah/plantuml-ts/test-results/dot-cache/sequence/daduxi-21-duse542
OK /Users/scottseely/git/knowvah/plantuml-ts/test-results/dot-cache/sequence/dafoke-98-reci967
OK /Users/scottseely/git/knowvah/plantuml-ts/test-results/dot-cache/sequence/dakake-85-nemi992
OK /Users/scottseely/git/knowvah/plantuml-ts/test-results/dot-cache/sequence/dakeve-06-cici445
OK /Users/scottseely/git/knowvah/plantuml-ts/test-results/dot-cache/sequence/dalata-11-sifu583
OK /Users/scottseely/git/knowvah/plantuml-ts/test-results/dot-cache/sequence/damoge-62-riso387
OK /Users/scottseely/git/knowvah/plantuml-ts/test-results/dot-cache/sequence/darupa-17-dujo243
OK /Users/scottseely/git/knowvah/plantuml-ts/test-results/dot-cache/sequence/dasutu-58-saje713
OK /Users/scottseely/git/knowvah/plantuml-ts/test-results/dot-cache/sequence/databu-25-mivu307
OK /Users/scottseely/git/knowvah/plantuml-ts/test-results/dot-cache/sequence/datetu-47-vunu236
OK /Users/scottseely/git/knowvah/plantuml-ts/test-results/dot-cache/sequence/davipu-63-veta505
OK /Users/scottseely/git/knowvah/plantuml-ts/test-results/dot-cache/sequence/dazuzi-04-zexu620
OK /Users/scottseely/git/knowvah/plantuml-ts/test-results/dot-cache/sequence/debufa-67-poma789
OK /Users/scottseely/git/knowvah/plantuml-ts/test-results/dot-cache/sequence/decace-28-majo724
OK /Users/scottseely/git/knowvah/plantuml-ts/test-results/dot-cache/sequence/dedefa-06-muge830
OK /Users/scottseely/git/knowvah/plantuml-ts/test-results/dot-cache/sequence/dedigi-45-zusi003
OK /Users/scottseely/git/knowvah/plantuml-ts/test-results/dot-cache/sequence/dedude-72-xuta800
OK /Users/scottseely/git/knowvah/plantuml-ts/test-results/dot-cache/sequence/defega-58-zepa649
OK /Users/scottseely/git/knowvah/plantuml-ts/test-results/dot-cache/sequence/degire-21-dujo330
OK /Users/scottseely/git/knowvah/plantuml-ts/test-results/dot-cache/sequence/degoju-21-curu200
OK /Users/scottseely/git/knowvah/plantuml-ts/test-results/dot-cache/sequence/dekapo-15-vama907
OK /Users/scottseely/git/knowvah/plantuml-ts/test-results/dot-cache/sequence/deluve-26-kaxa424
OK /Users/scottseely/git/knowvah/plantuml-ts/test-results/dot-cache/sequence/demeli-77-cozo712
OK /Users/scottseely/git/knowvah/plantuml-ts/test-results/dot-cache/sequence/deteku-57-peba055
OK /Users/scottseely/git/knowvah/plantuml-ts/test-results/dot-cache/sequence/devaca-60-jipu284
OK /Users/scottseely/git/knowvah/plantuml-ts/test-results/dot-cache/sequence/devamo-31-coji129
OK /Users/scottseely/git/knowvah/plantuml-ts/test-results/dot-cache/sequence/dexigo-61-soge505
OK /Users/scottseely/git/knowvah/plantuml-ts/test-results/dot-cache/sequence/dibero-91-ruvu458
OK /Users/scottseely/git/knowvah/plantuml-ts/test-results/dot-cache/sequence/dicega-90-zubu260
OK /Users/scottseely/git/knowvah/plantuml-ts/test-results/dot-cache/sequence/dicizi-85-muvu530
OK /Users/scottseely/git/knowvah/plantuml-ts/test-results/dot-cache/sequence/dicuva-14-lini551
OK /Users/scottseely/git/knowvah/plantuml-ts/test-results/dot-cache/sequence/digula-66-dipe776
OK /Users/scottseely/git/knowvah/plantuml-ts/test-results/dot-cache/sequence/dilesi-25-lali486
OK /Users/scottseely/git/knowvah/plantuml-ts/test-results/dot-cache/sequence/dimili-48-vaka933
OK /Users/scottseely/git/knowvah/plantuml-ts/test-results/dot-cache/sequence/dinaze-10-xedi714
OK /Users/scottseely/git/knowvah/plantuml-ts/test-results/dot-cache/sequence/dinita-73-tige486
OK /Users/scottseely/git/knowvah/plantuml-ts/test-results/dot-cache/sequence/dipazo-97-namu310
OK /Users/scottseely/git/knowvah/plantuml-ts/test-results/dot-cache/sequence/dipede-53-nina209
OK /Users/scottseely/git/knowvah/plantuml-ts/test-results/dot-cache/sequence/diruxe-35-xujo142
OK /Users/scottseely/git/knowvah/plantuml-ts/test-results/dot-cache/sequence/dofefe-55-kejo043
OK /Users/scottseely/git/knowvah/plantuml-ts/test-results/dot-cache/sequence/dofuru-22-zuga032
OK /Users/scottseely/git/knowvah/plantuml-ts/test-results/dot-cache/sequence/dojapu-42-sali914
OK /Users/scottseely/git/knowvah/plantuml-ts/test-results/dot-cache/sequence/dokuse-50-dobi947
OK /Users/scottseely/git/knowvah/plantuml-ts/test-results/dot-cache/sequence/dolacu-72-rona074
OK /Users/scottseely/git/knowvah/plantuml-ts/test-results/dot-cache/sequence/dolefo-13-kovu702
OK /Users/scottseely/git/knowvah/plantuml-ts/test-results/dot-cache/sequence/doleso-00-deme832
OK /Users/scottseely/git/knowvah/plantuml-ts/test-results/dot-cache/sequence/dolice-60-copi767
OK /Users/scottseely/git/knowvah/plantuml-ts/test-results/dot-cache/sequence/domaji-70-zini725
OK /Users/scottseely/git/knowvah/plantuml-ts/test-results/dot-cache/sequence/domutu-66-zobe043
OK /Users/scottseely/git/knowvah/plantuml-ts/test-results/dot-cache/sequence/doniti-46-nuxo457
OK /Users/scottseely/git/knowvah/plantuml-ts/test-results/dot-cache/sequence/donuli-07-peje262
OK /Users/scottseely/git/knowvah/plantuml-ts/test-results/dot-cache/sequence/dopisa-88-pazo292
OK /Users/scottseely/git/knowvah/plantuml-ts/test-results/dot-cache/sequence/dopove-28-kaza697
OK /Users/scottseely/git/knowvah/plantuml-ts/test-results/dot-cache/sequence/dopuko-30-lugi781
OK /Users/scottseely/git/knowvah/plantuml-ts/test-results/dot-cache/sequence/dototo-68-bexa421
OK /Users/scottseely/git/knowvah/plantuml-ts/test-results/dot-cache/sequence/dozugi-77-tuce071
OK /Users/scottseely/git/knowvah/plantuml-ts/test-results/dot-cache/sequence/duboco-13-gaja984
OK /Users/scottseely/git/knowvah/plantuml-ts/test-results/dot-cache/sequence/ducaba-11-xogo576
OK /Users/scottseely/git/knowvah/plantuml-ts/test-results/dot-cache/sequence/ducodo-45-duge821
OK /Users/scottseely/git/knowvah/plantuml-ts/test-results/dot-cache/sequence/dudeku-78-naju581
OK /Users/scottseely/git/knowvah/plantuml-ts/test-results/dot-cache/sequence/dudure-98-cote516
OK /Users/scottseely/git/knowvah/plantuml-ts/test-results/dot-cache/sequence/dufupa-80-kavi440
OK /Users/scottseely/git/knowvah/plantuml-ts/test-results/dot-cache/sequence/dugata-50-koxo354
OK /Users/scottseely/git/knowvah/plantuml-ts/test-results/dot-cache/sequence/dugeki-47-celo546
OK /Users/scottseely/git/knowvah/plantuml-ts/test-results/dot-cache/sequence/dugipi-79-kuge638
OK /Users/scottseely/git/knowvah/plantuml-ts/test-results/dot-cache/sequence/dukisa-19-zepa576
OK /Users/scottseely/git/knowvah/plantuml-ts/test-results/dot-cache/sequence/dulaca-47-neta380
OK /Users/scottseely/git/knowvah/plantuml-ts/test-results/dot-cache/sequence/duniti-51-pole084
OK /Users/scottseely/git/knowvah/plantuml-ts/test-results/dot-cache/sequence/durapi-97-jupo864
OK /Users/scottseely/git/knowvah/plantuml-ts/test-results/dot-cache/sequence/dutopa-62-jalu659
OK /Users/scottseely/git/knowvah/plantuml-ts/test-results/dot-cache/sequence/dutova-31-coci211
OK /Users/scottseely/git/knowvah/plantuml-ts/test-results/dot-cache/sequence/duzico-51-misi485
OK /Users/scottseely/git/knowvah/plantuml-ts/test-results/dot-cache/sequence/fadage-04-xoxe727
OK /Users/scottseely/git/knowvah/plantuml-ts/test-results/dot-cache/sequence/fadibu-99-pufu496
OK /Users/scottseely/git/knowvah/plantuml-ts/test-results/dot-cache/sequence/fajixi-56-dete708
OK /Users/scottseely/git/knowvah/plantuml-ts/test-results/dot-cache/sequence/fakifa-13-puve679
OK /Users/scottseely/git/knowvah/plantuml-ts/test-results/dot-cache/sequence/fakova-98-suze610
OK /Users/scottseely/git/knowvah/plantuml-ts/test-results/dot-cache/sequence/fakune-74-geba235
OK /Users/scottseely/git/knowvah/plantuml-ts/test-results/dot-cache/sequence/falolu-20-sepu020
OK /Users/scottseely/git/knowvah/plantuml-ts/test-results/dot-cache/sequence/fanoxo-47-somi679
OK /Users/scottseely/git/knowvah/plantuml-ts/test-results/dot-cache/sequence/fareko-61-fige194
OK /Users/scottseely/git/knowvah/plantuml-ts/test-results/dot-cache/sequence/fasafe-10-fepe885
OK /Users/scottseely/git/knowvah/plantuml-ts/test-results/dot-cache/sequence/fatake-97-ciki135
OK /Users/scottseely/git/knowvah/plantuml-ts/test-results/dot-cache/sequence/favale-68-luzo896
OK /Users/scottseely/git/knowvah/plantuml-ts/test-results/dot-cache/sequence/faviki-72-kete653
OK /Users/scottseely/git/knowvah/plantuml-ts/test-results/dot-cache/sequence/fazaba-22-nusi829
OK /Users/scottseely/git/knowvah/plantuml-ts/test-results/dot-cache/sequence/fazubu-21-roxo367
OK /Users/scottseely/git/knowvah/plantuml-ts/test-results/dot-cache/sequence/fazuzo-56-xoge438
OK /Users/scottseely/git/knowvah/plantuml-ts/test-results/dot-cache/sequence/fekatu-96-kele513
OK /Users/scottseely/git/knowvah/plantuml-ts/test-results/dot-cache/sequence/felasa-37-jovu259
OK /Users/scottseely/git/knowvah/plantuml-ts/test-results/dot-cache/sequence/femixi-54-maja138
OK /Users/scottseely/git/knowvah/plantuml-ts/test-results/dot-cache/sequence/fenino-82-nusu462
OK /Users/scottseely/git/knowvah/plantuml-ts/test-results/dot-cache/sequence/fenoli-16-peru181
OK /Users/scottseely/git/knowvah/plantuml-ts/test-results/dot-cache/sequence/fepuso-73-xoca358
OK /Users/scottseely/git/knowvah/plantuml-ts/test-results/dot-cache/sequence/ferate-49-tusa503
OK /Users/scottseely/git/knowvah/plantuml-ts/test-results/dot-cache/sequence/fetazo-39-xocu662
OK /Users/scottseely/git/knowvah/plantuml-ts/test-results/dot-cache/sequence/fevipu-45-xela421
OK /Users/scottseely/git/knowvah/plantuml-ts/test-results/dot-cache/sequence/fexoko-32-feso446
OK /Users/scottseely/git/knowvah/plantuml-ts/test-results/dot-cache/sequence/ficiru-65-geda551
OK /Users/scottseely/git/knowvah/plantuml-ts/test-results/dot-cache/sequence/fidalo-14-sefo615
OK /Users/scottseely/git/knowvah/plantuml-ts/test-results/dot-cache/sequence/fidoba-93-nonu806
OK /Users/scottseely/git/knowvah/plantuml-ts/test-results/dot-cache/sequence/fidobi-24-cugi165
OK /Users/scottseely/git/knowvah/plantuml-ts/test-results/dot-cache/sequence/fidube-59-sacu518
OK /Users/scottseely/git/knowvah/plantuml-ts/test-results/dot-cache/sequence/fifasu-62-pipo979
OK /Users/scottseely/git/knowvah/plantuml-ts/test-results/dot-cache/sequence/figezi-68-zefe216
OK /Users/scottseely/git/knowvah/plantuml-ts/test-results/dot-cache/sequence/fijeco-97-zozu841
OK /Users/scottseely/git/knowvah/plantuml-ts/test-results/dot-cache/sequence/finalo-84-toxa600
OK /Users/scottseely/git/knowvah/plantuml-ts/test-results/dot-cache/sequence/fixecu-74-kote876
OK /Users/scottseely/git/knowvah/plantuml-ts/test-results/dot-cache/sequence/fobapo-56-moko401
OK /Users/scottseely/git/knowvah/plantuml-ts/test-results/dot-cache/sequence/fobube-11-nifo424
OK /Users/scottseely/git/knowvah/plantuml-ts/test-results/dot-cache/sequence/fobuke-12-dopi544
OK /Users/scottseely/git/knowvah/plantuml-ts/test-results/dot-cache/sequence/focaso-89-zaxu091
OK /Users/scottseely/git/knowvah/plantuml-ts/test-results/dot-cache/sequence/fojagu-59-rife557
OK /Users/scottseely/git/knowvah/plantuml-ts/test-results/dot-cache/sequence/fojake-71-veka215
OK /Users/scottseely/git/knowvah/plantuml-ts/test-results/dot-cache/sequence/fojomu-60-cuda302
OK /Users/scottseely/git/knowvah/plantuml-ts/test-results/dot-cache/sequence/fonatu-29-texo854
OK /Users/scottseely/git/knowvah/plantuml-ts/test-results/dot-cache/sequence/fonipa-05-lobe529
OK /Users/scottseely/git/knowvah/plantuml-ts/test-results/dot-cache/sequence/fonope-49-jodi834
OK /Users/scottseely/git/knowvah/plantuml-ts/test-results/dot-cache/sequence/fonudu-70-coma124
OK /Users/scottseely/git/knowvah/plantuml-ts/test-results/dot-cache/sequence/foporo-86-nego484
OK /Users/scottseely/git/knowvah/plantuml-ts/test-results/dot-cache/sequence/fotiku-67-lilu728
OK /Users/scottseely/git/knowvah/plantuml-ts/test-results/dot-cache/sequence/fozeva-08-tife475
OK /Users/scottseely/git/knowvah/plantuml-ts/test-results/dot-cache/sequence/fugilu-74-jivu585
OK /Users/scottseely/git/knowvah/plantuml-ts/test-results/dot-cache/sequence/fujodi-29-safe898
OK /Users/scottseely/git/knowvah/plantuml-ts/test-results/dot-cache/sequence/fukaro-40-riru664
OK /Users/scottseely/git/knowvah/plantuml-ts/test-results/dot-cache/sequence/fuliko-66-mulo559
OK /Users/scottseely/git/knowvah/plantuml-ts/test-results/dot-cache/sequence/fululo-61-zuro165
OK /Users/scottseely/git/knowvah/plantuml-ts/test-results/dot-cache/sequence/funado-58-dene546
OK /Users/scottseely/git/knowvah/plantuml-ts/test-results/dot-cache/sequence/funoti-95-bisa592
OK /Users/scottseely/git/knowvah/plantuml-ts/test-results/dot-cache/sequence/furami-83-pome543
OK /Users/scottseely/git/knowvah/plantuml-ts/test-results/dot-cache/sequence/furara-28-sode432
OK /Users/scottseely/git/knowvah/plantuml-ts/test-results/dot-cache/sequence/fusavi-61-disa620
OK /Users/scottseely/git/knowvah/plantuml-ts/test-results/dot-cache/sequence/futaxe-10-xonu513
OK /Users/scottseely/git/knowvah/plantuml-ts/test-results/dot-cache/sequence/fuvumu-26-fovo330
OK /Users/scottseely/git/knowvah/plantuml-ts/test-results/dot-cache/sequence/fuzove-69-bulo834
OK /Users/scottseely/git/knowvah/plantuml-ts/test-results/dot-cache/sequence/gabisi-10-male675
OK /Users/scottseely/git/knowvah/plantuml-ts/test-results/dot-cache/sequence/gacavi-49-zeki744
OK /Users/scottseely/git/knowvah/plantuml-ts/test-results/dot-cache/sequence/gacemo-20-lafa203
OK /Users/scottseely/git/knowvah/plantuml-ts/test-results/dot-cache/sequence/gacujo-48-leto751
OK /Users/scottseely/git/knowvah/plantuml-ts/test-results/dot-cache/sequence/gadasu-04-kada675
OK /Users/scottseely/git/knowvah/plantuml-ts/test-results/dot-cache/sequence/gadiva-05-pogi376
OK /Users/scottseely/git/knowvah/plantuml-ts/test-results/dot-cache/sequence/gamefa-47-gelu047
OK /Users/scottseely/git/knowvah/plantuml-ts/test-results/dot-cache/sequence/ganefo-61-leka777
OK /Users/scottseely/git/knowvah/plantuml-ts/test-results/dot-cache/sequence/gapozi-46-zula498
OK /Users/scottseely/git/knowvah/plantuml-ts/test-results/dot-cache/sequence/gaxera-69-muma363
OK /Users/scottseely/git/knowvah/plantuml-ts/test-results/dot-cache/sequence/gazave-48-zapu688
OK /Users/scottseely/git/knowvah/plantuml-ts/test-results/dot-cache/sequence/gebeki-18-muci858
OK /Users/scottseely/git/knowvah/plantuml-ts/test-results/dot-cache/sequence/gecopo-99-pude139
OK /Users/scottseely/git/knowvah/plantuml-ts/test-results/dot-cache/sequence/gefobi-11-jena493
OK /Users/scottseely/git/knowvah/plantuml-ts/test-results/dot-cache/sequence/gejeji-12-zofa866
OK /Users/scottseely/git/knowvah/plantuml-ts/test-results/dot-cache/sequence/gejoko-46-pogi886
OK /Users/scottseely/git/knowvah/plantuml-ts/test-results/dot-cache/sequence/gekapu-59-pala336
OK /Users/scottseely/git/knowvah/plantuml-ts/test-results/dot-cache/sequence/gekifa-76-fisi424
OK /Users/scottseely/git/knowvah/plantuml-ts/test-results/dot-cache/sequence/gekuko-59-muta575
OK /Users/scottseely/git/knowvah/plantuml-ts/test-results/dot-cache/sequence/genago-36-sanu340
OK /Users/scottseely/git/knowvah/plantuml-ts/test-results/dot-cache/sequence/gepiju-13-negu183
OK /Users/scottseely/git/knowvah/plantuml-ts/test-results/dot-cache/sequence/gepipe-05-rosu313
OK /Users/scottseely/git/knowvah/plantuml-ts/test-results/dot-cache/sequence/gepuce-64-pivu656
OK /Users/scottseely/git/knowvah/plantuml-ts/test-results/dot-cache/sequence/geraku-93-roka956
OK /Users/scottseely/git/knowvah/plantuml-ts/test-results/dot-cache/sequence/gesiba-07-rise357
OK /Users/scottseely/git/knowvah/plantuml-ts/test-results/dot-cache/sequence/gevere-74-caba556
OK /Users/scottseely/git/knowvah/plantuml-ts/test-results/dot-cache/sequence/gibaro-25-sibu619
OK /Users/scottseely/git/knowvah/plantuml-ts/test-results/dot-cache/sequence/gibola-54-cave865
OK /Users/scottseely/git/knowvah/plantuml-ts/test-results/dot-cache/sequence/gibuxa-28-kale997
OK /Users/scottseely/git/knowvah/plantuml-ts/test-results/dot-cache/sequence/gidibo-31-cugi403
OK /Users/scottseely/git/knowvah/plantuml-ts/test-results/dot-cache/sequence/gifope-23-jufe872
OK /Users/scottseely/git/knowvah/plantuml-ts/test-results/dot-cache/sequence/gifosu-53-fodu296
OK /Users/scottseely/git/knowvah/plantuml-ts/test-results/dot-cache/sequence/gigune-69-xaze480
OK /Users/scottseely/git/knowvah/plantuml-ts/test-results/dot-cache/sequence/gijamu-35-vale058
OK /Users/scottseely/git/knowvah/plantuml-ts/test-results/dot-cache/sequence/gijubi-81-rube024
OK /Users/scottseely/git/knowvah/plantuml-ts/test-results/dot-cache/sequence/giloko-85-gapa789
OK /Users/scottseely/git/knowvah/plantuml-ts/test-results/dot-cache/sequence/ginifi-74-faso689
OK /Users/scottseely/git/knowvah/plantuml-ts/test-results/dot-cache/sequence/giroko-51-gobi443
OK /Users/scottseely/git/knowvah/plantuml-ts/test-results/dot-cache/sequence/gixaxu-80-salo926
OK /Users/scottseely/git/knowvah/plantuml-ts/test-results/dot-cache/sequence/gizinu-51-rexo332
OK /Users/scottseely/git/knowvah/plantuml-ts/test-results/dot-cache/sequence/goceku-21-rizu768
OK /Users/scottseely/git/knowvah/plantuml-ts/test-results/dot-cache/sequence/gocote-26-bolo737
OK /Users/scottseely/git/knowvah/plantuml-ts/test-results/dot-cache/sequence/gofixe-24-jani946
OK /Users/scottseely/git/knowvah/plantuml-ts/test-results/dot-cache/sequence/gogava-89-taga809
OK /Users/scottseely/git/knowvah/plantuml-ts/test-results/dot-cache/sequence/gogise-40-juro428
OK /Users/scottseely/git/knowvah/plantuml-ts/test-results/dot-cache/sequence/gogivi-77-safe144
OK /Users/scottseely/git/knowvah/plantuml-ts/test-results/dot-cache/sequence/gojozu-97-xeki128
OK /Users/scottseely/git/knowvah/plantuml-ts/test-results/dot-cache/sequence/gojuro-44-nono843
OK /Users/scottseely/git/knowvah/plantuml-ts/test-results/dot-cache/sequence/gorido-98-taje926
OK /Users/scottseely/git/knowvah/plantuml-ts/test-results/dot-cache/sequence/gosigu-85-raku124
OK /Users/scottseely/git/knowvah/plantuml-ts/test-results/dot-cache/sequence/gozaru-36-gejo982
OK /Users/scottseely/git/knowvah/plantuml-ts/test-results/dot-cache/sequence/gozobo-83-zuci344
OK /Users/scottseely/git/knowvah/plantuml-ts/test-results/dot-cache/sequence/gozoxo-34-nuju154
OK /Users/scottseely/git/knowvah/plantuml-ts/test-results/dot-cache/sequence/gucare-93-petu502
OK /Users/scottseely/git/knowvah/plantuml-ts/test-results/dot-cache/sequence/gudidu-67-pene708
OK /Users/scottseely/git/knowvah/plantuml-ts/test-results/dot-cache/sequence/guduje-81-mucu193
OK /Users/scottseely/git/knowvah/plantuml-ts/test-results/dot-cache/sequence/gugena-56-fazu871
OK /Users/scottseely/git/knowvah/plantuml-ts/test-results/dot-cache/sequence/gujaje-38-zoce253
OK /Users/scottseely/git/knowvah/plantuml-ts/test-results/dot-cache/sequence/gukaki-49-boko579
OK /Users/scottseely/git/knowvah/plantuml-ts/test-results/dot-cache/sequence/gunabi-18-gumo131
OK /Users/scottseely/git/knowvah/plantuml-ts/test-results/dot-cache/sequence/gunecu-53-jebu067
OK /Users/scottseely/git/knowvah/plantuml-ts/test-results/dot-cache/sequence/gupaki-93-vupa807
OK /Users/scottseely/git/knowvah/plantuml-ts/test-results/dot-cache/sequence/gupuze-37-xelo563
OK /Users/scottseely/git/knowvah/plantuml-ts/test-results/dot-cache/sequence/gurofe-24-seza094
OK /Users/scottseely/git/knowvah/plantuml-ts/test-results/dot-cache/sequence/guroti-56-konu524
OK /Users/scottseely/git/knowvah/plantuml-ts/test-results/dot-cache/sequence/gutate-63-kane985
OK /Users/scottseely/git/knowvah/plantuml-ts/test-results/dot-cache/sequence/guvisi-28-voju934
OK /Users/scottseely/git/knowvah/plantuml-ts/test-results/dot-cache/sequence/guzoco-99-ginu686
OK /Users/scottseely/git/knowvah/plantuml-ts/test-results/dot-cache/sequence/h-rnote-style
OK /Users/scottseely/git/knowvah/plantuml-ts/test-results/dot-cache/sequence/jabise-46-luge773
OK /Users/scottseely/git/knowvah/plantuml-ts/test-results/dot-cache/sequence/jacefu-29-didu005
OK /Users/scottseely/git/knowvah/plantuml-ts/test-results/dot-cache/sequence/jaceso-80-fozu696
OK /Users/scottseely/git/knowvah/plantuml-ts/test-results/dot-cache/sequence/jacide-26-pumi543
OK /Users/scottseely/git/knowvah/plantuml-ts/test-results/dot-cache/sequence/jafufe-08-begu830
OK /Users/scottseely/git/knowvah/plantuml-ts/test-results/dot-cache/sequence/jagoni-38-koti364
OK /Users/scottseely/git/knowvah/plantuml-ts/test-results/dot-cache/sequence/jagusu-12-turu662
OK /Users/scottseely/git/knowvah/plantuml-ts/test-results/dot-cache/sequence/jajobi-60-ralo350
OK /Users/scottseely/git/knowvah/plantuml-ts/test-results/dot-cache/sequence/jakido-43-zuzu758
OK /Users/scottseely/git/knowvah/plantuml-ts/test-results/dot-cache/sequence/jalodi-19-mibi961
OK /Users/scottseely/git/knowvah/plantuml-ts/test-results/dot-cache/sequence/janodo-62-pave893
OK /Users/scottseely/git/knowvah/plantuml-ts/test-results/dot-cache/sequence/jasixo-44-jide821
OK /Users/scottseely/git/knowvah/plantuml-ts/test-results/dot-cache/sequence/jatali-99-bajo946
OK /Users/scottseely/git/knowvah/plantuml-ts/test-results/dot-cache/sequence/jatase-07-moda044
OK /Users/scottseely/git/knowvah/plantuml-ts/test-results/dot-cache/sequence/javedu-98-pibi325
OK /Users/scottseely/git/knowvah/plantuml-ts/test-results/dot-cache/sequence/javiki-44-cija459
OK /Users/scottseely/git/knowvah/plantuml-ts/test-results/dot-cache/sequence/jaxige-32-naja526
OK /Users/scottseely/git/knowvah/plantuml-ts/test-results/dot-cache/sequence/jebole-52-cuvo164
OK /Users/scottseely/git/knowvah/plantuml-ts/test-results/dot-cache/sequence/jedado-35-lobi482
OK /Users/scottseely/git/knowvah/plantuml-ts/test-results/dot-cache/sequence/jefoke-95-jara779
OK /Users/scottseely/git/knowvah/plantuml-ts/test-results/dot-cache/sequence/jerevu-86-gojo026
OK /Users/scottseely/git/knowvah/plantuml-ts/test-results/dot-cache/sequence/jerika-28-senu049
OK /Users/scottseely/git/knowvah/plantuml-ts/test-results/dot-cache/sequence/jesari-34-mudu065
OK /Users/scottseely/git/knowvah/plantuml-ts/test-results/dot-cache/sequence/jeviru-31-gasi159
OK /Users/scottseely/git/knowvah/plantuml-ts/test-results/dot-cache/sequence/jexavi-40-degi377
OK /Users/scottseely/git/knowvah/plantuml-ts/test-results/dot-cache/sequence/jigigi-69-bege021
OK /Users/scottseely/git/knowvah/plantuml-ts/test-results/dot-cache/sequence/jiliba-03-lapi286
OK /Users/scottseely/git/knowvah/plantuml-ts/test-results/dot-cache/sequence/jinaxe-58-zuva028
OK /Users/scottseely/git/knowvah/plantuml-ts/test-results/dot-cache/sequence/jitesa-41-cara967
OK /Users/scottseely/git/knowvah/plantuml-ts/test-results/dot-cache/sequence/jivati-56-pome307
OK /Users/scottseely/git/knowvah/plantuml-ts/test-results/dot-cache/sequence/jiveji-28-butu482
OK /Users/scottseely/git/knowvah/plantuml-ts/test-results/dot-cache/sequence/jobadi-87-jegi648
OK /Users/scottseely/git/knowvah/plantuml-ts/test-results/dot-cache/sequence/jogati-80-xeme991
OK /Users/scottseely/git/knowvah/plantuml-ts/test-results/dot-cache/sequence/jogeto-89-zaco078
OK /Users/scottseely/git/knowvah/plantuml-ts/test-results/dot-cache/sequence/jokeje-35-xubi431
OK /Users/scottseely/git/knowvah/plantuml-ts/test-results/dot-cache/sequence/jomemi-46-zazi815
OK /Users/scottseely/git/knowvah/plantuml-ts/test-results/dot-cache/sequence/jonasa-65-teci533
OK /Users/scottseely/git/knowvah/plantuml-ts/test-results/dot-cache/sequence/jonoja-01-zani191
OK /Users/scottseely/git/knowvah/plantuml-ts/test-results/dot-cache/sequence/jorari-47-buje011
OK /Users/scottseely/git/knowvah/plantuml-ts/test-results/dot-cache/sequence/joroli-85-vace726
OK /Users/scottseely/git/knowvah/plantuml-ts/test-results/dot-cache/sequence/jotase-88-kiki473
OK /Users/scottseely/git/knowvah/plantuml-ts/test-results/dot-cache/sequence/jotege-53-vira701
OK /Users/scottseely/git/knowvah/plantuml-ts/test-results/dot-cache/sequence/jozete-34-kete358
OK /Users/scottseely/git/knowvah/plantuml-ts/test-results/dot-cache/sequence/jozomu-87-tajo507
OK /Users/scottseely/git/knowvah/plantuml-ts/test-results/dot-cache/sequence/jufila-56-kegu669
OK /Users/scottseely/git/knowvah/plantuml-ts/test-results/dot-cache/sequence/jugami-52-timi786
OK /Users/scottseely/git/knowvah/plantuml-ts/test-results/dot-cache/sequence/jujigi-41-zodo151
OK /Users/scottseely/git/knowvah/plantuml-ts/test-results/dot-cache/sequence/jujimu-79-mugu916
OK /Users/scottseely/git/knowvah/plantuml-ts/test-results/dot-cache/sequence/junaxa-14-biko373
OK /Users/scottseely/git/knowvah/plantuml-ts/test-results/dot-cache/sequence/junide-55-soka558
OK /Users/scottseely/git/knowvah/plantuml-ts/test-results/dot-cache/sequence/juputo-08-febo295
OK /Users/scottseely/git/knowvah/plantuml-ts/test-results/dot-cache/sequence/jutexi-93-zeta646
OK /Users/scottseely/git/knowvah/plantuml-ts/test-results/dot-cache/sequence/jutomu-49-kemi074
OK /Users/scottseely/git/knowvah/plantuml-ts/test-results/dot-cache/sequence/juzagu-24-voxe728
OK /Users/scottseely/git/knowvah/plantuml-ts/test-results/dot-cache/sequence/kafobi-95-risi292
OK /Users/scottseely/git/knowvah/plantuml-ts/test-results/dot-cache/sequence/kafupo-63-cula092
OK /Users/scottseely/git/knowvah/plantuml-ts/test-results/dot-cache/sequence/kajube-48-vejo214
OK /Users/scottseely/git/knowvah/plantuml-ts/test-results/dot-cache/sequence/kakune-11-vusu073
OK /Users/scottseely/git/knowvah/plantuml-ts/test-results/dot-cache/sequence/kaluna-08-rubu301
OK /Users/scottseely/git/knowvah/plantuml-ts/test-results/dot-cache/sequence/kaporo-80-vace949
OK /Users/scottseely/git/knowvah/plantuml-ts/test-results/dot-cache/sequence/kapuva-33-nomi771
OK /Users/scottseely/git/knowvah/plantuml-ts/test-results/dot-cache/sequence/karaki-85-ketu935
OK /Users/scottseely/git/knowvah/plantuml-ts/test-results/dot-cache/sequence/kedipo-05-zici527
OK /Users/scottseely/git/knowvah/plantuml-ts/test-results/dot-cache/sequence/kefila-88-kage602
OK /Users/scottseely/git/knowvah/plantuml-ts/test-results/dot-cache/sequence/kejoke-76-curu931
OK /Users/scottseely/git/knowvah/plantuml-ts/test-results/dot-cache/sequence/keloje-58-ladu877
OK /Users/scottseely/git/knowvah/plantuml-ts/test-results/dot-cache/sequence/keluvo-88-kosi498
OK /Users/scottseely/git/knowvah/plantuml-ts/test-results/dot-cache/sequence/kemaba-15-xiso434
OK /Users/scottseely/git/knowvah/plantuml-ts/test-results/dot-cache/sequence/kemira-27-jaxe643
OK /Users/scottseely/git/knowvah/plantuml-ts/test-results/dot-cache/sequence/kenilu-88-javu563
OK /Users/scottseely/git/knowvah/plantuml-ts/test-results/dot-cache/sequence/kepuxa-88-juxu405
OK /Users/scottseely/git/knowvah/plantuml-ts/test-results/dot-cache/sequence/kerezi-79-cepe665
OK /Users/scottseely/git/knowvah/plantuml-ts/test-results/dot-cache/sequence/kevaru-04-faka914
OK /Users/scottseely/git/knowvah/plantuml-ts/test-results/dot-cache/sequence/kevavu-57-kifi084
OK /Users/scottseely/git/knowvah/plantuml-ts/test-results/dot-cache/sequence/kibave-01-tafo463
OK /Users/scottseely/git/knowvah/plantuml-ts/test-results/dot-cache/sequence/kibijo-61-vijo950
OK /Users/scottseely/git/knowvah/plantuml-ts/test-results/dot-cache/sequence/kibope-73-jezu646
OK /Users/scottseely/git/knowvah/plantuml-ts/test-results/dot-cache/sequence/kigari-13-kupa671
OK /Users/scottseely/git/knowvah/plantuml-ts/test-results/dot-cache/sequence/kijeka-69-dugi195
OK /Users/scottseely/git/knowvah/plantuml-ts/test-results/dot-cache/sequence/kikaso-48-karu319
OK /Users/scottseely/git/knowvah/plantuml-ts/test-results/dot-cache/sequence/kikuba-19-varo358
OK /Users/scottseely/git/knowvah/plantuml-ts/test-results/dot-cache/sequence/kiledu-77-reto787
OK /Users/scottseely/git/knowvah/plantuml-ts/test-results/dot-cache/sequence/kilepu-67-seji640
OK /Users/scottseely/git/knowvah/plantuml-ts/test-results/dot-cache/sequence/kilili-04-jode451
OK /Users/scottseely/git/knowvah/plantuml-ts/test-results/dot-cache/sequence/kipabe-50-guti652
OK /Users/scottseely/git/knowvah/plantuml-ts/test-results/dot-cache/sequence/kipasa-41-pude128
OK /Users/scottseely/git/knowvah/plantuml-ts/test-results/dot-cache/sequence/kirupe-14-pani191
OK /Users/scottseely/git/knowvah/plantuml-ts/test-results/dot-cache/sequence/kitevo-12-guvo789
OK /Users/scottseely/git/knowvah/plantuml-ts/test-results/dot-cache/sequence/kituzo-58-vari147
OK /Users/scottseely/git/knowvah/plantuml-ts/test-results/dot-cache/sequence/kivavu-72-goju233
OK /Users/scottseely/git/knowvah/plantuml-ts/test-results/dot-cache/sequence/kixani-97-giji283
OK /Users/scottseely/git/knowvah/plantuml-ts/test-results/dot-cache/sequence/kixebi-20-debo481
OK /Users/scottseely/git/knowvah/plantuml-ts/test-results/dot-cache/sequence/kizuga-51-vugi916
OK /Users/scottseely/git/knowvah/plantuml-ts/test-results/dot-cache/sequence/kobibu-84-bode360
OK /Users/scottseely/git/knowvah/plantuml-ts/test-results/dot-cache/sequence/kocuso-22-ciri203
OK /Users/scottseely/git/knowvah/plantuml-ts/test-results/dot-cache/sequence/kodapi-60-zizu676
OK /Users/scottseely/git/knowvah/plantuml-ts/test-results/dot-cache/sequence/kodifo-43-teci570
OK /Users/scottseely/git/knowvah/plantuml-ts/test-results/dot-cache/sequence/kofixo-02-xoso627
OK /Users/scottseely/git/knowvah/plantuml-ts/test-results/dot-cache/sequence/kofuti-29-goti188
OK /Users/scottseely/git/knowvah/plantuml-ts/test-results/dot-cache/sequence/kogoce-55-goge576
OK /Users/scottseely/git/knowvah/plantuml-ts/test-results/dot-cache/sequence/kogozi-22-davu372
OK /Users/scottseely/git/knowvah/plantuml-ts/test-results/dot-cache/sequence/kojigi-18-jexu940
OK /Users/scottseely/git/knowvah/plantuml-ts/test-results/dot-cache/sequence/kojoma-79-luna992
OK /Users/scottseely/git/knowvah/plantuml-ts/test-results/dot-cache/sequence/koleji-09-doni016
OK /Users/scottseely/git/knowvah/plantuml-ts/test-results/dot-cache/sequence/komafa-88-zutu920
OK /Users/scottseely/git/knowvah/plantuml-ts/test-results/dot-cache/sequence/komeni-40-toxa101
OK /Users/scottseely/git/knowvah/plantuml-ts/test-results/dot-cache/sequence/komibe-79-cola079
OK /Users/scottseely/git/knowvah/plantuml-ts/test-results/dot-cache/sequence/koneju-77-vode355
OK /Users/scottseely/git/knowvah/plantuml-ts/test-results/dot-cache/sequence/kopaxi-36-dedo317
OK /Users/scottseely/git/knowvah/plantuml-ts/test-results/dot-cache/sequence/koresa-77-jasi418
OK /Users/scottseely/git/knowvah/plantuml-ts/test-results/dot-cache/sequence/kotixe-11-cufa733
OK /Users/scottseely/git/knowvah/plantuml-ts/test-results/dot-cache/sequence/kotoze-77-kipu253
OK /Users/scottseely/git/knowvah/plantuml-ts/test-results/dot-cache/sequence/kotozo-70-suso472
OK /Users/scottseely/git/knowvah/plantuml-ts/test-results/dot-cache/sequence/kovito-91-jonu992
OK /Users/scottseely/git/knowvah/plantuml-ts/test-results/dot-cache/sequence/kovoso-39-teve092
OK /Users/scottseely/git/knowvah/plantuml-ts/test-results/dot-cache/sequence/kozova-44-lore387
OK /Users/scottseely/git/knowvah/plantuml-ts/test-results/dot-cache/sequence/kubini-17-jemo957
OK /Users/scottseely/git/knowvah/plantuml-ts/test-results/dot-cache/sequence/kugati-67-nuzu852
OK /Users/scottseely/git/knowvah/plantuml-ts/test-results/dot-cache/sequence/kugete-25-poba470
OK /Users/scottseely/git/knowvah/plantuml-ts/test-results/dot-cache/sequence/kukeja-88-zida141
OK /Users/scottseely/git/knowvah/plantuml-ts/test-results/dot-cache/sequence/kumogu-10-rigi101
OK /Users/scottseely/git/knowvah/plantuml-ts/test-results/dot-cache/sequence/kumovo-90-zira054
OK /Users/scottseely/git/knowvah/plantuml-ts/test-results/dot-cache/sequence/kumoxa-10-puca304
OK /Users/scottseely/git/knowvah/plantuml-ts/test-results/dot-cache/sequence/kuniko-53-rilu801
OK /Users/scottseely/git/knowvah/plantuml-ts/test-results/dot-cache/sequence/kuputa-52-caxa434
OK /Users/scottseely/git/knowvah/plantuml-ts/test-results/dot-cache/sequence/kurugu-61-cexi774
OK /Users/scottseely/git/knowvah/plantuml-ts/test-results/dot-cache/sequence/kuzoba-85-fabe034
OK /Users/scottseely/git/knowvah/plantuml-ts/test-results/dot-cache/sequence/kuzuco-40-xara309
OK /Users/scottseely/git/knowvah/plantuml-ts/test-results/dot-cache/sequence/labima-56-kone976
OK /Users/scottseely/git/knowvah/plantuml-ts/test-results/dot-cache/sequence/labite-99-lufe939
OK /Users/scottseely/git/knowvah/plantuml-ts/test-results/dot-cache/sequence/labudu-49-fove649
OK /Users/scottseely/git/knowvah/plantuml-ts/test-results/dot-cache/sequence/lacoje-26-lubu678
OK /Users/scottseely/git/knowvah/plantuml-ts/test-results/dot-cache/sequence/ladiro-50-gume805
OK /Users/scottseely/git/knowvah/plantuml-ts/test-results/dot-cache/sequence/lafuzo-13-xura634
OK /Users/scottseely/git/knowvah/plantuml-ts/test-results/dot-cache/sequence/lagexo-50-sibo018
OK /Users/scottseely/git/knowvah/plantuml-ts/test-results/dot-cache/sequence/lakoze-10-cuza667
OK /Users/scottseely/git/knowvah/plantuml-ts/test-results/dot-cache/sequence/lalite-31-joxu896
OK /Users/scottseely/git/knowvah/plantuml-ts/test-results/dot-cache/sequence/lavaba-76-lepi228
OK /Users/scottseely/git/knowvah/plantuml-ts/test-results/dot-cache/sequence/laveli-73-zuse406
OK /Users/scottseely/git/knowvah/plantuml-ts/test-results/dot-cache/sequence/leceju-60-doxa170
OK /Users/scottseely/git/knowvah/plantuml-ts/test-results/dot-cache/sequence/ledura-21-bavo866
OK /Users/scottseely/git/knowvah/plantuml-ts/test-results/dot-cache/sequence/legeme-58-daxi851
OK /Users/scottseely/git/knowvah/plantuml-ts/test-results/dot-cache/sequence/legole-00-givu934
OK /Users/scottseely/git/knowvah/plantuml-ts/test-results/dot-cache/sequence/lejafe-21-niga299
OK /Users/scottseely/git/knowvah/plantuml-ts/test-results/dot-cache/sequence/lekari-63-rigu513
OK /Users/scottseely/git/knowvah/plantuml-ts/test-results/dot-cache/sequence/lekopo-04-sefo189
OK /Users/scottseely/git/knowvah/plantuml-ts/test-results/dot-cache/sequence/lemevu-44-gupu133
OK /Users/scottseely/git/knowvah/plantuml-ts/test-results/dot-cache/sequence/lenamo-57-fano574
OK /Users/scottseely/git/knowvah/plantuml-ts/test-results/dot-cache/sequence/lenoki-81-nofo984
OK /Users/scottseely/git/knowvah/plantuml-ts/test-results/dot-cache/sequence/lesaga-07-cili644
OK /Users/scottseely/git/knowvah/plantuml-ts/test-results/dot-cache/sequence/letagi-90-kome968
OK /Users/scottseely/git/knowvah/plantuml-ts/test-results/dot-cache/sequence/lezonu-15-cege608
OK /Users/scottseely/git/knowvah/plantuml-ts/test-results/dot-cache/sequence/libele-29-gagu210
OK /Users/scottseely/git/knowvah/plantuml-ts/test-results/dot-cache/sequence/libica-30-seve575
OK /Users/scottseely/git/knowvah/plantuml-ts/test-results/dot-cache/sequence/libipu-23-femo315
OK /Users/scottseely/git/knowvah/plantuml-ts/test-results/dot-cache/sequence/licole-34-vejo527
OK /Users/scottseely/git/knowvah/plantuml-ts/test-results/dot-cache/sequence/liculu-86-goge853
OK /Users/scottseely/git/knowvah/plantuml-ts/test-results/dot-cache/sequence/lidupe-72-cexa425
OK /Users/scottseely/git/knowvah/plantuml-ts/test-results/dot-cache/sequence/lifene-24-xaca574
OK /Users/scottseely/git/knowvah/plantuml-ts/test-results/dot-cache/sequence/liguma-77-mume567
OK /Users/scottseely/git/knowvah/plantuml-ts/test-results/dot-cache/sequence/lilivo-81-jaja352
OK /Users/scottseely/git/knowvah/plantuml-ts/test-results/dot-cache/sequence/liluca-64-muva178
OK /Users/scottseely/git/knowvah/plantuml-ts/test-results/dot-cache/sequence/limajo-73-kife020
OK /Users/scottseely/git/knowvah/plantuml-ts/test-results/dot-cache/sequence/lipuci-81-vovi162
OK /Users/scottseely/git/knowvah/plantuml-ts/test-results/dot-cache/sequence/lirasa-26-tazo607
OK /Users/scottseely/git/knowvah/plantuml-ts/test-results/dot-cache/sequence/loboke-95-roje401
OK /Users/scottseely/git/knowvah/plantuml-ts/test-results/dot-cache/sequence/loguci-83-mobe896
OK /Users/scottseely/git/knowvah/plantuml-ts/test-results/dot-cache/sequence/lojami-06-ligu429
OK /Users/scottseely/git/knowvah/plantuml-ts/test-results/dot-cache/sequence/lojore-28-mano308
OK /Users/scottseely/git/knowvah/plantuml-ts/test-results/dot-cache/sequence/lokavu-60-peku948
OK /Users/scottseely/git/knowvah/plantuml-ts/test-results/dot-cache/sequence/lokole-97-moji784
OK /Users/scottseely/git/knowvah/plantuml-ts/test-results/dot-cache/sequence/lokonu-29-zafi019
OK /Users/scottseely/git/knowvah/plantuml-ts/test-results/dot-cache/sequence/loloke-56-cape461
OK /Users/scottseely/git/knowvah/plantuml-ts/test-results/dot-cache/sequence/losefo-71-dovi176
OK /Users/scottseely/git/knowvah/plantuml-ts/test-results/dot-cache/sequence/losilu-30-ridu614
OK /Users/scottseely/git/knowvah/plantuml-ts/test-results/dot-cache/sequence/loteba-26-konu854
OK /Users/scottseely/git/knowvah/plantuml-ts/test-results/dot-cache/sequence/loxaco-79-zugi221
OK /Users/scottseely/git/knowvah/plantuml-ts/test-results/dot-cache/sequence/lozuru-10-poba814
OK /Users/scottseely/git/knowvah/plantuml-ts/test-results/dot-cache/sequence/lubuxu-38-jomi891
OK /Users/scottseely/git/knowvah/plantuml-ts/test-results/dot-cache/sequence/ludeku-31-juki903
OK /Users/scottseely/git/knowvah/plantuml-ts/test-results/dot-cache/sequence/ludize-84-fopa558
OK /Users/scottseely/git/knowvah/plantuml-ts/test-results/dot-cache/sequence/lufuba-99-lefa805
OK /Users/scottseely/git/knowvah/plantuml-ts/test-results/dot-cache/sequence/lugika-07-rozo911
OK /Users/scottseely/git/knowvah/plantuml-ts/test-results/dot-cache/sequence/lugobo-72-tuna023
OK /Users/scottseely/git/knowvah/plantuml-ts/test-results/dot-cache/sequence/lukivo-17-cose300
OK /Users/scottseely/git/knowvah/plantuml-ts/test-results/dot-cache/sequence/lukomo-68-kuxo704
OK /Users/scottseely/git/knowvah/plantuml-ts/test-results/dot-cache/sequence/luleji-91-jera958
OK /Users/scottseely/git/knowvah/plantuml-ts/test-results/dot-cache/sequence/lumogu-95-givi829
OK /Users/scottseely/git/knowvah/plantuml-ts/test-results/dot-cache/sequence/lunasu-43-reno078
OK /Users/scottseely/git/knowvah/plantuml-ts/test-results/dot-cache/sequence/lupomi-26-vigu795
OK /Users/scottseely/git/knowvah/plantuml-ts/test-results/dot-cache/sequence/lusigu-71-nipe759
OK /Users/scottseely/git/knowvah/plantuml-ts/test-results/dot-cache/sequence/luvudi-06-cire238
OK /Users/scottseely/git/knowvah/plantuml-ts/test-results/dot-cache/sequence/luxiti-51-jare370
OK /Users/scottseely/git/knowvah/plantuml-ts/test-results/dot-cache/sequence/luxiti-90-beca090
OK /Users/scottseely/git/knowvah/plantuml-ts/test-results/dot-cache/sequence/luzapi-49-rati107
OK /Users/scottseely/git/knowvah/plantuml-ts/test-results/dot-cache/sequence/maboju-34-soxi895
OK /Users/scottseely/git/knowvah/plantuml-ts/test-results/dot-cache/sequence/macuca-31-lare733
OK /Users/scottseely/git/knowvah/plantuml-ts/test-results/dot-cache/sequence/makatu-16-guvi187
OK /Users/scottseely/git/knowvah/plantuml-ts/test-results/dot-cache/sequence/makigi-01-zeni607
OK /Users/scottseely/git/knowvah/plantuml-ts/test-results/dot-cache/sequence/makuzo-19-tine034
OK /Users/scottseely/git/knowvah/plantuml-ts/test-results/dot-cache/sequence/mapeji-83-sebu002
OK /Users/scottseely/git/knowvah/plantuml-ts/test-results/dot-cache/sequence/masibi-28-tidi862
OK /Users/scottseely/git/knowvah/plantuml-ts/test-results/dot-cache/sequence/mataga-73-xape348
OK /Users/scottseely/git/knowvah/plantuml-ts/test-results/dot-cache/sequence/matoka-21-jisu767
OK /Users/scottseely/git/knowvah/plantuml-ts/test-results/dot-cache/sequence/matoke-25-kidu719
OK /Users/scottseely/git/knowvah/plantuml-ts/test-results/dot-cache/sequence/maxabo-82-soto406
OK /Users/scottseely/git/knowvah/plantuml-ts/test-results/dot-cache/sequence/maxubu-98-roca477
OK /Users/scottseely/git/knowvah/plantuml-ts/test-results/dot-cache/sequence/maxuzu-48-vopa106
OK /Users/scottseely/git/knowvah/plantuml-ts/test-results/dot-cache/sequence/mebici-98-foji026
OK /Users/scottseely/git/knowvah/plantuml-ts/test-results/dot-cache/sequence/mebidu-16-ruve297
OK /Users/scottseely/git/knowvah/plantuml-ts/test-results/dot-cache/sequence/mefeke-43-xotu192
OK /Users/scottseely/git/knowvah/plantuml-ts/test-results/dot-cache/sequence/mefone-86-soca963
OK /Users/scottseely/git/knowvah/plantuml-ts/test-results/dot-cache/sequence/meguzu-44-luri459
OK /Users/scottseely/git/knowvah/plantuml-ts/test-results/dot-cache/sequence/mejupo-12-vano433
OK /Users/scottseely/git/knowvah/plantuml-ts/test-results/dot-cache/sequence/meleno-54-zume276
OK /Users/scottseely/git/knowvah/plantuml-ts/test-results/dot-cache/sequence/memipo-14-vule994
OK /Users/scottseely/git/knowvah/plantuml-ts/test-results/dot-cache/sequence/menire-56-rase375
OK /Users/scottseely/git/knowvah/plantuml-ts/test-results/dot-cache/sequence/menoke-22-luxo044
OK /Users/scottseely/git/knowvah/plantuml-ts/test-results/dot-cache/sequence/menugo-30-cuxa317
OK /Users/scottseely/git/knowvah/plantuml-ts/test-results/dot-cache/sequence/mepaxe-79-lima141
OK /Users/scottseely/git/knowvah/plantuml-ts/test-results/dot-cache/sequence/merosa-99-nico816
OK /Users/scottseely/git/knowvah/plantuml-ts/test-results/dot-cache/sequence/metano-36-gevu843
OK /Users/scottseely/git/knowvah/plantuml-ts/test-results/dot-cache/sequence/metaro-33-tivu315
OK /Users/scottseely/git/knowvah/plantuml-ts/test-results/dot-cache/sequence/metuso-48-siti946
OK /Users/scottseely/git/knowvah/plantuml-ts/test-results/dot-cache/sequence/mezaxa-44-siju322
OK /Users/scottseely/git/knowvah/plantuml-ts/test-results/dot-cache/sequence/micaki-01-rexa741
OK /Users/scottseely/git/knowvah/plantuml-ts/test-results/dot-cache/sequence/midipu-78-meva271
OK /Users/scottseely/git/knowvah/plantuml-ts/test-results/dot-cache/sequence/mifafi-02-dofi536
OK /Users/scottseely/git/knowvah/plantuml-ts/test-results/dot-cache/sequence/mifeve-32-bone848
OK /Users/scottseely/git/knowvah/plantuml-ts/test-results/dot-cache/sequence/migodo-28-fodi331
OK /Users/scottseely/git/knowvah/plantuml-ts/test-results/dot-cache/sequence/mipezo-08-mura594
OK /Users/scottseely/git/knowvah/plantuml-ts/test-results/dot-cache/sequence/mipope-41-daxa497
OK /Users/scottseely/git/knowvah/plantuml-ts/test-results/dot-cache/sequence/misove-15-cosu149
OK /Users/scottseely/git/knowvah/plantuml-ts/test-results/dot-cache/sequence/mitedi-05-riso357
OK /Users/scottseely/git/knowvah/plantuml-ts/test-results/dot-cache/sequence/mitefi-27-cubo687
OK /Users/scottseely/git/knowvah/plantuml-ts/test-results/dot-cache/sequence/mitire-01-voga923
OK /Users/scottseely/git/knowvah/plantuml-ts/test-results/dot-cache/sequence/mituru-91-pato523
OK /Users/scottseely/git/knowvah/plantuml-ts/test-results/dot-cache/sequence/mivuke-79-fujo526
OK /Users/scottseely/git/knowvah/plantuml-ts/test-results/dot-cache/sequence/mizeli-59-delu630
OK /Users/scottseely/git/knowvah/plantuml-ts/test-results/dot-cache/sequence/mizugi-66-desi413
OK /Users/scottseely/git/knowvah/plantuml-ts/test-results/dot-cache/sequence/mobava-88-teja491
OK /Users/scottseely/git/knowvah/plantuml-ts/test-results/dot-cache/sequence/mobeji-49-faki497
OK /Users/scottseely/git/knowvah/plantuml-ts/test-results/dot-cache/sequence/mobobu-53-vita034
OK /Users/scottseely/git/knowvah/plantuml-ts/test-results/dot-cache/sequence/mocuna-66-bica785
OK /Users/scottseely/git/knowvah/plantuml-ts/test-results/dot-cache/sequence/modamu-43-juci519
OK /Users/scottseely/git/knowvah/plantuml-ts/test-results/dot-cache/sequence/mokige-56-disi349
OK /Users/scottseely/git/knowvah/plantuml-ts/test-results/dot-cache/sequence/momivo-11-pulo230
OK /Users/scottseely/git/knowvah/plantuml-ts/test-results/dot-cache/sequence/momuxe-95-bugu296
OK /Users/scottseely/git/knowvah/plantuml-ts/test-results/dot-cache/sequence/monafo-92-leta687
OK /Users/scottseely/git/knowvah/plantuml-ts/test-results/dot-cache/sequence/mopidi-45-pudu787
OK /Users/scottseely/git/knowvah/plantuml-ts/test-results/dot-cache/sequence/movaso-17-jomi483
OK /Users/scottseely/git/knowvah/plantuml-ts/test-results/dot-cache/sequence/moxazi-74-bosi297
OK /Users/scottseely/git/knowvah/plantuml-ts/test-results/dot-cache/sequence/moxope-92-roco972
OK /Users/scottseely/git/knowvah/plantuml-ts/test-results/dot-cache/sequence/mozege-45-jatu623
OK /Users/scottseely/git/knowvah/plantuml-ts/test-results/dot-cache/sequence/mozofa-80-puru273
OK /Users/scottseely/git/knowvah/plantuml-ts/test-results/dot-cache/sequence/mozoza-90-biru865
OK /Users/scottseely/git/knowvah/plantuml-ts/test-results/dot-cache/sequence/mucoji-36-bape235
OK /Users/scottseely/git/knowvah/plantuml-ts/test-results/dot-cache/sequence/mudiga-14-sage351
OK /Users/scottseely/git/knowvah/plantuml-ts/test-results/dot-cache/sequence/mufomi-43-vaso140
OK /Users/scottseely/git/knowvah/plantuml-ts/test-results/dot-cache/sequence/mufote-89-buka575
OK /Users/scottseely/git/knowvah/plantuml-ts/test-results/dot-cache/sequence/mugidu-43-jizu986
OK /Users/scottseely/git/knowvah/plantuml-ts/test-results/dot-cache/sequence/mukebo-35-xoju095
OK /Users/scottseely/git/knowvah/plantuml-ts/test-results/dot-cache/sequence/mulofu-90-voka382
OK /Users/scottseely/git/knowvah/plantuml-ts/test-results/dot-cache/sequence/mumagu-62-jicu083
OK /Users/scottseely/git/knowvah/plantuml-ts/test-results/dot-cache/sequence/munuje-51-pejo542
OK /Users/scottseely/git/knowvah/plantuml-ts/test-results/dot-cache/sequence/mupugi-53-xuna043
OK /Users/scottseely/git/knowvah/plantuml-ts/test-results/dot-cache/sequence/murori-42-pabo946
OK /Users/scottseely/git/knowvah/plantuml-ts/test-results/dot-cache/sequence/musegi-69-lovi039
OK /Users/scottseely/git/knowvah/plantuml-ts/test-results/dot-cache/sequence/musive-74-reva838
OK /Users/scottseely/git/knowvah/plantuml-ts/test-results/dot-cache/sequence/mutuve-86-sevi489
OK /Users/scottseely/git/knowvah/plantuml-ts/test-results/dot-cache/sequence/muvaxa-46-teze620
OK /Users/scottseely/git/knowvah/plantuml-ts/test-results/dot-cache/sequence/muzolo-11-cenu320
OK /Users/scottseely/git/knowvah/plantuml-ts/test-results/dot-cache/sequence/nabesa-52-nufu501
OK /Users/scottseely/git/knowvah/plantuml-ts/test-results/dot-cache/sequence/nadode-16-budi136
OK /Users/scottseely/git/knowvah/plantuml-ts/test-results/dot-cache/sequence/najuro-83-tuze073
OK /Users/scottseely/git/knowvah/plantuml-ts/test-results/dot-cache/sequence/nakovi-91-kadu912
OK /Users/scottseely/git/knowvah/plantuml-ts/test-results/dot-cache/sequence/naliba-15-rari769
OK /Users/scottseely/git/knowvah/plantuml-ts/test-results/dot-cache/sequence/nanedo-96-foso005
OK /Users/scottseely/git/knowvah/plantuml-ts/test-results/dot-cache/sequence/nanoza-23-fija616
OK /Users/scottseely/git/knowvah/plantuml-ts/test-results/dot-cache/sequence/naruxe-19-copi353
OK /Users/scottseely/git/knowvah/plantuml-ts/test-results/dot-cache/sequence/natidi-64-kuzo035
OK /Users/scottseely/git/knowvah/plantuml-ts/test-results/dot-cache/sequence/nazolo-84-jako346
OK /Users/scottseely/git/knowvah/plantuml-ts/test-results/dot-cache/sequence/nazuki-76-dave810
OK /Users/scottseely/git/knowvah/plantuml-ts/test-results/dot-cache/sequence/necofe-81-toja736
OK /Users/scottseely/git/knowvah/plantuml-ts/test-results/dot-cache/sequence/necujo-58-gadi983
OK /Users/scottseely/git/knowvah/plantuml-ts/test-results/dot-cache/sequence/nedaka-75-tiju705
OK /Users/scottseely/git/knowvah/plantuml-ts/test-results/dot-cache/sequence/nekave-81-tove144
OK /Users/scottseely/git/knowvah/plantuml-ts/test-results/dot-cache/sequence/nekeso-74-tebe680
OK /Users/scottseely/git/knowvah/plantuml-ts/test-results/dot-cache/sequence/nemeji-70-xupi983
OK /Users/scottseely/git/knowvah/plantuml-ts/test-results/dot-cache/sequence/nenika-09-domu220
OK /Users/scottseely/git/knowvah/plantuml-ts/test-results/dot-cache/sequence/nepica-26-pali815
OK /Users/scottseely/git/knowvah/plantuml-ts/test-results/dot-cache/sequence/nereka-67-deco609
OK /Users/scottseely/git/knowvah/plantuml-ts/test-results/dot-cache/sequence/nerujo-69-xovi052
OK /Users/scottseely/git/knowvah/plantuml-ts/test-results/dot-cache/sequence/nesuva-86-fuki568
OK /Users/scottseely/git/knowvah/plantuml-ts/test-results/dot-cache/sequence/netanu-37-vovi884
OK /Users/scottseely/git/knowvah/plantuml-ts/test-results/dot-cache/sequence/netiro-87-foca868
OK /Users/scottseely/git/knowvah/plantuml-ts/test-results/dot-cache/sequence/netuvi-29-jiti924
OK /Users/scottseely/git/knowvah/plantuml-ts/test-results/dot-cache/sequence/nevidi-69-todu292
OK /Users/scottseely/git/knowvah/plantuml-ts/test-results/dot-cache/sequence/nexuni-53-xevi406
OK /Users/scottseely/git/knowvah/plantuml-ts/test-results/dot-cache/sequence/nexuxi-32-gici059
OK /Users/scottseely/git/knowvah/plantuml-ts/test-results/dot-cache/sequence/nezipa-74-kigi270
OK /Users/scottseely/git/knowvah/plantuml-ts/test-results/dot-cache/sequence/nibiju-55-kavu710
OK /Users/scottseely/git/knowvah/plantuml-ts/test-results/dot-cache/sequence/nidozi-08-daxa280
OK /Users/scottseely/git/knowvah/plantuml-ts/test-results/dot-cache/sequence/nifixi-65-cebi612
OK /Users/scottseely/git/knowvah/plantuml-ts/test-results/dot-cache/sequence/nijilu-37-zofe547
OK /Users/scottseely/git/knowvah/plantuml-ts/test-results/dot-cache/sequence/nimoxu-60-xale291
OK /Users/scottseely/git/knowvah/plantuml-ts/test-results/dot-cache/sequence/nirolu-80-lobo780
OK /Users/scottseely/git/knowvah/plantuml-ts/test-results/dot-cache/sequence/nisogu-21-zixe139
OK /Users/scottseely/git/knowvah/plantuml-ts/test-results/dot-cache/sequence/nitadu-00-laca973
OK /Users/scottseely/git/knowvah/plantuml-ts/test-results/dot-cache/sequence/nitubo-28-pugo834
OK /Users/scottseely/git/knowvah/plantuml-ts/test-results/dot-cache/sequence/nivaje-50-tido759
OK /Users/scottseely/git/knowvah/plantuml-ts/test-results/dot-cache/sequence/nivelo-54-caze822
OK /Users/scottseely/git/knowvah/plantuml-ts/test-results/dot-cache/sequence/nizime-73-xuti179
OK /Users/scottseely/git/knowvah/plantuml-ts/test-results/dot-cache/sequence/nizoxo-38-core298
OK /Users/scottseely/git/knowvah/plantuml-ts/test-results/dot-cache/sequence/nizuzi-32-babe798
OK /Users/scottseely/git/knowvah/plantuml-ts/test-results/dot-cache/sequence/nobase-02-zuvu172
OK /Users/scottseely/git/knowvah/plantuml-ts/test-results/dot-cache/sequence/nocilo-91-xeza348
OK /Users/scottseely/git/knowvah/plantuml-ts/test-results/dot-cache/sequence/nofegi-58-kilo738
OK /Users/scottseely/git/knowvah/plantuml-ts/test-results/dot-cache/sequence/nofola-68-nobe068
OK /Users/scottseely/git/knowvah/plantuml-ts/test-results/dot-cache/sequence/nojata-23-ropa545
OK /Users/scottseely/git/knowvah/plantuml-ts/test-results/dot-cache/sequence/noneda-45-tutu738
OK /Users/scottseely/git/knowvah/plantuml-ts/test-results/dot-cache/sequence/nosebu-15-fasu691
OK /Users/scottseely/git/knowvah/plantuml-ts/test-results/dot-cache/sequence/nosixi-41-rizu505
OK /Users/scottseely/git/knowvah/plantuml-ts/test-results/dot-cache/sequence/nosuti-71-mida920
OK /Users/scottseely/git/knowvah/plantuml-ts/test-results/dot-cache/sequence/note-color
OK /Users/scottseely/git/knowvah/plantuml-ts/test-results/dot-cache/sequence/notube-22-jera587
OK /Users/scottseely/git/knowvah/plantuml-ts/test-results/dot-cache/sequence/novica-69-romi760
OK /Users/scottseely/git/knowvah/plantuml-ts/test-results/dot-cache/sequence/nubute-95-pese616
OK /Users/scottseely/git/knowvah/plantuml-ts/test-results/dot-cache/sequence/nucumi-51-posa953
OK /Users/scottseely/git/knowvah/plantuml-ts/test-results/dot-cache/sequence/nufuse-45-monu242
OK /Users/scottseely/git/knowvah/plantuml-ts/test-results/dot-cache/sequence/nukona-00-jaro456
OK /Users/scottseely/git/knowvah/plantuml-ts/test-results/dot-cache/sequence/numezi-28-fuzu813
OK /Users/scottseely/git/knowvah/plantuml-ts/test-results/dot-cache/sequence/numugo-16-luca722
OK /Users/scottseely/git/knowvah/plantuml-ts/test-results/dot-cache/sequence/nunozo-09-zoce623
OK /Users/scottseely/git/knowvah/plantuml-ts/test-results/dot-cache/sequence/nunuji-27-mosa042
OK /Users/scottseely/git/knowvah/plantuml-ts/test-results/dot-cache/sequence/nutomi-11-bapo777
OK /Users/scottseely/git/knowvah/plantuml-ts/test-results/dot-cache/sequence/nutuxo-22-fiza911
OK /Users/scottseely/git/knowvah/plantuml-ts/test-results/dot-cache/sequence/nuvoja-46-dezu541
OK /Users/scottseely/git/knowvah/plantuml-ts/test-results/dot-cache/sequence/nuxalo-31-mabe377
OK /Users/scottseely/git/knowvah/plantuml-ts/test-results/dot-cache/sequence/nuxure-61-nida877
OK /Users/scottseely/git/knowvah/plantuml-ts/test-results/dot-cache/sequence/padomu-10-nati972
OK /Users/scottseely/git/knowvah/plantuml-ts/test-results/dot-cache/sequence/pafene-01-tedi758
OK /Users/scottseely/git/knowvah/plantuml-ts/test-results/dot-cache/sequence/pagare-38-rebo342
OK /Users/scottseely/git/knowvah/plantuml-ts/test-results/dot-cache/sequence/pagujo-10-pafe397
OK /Users/scottseely/git/knowvah/plantuml-ts/test-results/dot-cache/sequence/pakado-65-cijo067
OK /Users/scottseely/git/knowvah/plantuml-ts/test-results/dot-cache/sequence/palizu-70-dora362
OK /Users/scottseely/git/knowvah/plantuml-ts/test-results/dot-cache/sequence/pamuli-34-suxu083
OK /Users/scottseely/git/knowvah/plantuml-ts/test-results/dot-cache/sequence/panopa-36-muti317
OK /Users/scottseely/git/knowvah/plantuml-ts/test-results/dot-cache/sequence/panuvo-43-mifu020
OK /Users/scottseely/git/knowvah/plantuml-ts/test-results/dot-cache/sequence/papade-25-cera948
OK /Users/scottseely/git/knowvah/plantuml-ts/test-results/dot-cache/sequence/parimu-89-nemi931
OK /Users/scottseely/git/knowvah/plantuml-ts/test-results/dot-cache/sequence/paruvi-41-jano091
OK /Users/scottseely/git/knowvah/plantuml-ts/test-results/dot-cache/sequence/patute-88-dena554
OK /Users/scottseely/git/knowvah/plantuml-ts/test-results/dot-cache/sequence/pebezu-05-dufi104
OK /Users/scottseely/git/knowvah/plantuml-ts/test-results/dot-cache/sequence/peciku-06-zuvo123
OK /Users/scottseely/git/knowvah/plantuml-ts/test-results/dot-cache/sequence/peduzi-80-giki495
OK /Users/scottseely/git/knowvah/plantuml-ts/test-results/dot-cache/sequence/pekavu-30-toti112
OK /Users/scottseely/git/knowvah/plantuml-ts/test-results/dot-cache/sequence/pexona-78-kede899
OK /Users/scottseely/git/knowvah/plantuml-ts/test-results/dot-cache/sequence/pexube-19-kanu994
OK /Users/scottseely/git/knowvah/plantuml-ts/test-results/dot-cache/sequence/pibefe-94-cibu835
OK /Users/scottseely/git/knowvah/plantuml-ts/test-results/dot-cache/sequence/pidadu-86-cuda807
OK /Users/scottseely/git/knowvah/plantuml-ts/test-results/dot-cache/sequence/pidici-36-jicu872
OK /Users/scottseely/git/knowvah/plantuml-ts/test-results/dot-cache/sequence/pigifu-13-kele137
OK /Users/scottseely/git/knowvah/plantuml-ts/test-results/dot-cache/sequence/pijixu-96-bago359
OK /Users/scottseely/git/knowvah/plantuml-ts/test-results/dot-cache/sequence/pimoci-15-jite516
OK /Users/scottseely/git/knowvah/plantuml-ts/test-results/dot-cache/sequence/pixifi-75-gulu822
OK /Users/scottseely/git/knowvah/plantuml-ts/test-results/dot-cache/sequence/pixima-27-nita000
OK /Users/scottseely/git/knowvah/plantuml-ts/test-results/dot-cache/sequence/pixopo-04-zitu732
OK /Users/scottseely/git/knowvah/plantuml-ts/test-results/dot-cache/sequence/pizupi-41-logi068
OK /Users/scottseely/git/knowvah/plantuml-ts/test-results/dot-cache/sequence/pobasa-34-neza994
OK /Users/scottseely/git/knowvah/plantuml-ts/test-results/dot-cache/sequence/poceko-81-dofe354
OK /Users/scottseely/git/knowvah/plantuml-ts/test-results/dot-cache/sequence/podata-90-rike047
OK /Users/scottseely/git/knowvah/plantuml-ts/test-results/dot-cache/sequence/podije-21-guxe276
OK /Users/scottseely/git/knowvah/plantuml-ts/test-results/dot-cache/sequence/pojofa-31-mimo042
OK /Users/scottseely/git/knowvah/plantuml-ts/test-results/dot-cache/sequence/pokici-03-lafi659
OK /Users/scottseely/git/knowvah/plantuml-ts/test-results/dot-cache/sequence/poleji-46-dege759
OK /Users/scottseely/git/knowvah/plantuml-ts/test-results/dot-cache/sequence/pomoxu-05-luco302
OK /Users/scottseely/git/knowvah/plantuml-ts/test-results/dot-cache/sequence/ponalu-70-nusa123
OK /Users/scottseely/git/knowvah/plantuml-ts/test-results/dot-cache/sequence/ponugi-73-xuzo000
OK /Users/scottseely/git/knowvah/plantuml-ts/test-results/dot-cache/sequence/popoda-09-xavi089
OK /Users/scottseely/git/knowvah/plantuml-ts/test-results/dot-cache/sequence/popule-82-faxa443
OK /Users/scottseely/git/knowvah/plantuml-ts/test-results/dot-cache/sequence/porepe-36-nebi243
OK /Users/scottseely/git/knowvah/plantuml-ts/test-results/dot-cache/sequence/porulu-24-ciga586
OK /Users/scottseely/git/knowvah/plantuml-ts/test-results/dot-cache/sequence/posura-78-koji601
OK /Users/scottseely/git/knowvah/plantuml-ts/test-results/dot-cache/sequence/povuju-50-pido564
OK /Users/scottseely/git/knowvah/plantuml-ts/test-results/dot-cache/sequence/poxugi-46-feba577
OK /Users/scottseely/git/knowvah/plantuml-ts/test-results/dot-cache/sequence/pucama-53-sugi082
OK /Users/scottseely/git/knowvah/plantuml-ts/test-results/dot-cache/sequence/pucini-86-goti091
OK /Users/scottseely/git/knowvah/plantuml-ts/test-results/dot-cache/sequence/pufube-73-kase811
OK /Users/scottseely/git/knowvah/plantuml-ts/test-results/dot-cache/sequence/pugale-88-zuta854
OK /Users/scottseely/git/knowvah/plantuml-ts/test-results/dot-cache/sequence/pugera-36-jeza279
OK /Users/scottseely/git/knowvah/plantuml-ts/test-results/dot-cache/sequence/pukebe-27-xadi418
OK /Users/scottseely/git/knowvah/plantuml-ts/test-results/dot-cache/sequence/pumula-71-gigi389
OK /Users/scottseely/git/knowvah/plantuml-ts/test-results/dot-cache/sequence/puneli-74-recu314
OK /Users/scottseely/git/knowvah/plantuml-ts/test-results/dot-cache/sequence/punove-48-zugu202
OK /Users/scottseely/git/knowvah/plantuml-ts/test-results/dot-cache/sequence/pupini-69-doko713
OK /Users/scottseely/git/knowvah/plantuml-ts/test-results/dot-cache/sequence/putici-74-zenu027
OK /Users/scottseely/git/knowvah/plantuml-ts/test-results/dot-cache/sequence/putuku-29-ziga148
OK /Users/scottseely/git/knowvah/plantuml-ts/test-results/dot-cache/sequence/puxoko-57-pifa349
OK /Users/scottseely/git/knowvah/plantuml-ts/test-results/dot-cache/sequence/rabulu-15-mesu419
OK /Users/scottseely/git/knowvah/plantuml-ts/test-results/dot-cache/sequence/rafibi-29-gevo619
OK /Users/scottseely/git/knowvah/plantuml-ts/test-results/dot-cache/sequence/rajogu-04-suru681
OK /Users/scottseely/git/knowvah/plantuml-ts/test-results/dot-cache/sequence/ralegi-94-fure352
OK /Users/scottseely/git/knowvah/plantuml-ts/test-results/dot-cache/sequence/ralucu-86-voxa492
OK /Users/scottseely/git/knowvah/plantuml-ts/test-results/dot-cache/sequence/ramica-82-loku620
OK /Users/scottseely/git/knowvah/plantuml-ts/test-results/dot-cache/sequence/ramive-48-vabu271
OK /Users/scottseely/git/knowvah/plantuml-ts/test-results/dot-cache/sequence/ranalo-31-mite541
OK /Users/scottseely/git/knowvah/plantuml-ts/test-results/dot-cache/sequence/rapoto-38-neca900
OK /Users/scottseely/git/knowvah/plantuml-ts/test-results/dot-cache/sequence/rasedo-44-liti558
OK /Users/scottseely/git/knowvah/plantuml-ts/test-results/dot-cache/sequence/ratufa-96-xagu210
OK /Users/scottseely/git/knowvah/plantuml-ts/test-results/dot-cache/sequence/ravire-24-jaju542
OK /Users/scottseely/git/knowvah/plantuml-ts/test-results/dot-cache/sequence/raxeca-83-rotu897
OK /Users/scottseely/git/knowvah/plantuml-ts/test-results/dot-cache/sequence/recani-60-licu962
OK /Users/scottseely/git/knowvah/plantuml-ts/test-results/dot-cache/sequence/refiju-27-nupe082
OK /Users/scottseely/git/knowvah/plantuml-ts/test-results/dot-cache/sequence/refire-51-cuka840
OK /Users/scottseely/git/knowvah/plantuml-ts/test-results/dot-cache/sequence/refoxa-14-rusi158
OK /Users/scottseely/git/knowvah/plantuml-ts/test-results/dot-cache/sequence/regate-07-rore899
OK /Users/scottseely/git/knowvah/plantuml-ts/test-results/dot-cache/sequence/remoso-59-bese968
OK /Users/scottseely/git/knowvah/plantuml-ts/test-results/dot-cache/sequence/renilo-96-zugo789
OK /Users/scottseely/git/knowvah/plantuml-ts/test-results/dot-cache/sequence/repeka-62-lizi792
OK /Users/scottseely/git/knowvah/plantuml-ts/test-results/dot-cache/sequence/repudi-21-rovo448
OK /Users/scottseely/git/knowvah/plantuml-ts/test-results/dot-cache/sequence/rexine-04-regi170
OK /Users/scottseely/git/knowvah/plantuml-ts/test-results/dot-cache/sequence/rezoma-09-vixi307
OK /Users/scottseely/git/knowvah/plantuml-ts/test-results/dot-cache/sequence/rezuve-35-javi726
OK /Users/scottseely/git/knowvah/plantuml-ts/test-results/dot-cache/sequence/ridiro-95-moro174
OK /Users/scottseely/git/knowvah/plantuml-ts/test-results/dot-cache/sequence/rifazu-14-fede536
OK /Users/scottseely/git/knowvah/plantuml-ts/test-results/dot-cache/sequence/rilefo-62-jedi773
OK /Users/scottseely/git/knowvah/plantuml-ts/test-results/dot-cache/sequence/rilube-65-disa539
OK /Users/scottseely/git/knowvah/plantuml-ts/test-results/dot-cache/sequence/ripura-92-vacu541
OK /Users/scottseely/git/knowvah/plantuml-ts/test-results/dot-cache/sequence/ritesi-65-gujo913
OK /Users/scottseely/git/knowvah/plantuml-ts/test-results/dot-cache/sequence/rititi-64-vene814
OK /Users/scottseely/git/knowvah/plantuml-ts/test-results/dot-cache/sequence/rizove-01-move566
OK /Users/scottseely/git/knowvah/plantuml-ts/test-results/dot-cache/sequence/robopi-12-jaxe349
OK /Users/scottseely/git/knowvah/plantuml-ts/test-results/dot-cache/sequence/rocipu-63-zafu641
OK /Users/scottseely/git/knowvah/plantuml-ts/test-results/dot-cache/sequence/rodori-30-fipi183
OK /Users/scottseely/git/knowvah/plantuml-ts/test-results/dot-cache/sequence/rofate-27-nuvu751
OK /Users/scottseely/git/knowvah/plantuml-ts/test-results/dot-cache/sequence/rogube-67-sova611
OK /Users/scottseely/git/knowvah/plantuml-ts/test-results/dot-cache/sequence/rojicu-57-rize312
OK /Users/scottseely/git/knowvah/plantuml-ts/test-results/dot-cache/sequence/rokava-82-kavo091
OK /Users/scottseely/git/knowvah/plantuml-ts/test-results/dot-cache/sequence/rolefi-55-vabe043
OK /Users/scottseely/git/knowvah/plantuml-ts/test-results/dot-cache/sequence/rolota-48-cedi081
OK /Users/scottseely/git/knowvah/plantuml-ts/test-results/dot-cache/sequence/romane-05-nika037
OK /Users/scottseely/git/knowvah/plantuml-ts/test-results/dot-cache/sequence/ropame-50-funo509
OK /Users/scottseely/git/knowvah/plantuml-ts/test-results/dot-cache/sequence/rosazu-66-secu992
OK /Users/scottseely/git/knowvah/plantuml-ts/test-results/dot-cache/sequence/rotila-89-juri637
OK /Users/scottseely/git/knowvah/plantuml-ts/test-results/dot-cache/sequence/rozavo-21-cavi374
OK /Users/scottseely/git/knowvah/plantuml-ts/test-results/dot-cache/sequence/rozove-84-tagu456
OK /Users/scottseely/git/knowvah/plantuml-ts/test-results/dot-cache/sequence/ruboxu-79-joxa034
OK /Users/scottseely/git/knowvah/plantuml-ts/test-results/dot-cache/sequence/rudoci-99-zaju916
OK /Users/scottseely/git/knowvah/plantuml-ts/test-results/dot-cache/sequence/rudola-01-bibi608
OK /Users/scottseely/git/knowvah/plantuml-ts/test-results/dot-cache/sequence/rufama-75-paku115
OK /Users/scottseely/git/knowvah/plantuml-ts/test-results/dot-cache/sequence/rufoko-60-jori485
OK /Users/scottseely/git/knowvah/plantuml-ts/test-results/dot-cache/sequence/rugeco-70-muro754
OK /Users/scottseely/git/knowvah/plantuml-ts/test-results/dot-cache/sequence/rugoro-74-mepi153
OK /Users/scottseely/git/knowvah/plantuml-ts/test-results/dot-cache/sequence/rujapu-71-bidi404
OK /Users/scottseely/git/knowvah/plantuml-ts/test-results/dot-cache/sequence/rujetu-45-laxe003
OK /Users/scottseely/git/knowvah/plantuml-ts/test-results/dot-cache/sequence/rujimo-45-dato973
OK /Users/scottseely/git/knowvah/plantuml-ts/test-results/dot-cache/sequence/rulepa-49-pisa733
OK /Users/scottseely/git/knowvah/plantuml-ts/test-results/dot-cache/sequence/rumima-16-tevo172
OK /Users/scottseely/git/knowvah/plantuml-ts/test-results/dot-cache/sequence/rupasa-72-neco694
OK /Users/scottseely/git/knowvah/plantuml-ts/test-results/dot-cache/sequence/rusada-38-sopi026
OK /Users/scottseely/git/knowvah/plantuml-ts/test-results/dot-cache/sequence/rutipe-17-jonu882
OK /Users/scottseely/git/knowvah/plantuml-ts/test-results/dot-cache/sequence/ruxasu-79-puxa956
OK /Users/scottseely/git/knowvah/plantuml-ts/test-results/dot-cache/sequence/ruxazu-24-nagu486
OK /Users/scottseely/git/knowvah/plantuml-ts/test-results/dot-cache/sequence/ruxiga-63-nide445
OK /Users/scottseely/git/knowvah/plantuml-ts/test-results/dot-cache/sequence/ruxocu-12-tepa317
OK /Users/scottseely/git/knowvah/plantuml-ts/test-results/dot-cache/sequence/ruxuju-55-jitu721
OK /Users/scottseely/git/knowvah/plantuml-ts/test-results/dot-cache/sequence/ruxuxu-75-jilu612
OK /Users/scottseely/git/knowvah/plantuml-ts/test-results/dot-cache/sequence/ruzapi-75-pone297
OK /Users/scottseely/git/knowvah/plantuml-ts/test-results/dot-cache/sequence/sameli-92-dape565
OK /Users/scottseely/git/knowvah/plantuml-ts/test-results/dot-cache/sequence/sanigu-59-puro802
OK /Users/scottseely/git/knowvah/plantuml-ts/test-results/dot-cache/sequence/sapice-55-zono098
OK /Users/scottseely/git/knowvah/plantuml-ts/test-results/dot-cache/sequence/sarevu-71-nona699
OK /Users/scottseely/git/knowvah/plantuml-ts/test-results/dot-cache/sequence/sarico-38-foxo520
OK /Users/scottseely/git/knowvah/plantuml-ts/test-results/dot-cache/sequence/saroli-53-vafu511
OK /Users/scottseely/git/knowvah/plantuml-ts/test-results/dot-cache/sequence/savebe-17-xovo724
OK /Users/scottseely/git/knowvah/plantuml-ts/test-results/dot-cache/sequence/sazaxe-79-beka218
OK /Users/scottseely/git/knowvah/plantuml-ts/test-results/dot-cache/sequence/sebafe-48-pepu053
OK /Users/scottseely/git/knowvah/plantuml-ts/test-results/dot-cache/sequence/secida-27-jaco323
OK /Users/scottseely/git/knowvah/plantuml-ts/test-results/dot-cache/sequence/sedajo-92-docu424
OK /Users/scottseely/git/knowvah/plantuml-ts/test-results/dot-cache/sequence/sedule-54-falo457
OK /Users/scottseely/git/knowvah/plantuml-ts/test-results/dot-cache/sequence/sefako-72-jono850
OK /Users/scottseely/git/knowvah/plantuml-ts/test-results/dot-cache/sequence/sefosu-56-mode325
OK /Users/scottseely/git/knowvah/plantuml-ts/test-results/dot-cache/sequence/selasi-04-leto875
OK /Users/scottseely/git/knowvah/plantuml-ts/test-results/dot-cache/sequence/selave-46-vidi646
OK /Users/scottseely/git/knowvah/plantuml-ts/test-results/dot-cache/sequence/seloli-77-rixi778
OK /Users/scottseely/git/knowvah/plantuml-ts/test-results/dot-cache/sequence/semepi-87-tiza126
OK /Users/scottseely/git/knowvah/plantuml-ts/test-results/dot-cache/sequence/semika-67-covi892
OK /Users/scottseely/git/knowvah/plantuml-ts/test-results/dot-cache/sequence/senogo-33-nuva054
OK /Users/scottseely/git/knowvah/plantuml-ts/test-results/dot-cache/sequence/sepeti-78-zido700
OK /Users/scottseely/git/knowvah/plantuml-ts/test-results/dot-cache/sequence/sesezo-58-joce104
OK /Users/scottseely/git/knowvah/plantuml-ts/test-results/dot-cache/sequence/sevaze-62-pufa040
OK /Users/scottseely/git/knowvah/plantuml-ts/test-results/dot-cache/sequence/sevicu-84-veve186
OK /Users/scottseely/git/knowvah/plantuml-ts/test-results/dot-cache/sequence/sigefa-91-meme719
OK /Users/scottseely/git/knowvah/plantuml-ts/test-results/dot-cache/sequence/sijuso-90-zaje372
OK /Users/scottseely/git/knowvah/plantuml-ts/test-results/dot-cache/sequence/sirabe-54-sibe468
OK /Users/scottseely/git/knowvah/plantuml-ts/test-results/dot-cache/sequence/sireta-85-reja792
OK /Users/scottseely/git/knowvah/plantuml-ts/test-results/dot-cache/sequence/siroza-17-cuko381
OK /Users/scottseely/git/knowvah/plantuml-ts/test-results/dot-cache/sequence/sisege-95-labu547
OK /Users/scottseely/git/knowvah/plantuml-ts/test-results/dot-cache/sequence/sisele-83-gebe678
OK /Users/scottseely/git/knowvah/plantuml-ts/test-results/dot-cache/sequence/sisena-47-nivo837
OK /Users/scottseely/git/knowvah/plantuml-ts/test-results/dot-cache/sequence/sixafa-45-faxi184
OK /Users/scottseely/git/knowvah/plantuml-ts/test-results/dot-cache/sequence/sixifa-33-bibu140
OK /Users/scottseely/git/knowvah/plantuml-ts/test-results/dot-cache/sequence/sizumo-60-ziba310
OK /Users/scottseely/git/knowvah/plantuml-ts/test-results/dot-cache/sequence/sobiga-51-damo304
OK /Users/scottseely/git/knowvah/plantuml-ts/test-results/dot-cache/sequence/sobobe-86-zebo638
OK /Users/scottseely/git/knowvah/plantuml-ts/test-results/dot-cache/sequence/socode-71-sige450
OK /Users/scottseely/git/knowvah/plantuml-ts/test-results/dot-cache/sequence/sodovo-72-kudu756
OK /Users/scottseely/git/knowvah/plantuml-ts/test-results/dot-cache/sequence/sofavo-23-xuxi628
OK /Users/scottseely/git/knowvah/plantuml-ts/test-results/dot-cache/sequence/sogafu-39-fone585
OK /Users/scottseely/git/knowvah/plantuml-ts/test-results/dot-cache/sequence/sojufi-84-bexi933
OK /Users/scottseely/git/knowvah/plantuml-ts/test-results/dot-cache/sequence/solivu-37-vika919
OK /Users/scottseely/git/knowvah/plantuml-ts/test-results/dot-cache/sequence/somana-58-lili386
OK /Users/scottseely/git/knowvah/plantuml-ts/test-results/dot-cache/sequence/sonuse-17-poku104
OK /Users/scottseely/git/knowvah/plantuml-ts/test-results/dot-cache/sequence/sopapu-09-riza536
OK /Users/scottseely/git/knowvah/plantuml-ts/test-results/dot-cache/sequence/soxafo-18-vuzo068
OK /Users/scottseely/git/knowvah/plantuml-ts/test-results/dot-cache/sequence/soxata-16-kafi688
OK /Users/scottseely/git/knowvah/plantuml-ts/test-results/dot-cache/sequence/soxaxu-96-ceco932
OK /Users/scottseely/git/knowvah/plantuml-ts/test-results/dot-cache/sequence/sozifu-13-zufu979
OK /Users/scottseely/git/knowvah/plantuml-ts/test-results/dot-cache/sequence/subaku-04-xuvi971
OK /Users/scottseely/git/knowvah/plantuml-ts/test-results/dot-cache/sequence/sudugu-16-gapi622
OK /Users/scottseely/git/knowvah/plantuml-ts/test-results/dot-cache/sequence/sufevi-44-xipa294
OK /Users/scottseely/git/knowvah/plantuml-ts/test-results/dot-cache/sequence/sufire-57-dari792
OK /Users/scottseely/git/knowvah/plantuml-ts/test-results/dot-cache/sequence/sukugi-55-kagi800
OK /Users/scottseely/git/knowvah/plantuml-ts/test-results/dot-cache/sequence/sukuno-50-kiru529
OK /Users/scottseely/git/knowvah/plantuml-ts/test-results/dot-cache/sequence/suleta-28-lejo742
OK /Users/scottseely/git/knowvah/plantuml-ts/test-results/dot-cache/sequence/sulipe-44-jeta861
OK /Users/scottseely/git/knowvah/plantuml-ts/test-results/dot-cache/sequence/suneke-72-kexi504
OK /Users/scottseely/git/knowvah/plantuml-ts/test-results/dot-cache/sequence/supezo-15-dasi526
OK /Users/scottseely/git/knowvah/plantuml-ts/test-results/dot-cache/sequence/suredo-76-kaxo606
OK /Users/scottseely/git/knowvah/plantuml-ts/test-results/dot-cache/sequence/susati-64-lako047
OK /Users/scottseely/git/knowvah/plantuml-ts/test-results/dot-cache/sequence/suvepi-46-gozi893
OK /Users/scottseely/git/knowvah/plantuml-ts/test-results/dot-cache/sequence/suvepo-62-kedo015
OK /Users/scottseely/git/knowvah/plantuml-ts/test-results/dot-cache/sequence/suvodo-70-rogi494
OK /Users/scottseely/git/knowvah/plantuml-ts/test-results/dot-cache/sequence/suxefa-30-keda058
OK /Users/scottseely/git/knowvah/plantuml-ts/test-results/dot-cache/sequence/suxelu-07-toga142
OK /Users/scottseely/git/knowvah/plantuml-ts/test-results/dot-cache/sequence/suzexi-09-ruta299
OK /Users/scottseely/git/knowvah/plantuml-ts/test-results/dot-cache/sequence/suzumi-85-nuzo693
OK /Users/scottseely/git/knowvah/plantuml-ts/test-results/dot-cache/sequence/taboza-78-vali232
OK /Users/scottseely/git/knowvah/plantuml-ts/test-results/dot-cache/sequence/taduka-03-kosu047
OK /Users/scottseely/git/knowvah/plantuml-ts/test-results/dot-cache/sequence/tajali-86-lisu875
OK /Users/scottseely/git/knowvah/plantuml-ts/test-results/dot-cache/sequence/tapanu-22-libe792
OK /Users/scottseely/git/knowvah/plantuml-ts/test-results/dot-cache/sequence/tapije-66-runu046
OK /Users/scottseely/git/knowvah/plantuml-ts/test-results/dot-cache/sequence/taraxa-93-reno112
OK /Users/scottseely/git/knowvah/plantuml-ts/test-results/dot-cache/sequence/tatesu-03-zozo948
OK /Users/scottseely/git/knowvah/plantuml-ts/test-results/dot-cache/sequence/taxale-13-fire914
OK /Users/scottseely/git/knowvah/plantuml-ts/test-results/dot-cache/sequence/taxoza-93-sugi547
OK /Users/scottseely/git/knowvah/plantuml-ts/test-results/dot-cache/sequence/taxude-25-lamo370
OK /Users/scottseely/git/knowvah/plantuml-ts/test-results/dot-cache/sequence/tefixi-07-xacu656
OK /Users/scottseely/git/knowvah/plantuml-ts/test-results/dot-cache/sequence/tefunu-89-zece967
OK /Users/scottseely/git/knowvah/plantuml-ts/test-results/dot-cache/sequence/tegasu-93-fima016
OK /Users/scottseely/git/knowvah/plantuml-ts/test-results/dot-cache/sequence/tejuzi-96-fano922
OK /Users/scottseely/git/knowvah/plantuml-ts/test-results/dot-cache/sequence/tekice-03-cupa947
OK /Users/scottseely/git/knowvah/plantuml-ts/test-results/dot-cache/sequence/telavi-12-pifu671
OK /Users/scottseely/git/knowvah/plantuml-ts/test-results/dot-cache/sequence/telizo-11-pilo439
OK /Users/scottseely/git/knowvah/plantuml-ts/test-results/dot-cache/sequence/tenifo-99-roxi031
OK /Users/scottseely/git/knowvah/plantuml-ts/test-results/dot-cache/sequence/teoz-ng-001
OK /Users/scottseely/git/knowvah/plantuml-ts/test-results/dot-cache/sequence/terapo-81-puzi168
OK /Users/scottseely/git/knowvah/plantuml-ts/test-results/dot-cache/sequence/tetemo-66-paku531
OK /Users/scottseely/git/knowvah/plantuml-ts/test-results/dot-cache/sequence/tetoxu-24-mupo410
OK /Users/scottseely/git/knowvah/plantuml-ts/test-results/dot-cache/sequence/texopo-01-dibi658
OK /Users/scottseely/git/knowvah/plantuml-ts/test-results/dot-cache/sequence/texoze-85-meli189
OK /Users/scottseely/git/knowvah/plantuml-ts/test-results/dot-cache/sequence/tifexe-26-caza420
OK /Users/scottseely/git/knowvah/plantuml-ts/test-results/dot-cache/sequence/tifube-59-tezo313
OK /Users/scottseely/git/knowvah/plantuml-ts/test-results/dot-cache/sequence/tijeba-12-zeta132
OK /Users/scottseely/git/knowvah/plantuml-ts/test-results/dot-cache/sequence/tijeta-70-ziru418
OK /Users/scottseely/git/knowvah/plantuml-ts/test-results/dot-cache/sequence/tijide-41-togo659
OK /Users/scottseely/git/knowvah/plantuml-ts/test-results/dot-cache/sequence/tinaxe-52-nago637
OK /Users/scottseely/git/knowvah/plantuml-ts/test-results/dot-cache/sequence/tiniva-46-fozu745
OK /Users/scottseely/git/knowvah/plantuml-ts/test-results/dot-cache/sequence/tipido-16-xide828
OK /Users/scottseely/git/knowvah/plantuml-ts/test-results/dot-cache/sequence/tipoke-58-cofi920
OK /Users/scottseely/git/knowvah/plantuml-ts/test-results/dot-cache/sequence/tirige-97-ruvi637
OK /Users/scottseely/git/knowvah/plantuml-ts/test-results/dot-cache/sequence/titufa-76-tisa795
OK /Users/scottseely/git/knowvah/plantuml-ts/test-results/dot-cache/sequence/tixefu-75-vono728
OK /Users/scottseely/git/knowvah/plantuml-ts/test-results/dot-cache/sequence/tixune-73-xoca786
OK /Users/scottseely/git/knowvah/plantuml-ts/test-results/dot-cache/sequence/tixuze-43-pano940
OK /Users/scottseely/git/knowvah/plantuml-ts/test-results/dot-cache/sequence/todetu-82-rupo943
OK /Users/scottseely/git/knowvah/plantuml-ts/test-results/dot-cache/sequence/todozi-34-jire490
OK /Users/scottseely/git/knowvah/plantuml-ts/test-results/dot-cache/sequence/togopo-38-tuza899
OK /Users/scottseely/git/knowvah/plantuml-ts/test-results/dot-cache/sequence/tojabu-38-lima321
OK /Users/scottseely/git/knowvah/plantuml-ts/test-results/dot-cache/sequence/tolake-96-duve519
OK /Users/scottseely/git/knowvah/plantuml-ts/test-results/dot-cache/sequence/tolozi-77-gere619
OK /Users/scottseely/git/knowvah/plantuml-ts/test-results/dot-cache/sequence/totebu-75-jata404
OK /Users/scottseely/git/knowvah/plantuml-ts/test-results/dot-cache/sequence/tovese-18-xira071
OK /Users/scottseely/git/knowvah/plantuml-ts/test-results/dot-cache/sequence/toxoto-19-gigi007
OK /Users/scottseely/git/knowvah/plantuml-ts/test-results/dot-cache/sequence/tubagi-46-nata941
OK /Users/scottseely/git/knowvah/plantuml-ts/test-results/dot-cache/sequence/tugaju-41-dovi584
OK /Users/scottseely/git/knowvah/plantuml-ts/test-results/dot-cache/sequence/tugonu-44-file000
OK /Users/scottseely/git/knowvah/plantuml-ts/test-results/dot-cache/sequence/tukivo-05-vuvi835
OK /Users/scottseely/git/knowvah/plantuml-ts/test-results/dot-cache/sequence/tukobo-89-zebi935
OK /Users/scottseely/git/knowvah/plantuml-ts/test-results/dot-cache/sequence/tulece-76-vexo816
OK /Users/scottseely/git/knowvah/plantuml-ts/test-results/dot-cache/sequence/tumega-91-dadu356
OK /Users/scottseely/git/knowvah/plantuml-ts/test-results/dot-cache/sequence/tumuke-16-xomo243
OK /Users/scottseely/git/knowvah/plantuml-ts/test-results/dot-cache/sequence/tupogo-51-zeso391
OK /Users/scottseely/git/knowvah/plantuml-ts/test-results/dot-cache/sequence/tupolo-75-ziku881
OK /Users/scottseely/git/knowvah/plantuml-ts/test-results/dot-cache/sequence/turixi-21-mufe557
OK /Users/scottseely/git/knowvah/plantuml-ts/test-results/dot-cache/sequence/tusoga-11-gabe405
OK /Users/scottseely/git/knowvah/plantuml-ts/test-results/dot-cache/sequence/tuxido-23-xide677
OK /Users/scottseely/git/knowvah/plantuml-ts/test-results/dot-cache/sequence/tuzaga-87-gene496
OK /Users/scottseely/git/knowvah/plantuml-ts/test-results/dot-cache/sequence/tuzeli-17-cuko941
OK /Users/scottseely/git/knowvah/plantuml-ts/test-results/dot-cache/sequence/tuzufi-65-xafe699
OK /Users/scottseely/git/knowvah/plantuml-ts/test-results/dot-cache/sequence/vacigu-68-jize640
OK /Users/scottseely/git/knowvah/plantuml-ts/test-results/dot-cache/sequence/vafedo-17-xuke155
OK /Users/scottseely/git/knowvah/plantuml-ts/test-results/dot-cache/sequence/vajoke-72-gizu927
OK /Users/scottseely/git/knowvah/plantuml-ts/test-results/dot-cache/sequence/valiva-41-fabo221
OK /Users/scottseely/git/knowvah/plantuml-ts/test-results/dot-cache/sequence/vamuge-84-degu929
OK /Users/scottseely/git/knowvah/plantuml-ts/test-results/dot-cache/sequence/vanaci-52-gimi082
OK /Users/scottseely/git/knowvah/plantuml-ts/test-results/dot-cache/sequence/vasibu-26-lece790
OK /Users/scottseely/git/knowvah/plantuml-ts/test-results/dot-cache/sequence/vasuvo-82-boxu402
OK /Users/scottseely/git/knowvah/plantuml-ts/test-results/dot-cache/sequence/vataru-17-guso065
OK /Users/scottseely/git/knowvah/plantuml-ts/test-results/dot-cache/sequence/vatero-29-bice360
OK /Users/scottseely/git/knowvah/plantuml-ts/test-results/dot-cache/sequence/vativa-83-bisa518
OK /Users/scottseely/git/knowvah/plantuml-ts/test-results/dot-cache/sequence/vaxipu-62-dodo661
OK /Users/scottseely/git/knowvah/plantuml-ts/test-results/dot-cache/sequence/vegizu-18-zubu834
OK /Users/scottseely/git/knowvah/plantuml-ts/test-results/dot-cache/sequence/vekami-41-sane093
OK /Users/scottseely/git/knowvah/plantuml-ts/test-results/dot-cache/sequence/vekivu-99-pijo983
OK /Users/scottseely/git/knowvah/plantuml-ts/test-results/dot-cache/sequence/vekuno-87-ponu028
OK /Users/scottseely/git/knowvah/plantuml-ts/test-results/dot-cache/sequence/vekuxo-98-rugu851
OK /Users/scottseely/git/knowvah/plantuml-ts/test-results/dot-cache/sequence/vemako-00-lecu427
OK /Users/scottseely/git/knowvah/plantuml-ts/test-results/dot-cache/sequence/vemuja-48-deku981
OK /Users/scottseely/git/knowvah/plantuml-ts/test-results/dot-cache/sequence/vepesa-08-toju745
OK /Users/scottseely/git/knowvah/plantuml-ts/test-results/dot-cache/sequence/vesaze-51-ceji187
OK /Users/scottseely/git/knowvah/plantuml-ts/test-results/dot-cache/sequence/vetuvo-45-gaku910
OK /Users/scottseely/git/knowvah/plantuml-ts/test-results/dot-cache/sequence/vezozi-51-kese404
OK /Users/scottseely/git/knowvah/plantuml-ts/test-results/dot-cache/sequence/vibaru-39-gebo741
OK /Users/scottseely/git/knowvah/plantuml-ts/test-results/dot-cache/sequence/vibazo-85-safi630
OK /Users/scottseely/git/knowvah/plantuml-ts/test-results/dot-cache/sequence/vicevi-92-zeda652
OK /Users/scottseely/git/knowvah/plantuml-ts/test-results/dot-cache/sequence/vidabo-48-nugi476
OK /Users/scottseely/git/knowvah/plantuml-ts/test-results/dot-cache/sequence/vidibe-48-pole993
OK /Users/scottseely/git/knowvah/plantuml-ts/test-results/dot-cache/sequence/vifobo-88-gona211
OK /Users/scottseely/git/knowvah/plantuml-ts/test-results/dot-cache/sequence/vigoga-79-pita532
OK /Users/scottseely/git/knowvah/plantuml-ts/test-results/dot-cache/sequence/vijito-33-mora824
OK /Users/scottseely/git/knowvah/plantuml-ts/test-results/dot-cache/sequence/vikelu-53-faga789
OK /Users/scottseely/git/knowvah/plantuml-ts/test-results/dot-cache/sequence/vikupa-77-sazi937
OK /Users/scottseely/git/knowvah/plantuml-ts/test-results/dot-cache/sequence/vinefa-69-lufo631
OK /Users/scottseely/git/knowvah/plantuml-ts/test-results/dot-cache/sequence/vitevu-99-rali549
OK /Users/scottseely/git/knowvah/plantuml-ts/test-results/dot-cache/sequence/vitusu-66-boxa381
OK /Users/scottseely/git/knowvah/plantuml-ts/test-results/dot-cache/sequence/vivava-25-vuba802
OK /Users/scottseely/git/knowvah/plantuml-ts/test-results/dot-cache/sequence/vixacu-92-faru631
OK /Users/scottseely/git/knowvah/plantuml-ts/test-results/dot-cache/sequence/vixapo-60-tuzu421
OK /Users/scottseely/git/knowvah/plantuml-ts/test-results/dot-cache/sequence/vobusa-71-sina142
OK /Users/scottseely/git/knowvah/plantuml-ts/test-results/dot-cache/sequence/vodiba-42-fegu984
OK /Users/scottseely/git/knowvah/plantuml-ts/test-results/dot-cache/sequence/vofefi-14-rine141
OK /Users/scottseely/git/knowvah/plantuml-ts/test-results/dot-cache/sequence/vofupo-09-gafe466
OK /Users/scottseely/git/knowvah/plantuml-ts/test-results/dot-cache/sequence/vogegu-91-mave762
OK /Users/scottseely/git/knowvah/plantuml-ts/test-results/dot-cache/sequence/vopixi-04-lako436
OK /Users/scottseely/git/knowvah/plantuml-ts/test-results/dot-cache/sequence/voruto-32-rona048
OK /Users/scottseely/git/knowvah/plantuml-ts/test-results/dot-cache/sequence/vosaco-34-luku168
OK /Users/scottseely/git/knowvah/plantuml-ts/test-results/dot-cache/sequence/vosoni-09-tedo226
OK /Users/scottseely/git/knowvah/plantuml-ts/test-results/dot-cache/sequence/vosupo-49-zide683
OK /Users/scottseely/git/knowvah/plantuml-ts/test-results/dot-cache/sequence/vubato-50-gebu534
OK /Users/scottseely/git/knowvah/plantuml-ts/test-results/dot-cache/sequence/vubexi-90-tonu836
OK /Users/scottseely/git/knowvah/plantuml-ts/test-results/dot-cache/sequence/vubibu-30-rufa077
OK /Users/scottseely/git/knowvah/plantuml-ts/test-results/dot-cache/sequence/vucomo-53-gicu658
OK /Users/scottseely/git/knowvah/plantuml-ts/test-results/dot-cache/sequence/vudenu-74-xeri322
OK /Users/scottseely/git/knowvah/plantuml-ts/test-results/dot-cache/sequence/vuduri-54-joso537
OK /Users/scottseely/git/knowvah/plantuml-ts/test-results/dot-cache/sequence/vujezi-18-pute031
OK /Users/scottseely/git/knowvah/plantuml-ts/test-results/dot-cache/sequence/vujiba-78-foga414
OK /Users/scottseely/git/knowvah/plantuml-ts/test-results/dot-cache/sequence/vuniba-19-repo187
OK /Users/scottseely/git/knowvah/plantuml-ts/test-results/dot-cache/sequence/vuniko-49-fige634
OK /Users/scottseely/git/knowvah/plantuml-ts/test-results/dot-cache/sequence/vutazu-28-xogu304
OK /Users/scottseely/git/knowvah/plantuml-ts/test-results/dot-cache/sequence/vuvage-72-meru492
OK /Users/scottseely/git/knowvah/plantuml-ts/test-results/dot-cache/sequence/vuvoxe-24-bapa117
OK /Users/scottseely/git/knowvah/plantuml-ts/test-results/dot-cache/sequence/vuvuge-45-tina859
OK /Users/scottseely/git/knowvah/plantuml-ts/test-results/dot-cache/sequence/vuxaci-12-minu312
OK /Users/scottseely/git/knowvah/plantuml-ts/test-results/dot-cache/sequence/vuzolo-46-daki571
OK /Users/scottseely/git/knowvah/plantuml-ts/test-results/dot-cache/sequence/xacete-63-neke615
OK /Users/scottseely/git/knowvah/plantuml-ts/test-results/dot-cache/sequence/xaduru-73-jani181
OK /Users/scottseely/git/knowvah/plantuml-ts/test-results/dot-cache/sequence/xakuro-97-tado489
OK /Users/scottseely/git/knowvah/plantuml-ts/test-results/dot-cache/sequence/xalafa-49-xere690
OK /Users/scottseely/git/knowvah/plantuml-ts/test-results/dot-cache/sequence/xalaxi-16-laru928
OK /Users/scottseely/git/knowvah/plantuml-ts/test-results/dot-cache/sequence/xalofe-61-vala300
OK /Users/scottseely/git/knowvah/plantuml-ts/test-results/dot-cache/sequence/xamaga-47-mabi226
OK /Users/scottseely/git/knowvah/plantuml-ts/test-results/dot-cache/sequence/xamanu-74-june638
OK /Users/scottseely/git/knowvah/plantuml-ts/test-results/dot-cache/sequence/xarifa-42-kiku597
OK /Users/scottseely/git/knowvah/plantuml-ts/test-results/dot-cache/sequence/xatotu-85-tusi683
OK /Users/scottseely/git/knowvah/plantuml-ts/test-results/dot-cache/sequence/xaxile-75-soro580
OK /Users/scottseely/git/knowvah/plantuml-ts/test-results/dot-cache/sequence/xebixi-82-duji787
OK /Users/scottseely/git/knowvah/plantuml-ts/test-results/dot-cache/sequence/xecame-98-cuma671
OK /Users/scottseely/git/knowvah/plantuml-ts/test-results/dot-cache/sequence/xecopi-26-mego518
OK /Users/scottseely/git/knowvah/plantuml-ts/test-results/dot-cache/sequence/xecujo-78-sofu160
OK /Users/scottseely/git/knowvah/plantuml-ts/test-results/dot-cache/sequence/xediki-78-dexu094
OK /Users/scottseely/git/knowvah/plantuml-ts/test-results/dot-cache/sequence/xedomi-77-libu804
OK /Users/scottseely/git/knowvah/plantuml-ts/test-results/dot-cache/sequence/xegufe-25-paji965
OK /Users/scottseely/git/knowvah/plantuml-ts/test-results/dot-cache/sequence/xejeda-63-dobe217
OK /Users/scottseely/git/knowvah/plantuml-ts/test-results/dot-cache/sequence/xejeta-41-boje080
OK /Users/scottseely/git/knowvah/plantuml-ts/test-results/dot-cache/sequence/xejojo-44-besu904
OK /Users/scottseely/git/knowvah/plantuml-ts/test-results/dot-cache/sequence/xeneru-44-kuma826
OK /Users/scottseely/git/knowvah/plantuml-ts/test-results/dot-cache/sequence/xepoda-56-xema668
OK /Users/scottseely/git/knowvah/plantuml-ts/test-results/dot-cache/sequence/xeroce-52-moso281
OK /Users/scottseely/git/knowvah/plantuml-ts/test-results/dot-cache/sequence/xerugu-77-tapu134
OK /Users/scottseely/git/knowvah/plantuml-ts/test-results/dot-cache/sequence/xesame-35-puka061
OK /Users/scottseely/git/knowvah/plantuml-ts/test-results/dot-cache/sequence/xevovo-09-jeja818
OK /Users/scottseely/git/knowvah/plantuml-ts/test-results/dot-cache/sequence/xezipe-17-tima059
OK /Users/scottseely/git/knowvah/plantuml-ts/test-results/dot-cache/sequence/xiceso-64-pelu456
OK /Users/scottseely/git/knowvah/plantuml-ts/test-results/dot-cache/sequence/xidako-83-lidu532
OK /Users/scottseely/git/knowvah/plantuml-ts/test-results/dot-cache/sequence/xigoxi-25-paro589
OK /Users/scottseely/git/knowvah/plantuml-ts/test-results/dot-cache/sequence/xikuro-71-cadu306
OK /Users/scottseely/git/knowvah/plantuml-ts/test-results/dot-cache/sequence/ximemi-09-rabo019
OK /Users/scottseely/git/knowvah/plantuml-ts/test-results/dot-cache/sequence/ximeto-04-nati532
OK /Users/scottseely/git/knowvah/plantuml-ts/test-results/dot-cache/sequence/ximuku-67-lupe952
OK /Users/scottseely/git/knowvah/plantuml-ts/test-results/dot-cache/sequence/xinope-25-kupa775
OK /Users/scottseely/git/knowvah/plantuml-ts/test-results/dot-cache/sequence/xinote-88-dace690
OK /Users/scottseely/git/knowvah/plantuml-ts/test-results/dot-cache/sequence/xisopa-79-zano248
OK /Users/scottseely/git/knowvah/plantuml-ts/test-results/dot-cache/sequence/xivoxi-68-meva932
OK /Users/scottseely/git/knowvah/plantuml-ts/test-results/dot-cache/sequence/xixoce-70-vanu584
OK /Users/scottseely/git/knowvah/plantuml-ts/test-results/dot-cache/sequence/xizeto-03-nuke395
OK /Users/scottseely/git/knowvah/plantuml-ts/test-results/dot-cache/sequence/xizisu-76-buta484
OK /Users/scottseely/git/knowvah/plantuml-ts/test-results/dot-cache/sequence/xogota-37-pele078
OK /Users/scottseely/git/knowvah/plantuml-ts/test-results/dot-cache/sequence/xojavo-26-jezu088
OK /Users/scottseely/git/knowvah/plantuml-ts/test-results/dot-cache/sequence/xokike-22-sige844
OK /Users/scottseely/git/knowvah/plantuml-ts/test-results/dot-cache/sequence/xolebu-95-cage107
OK /Users/scottseely/git/knowvah/plantuml-ts/test-results/dot-cache/sequence/xonedu-05-mubu593
OK /Users/scottseely/git/knowvah/plantuml-ts/test-results/dot-cache/sequence/xonili-01-pure946
OK /Users/scottseely/git/knowvah/plantuml-ts/test-results/dot-cache/sequence/xonimo-63-fure722
OK /Users/scottseely/git/knowvah/plantuml-ts/test-results/dot-cache/sequence/xorifu-24-tuba802
OK /Users/scottseely/git/knowvah/plantuml-ts/test-results/dot-cache/sequence/xorixe-91-vaci569
OK /Users/scottseely/git/knowvah/plantuml-ts/test-results/dot-cache/sequence/xovuse-55-xape574
OK /Users/scottseely/git/knowvah/plantuml-ts/test-results/dot-cache/sequence/xucibo-16-zisi974
OK /Users/scottseely/git/knowvah/plantuml-ts/test-results/dot-cache/sequence/xujavu-00-xodi798
OK /Users/scottseely/git/knowvah/plantuml-ts/test-results/dot-cache/sequence/xujesa-13-dane303
OK /Users/scottseely/git/knowvah/plantuml-ts/test-results/dot-cache/sequence/xujoga-62-lacu610
OK /Users/scottseely/git/knowvah/plantuml-ts/test-results/dot-cache/sequence/xunoci-60-dezu033
OK /Users/scottseely/git/knowvah/plantuml-ts/test-results/dot-cache/sequence/xunolu-07-kuxo189
OK /Users/scottseely/git/knowvah/plantuml-ts/test-results/dot-cache/sequence/xupote-49-reta446
OK /Users/scottseely/git/knowvah/plantuml-ts/test-results/dot-cache/sequence/xupozu-13-numi050
OK /Users/scottseely/git/knowvah/plantuml-ts/test-results/dot-cache/sequence/xupufa-46-romu811
OK /Users/scottseely/git/knowvah/plantuml-ts/test-results/dot-cache/sequence/xurenu-86-nezu467
OK /Users/scottseely/git/knowvah/plantuml-ts/test-results/dot-cache/sequence/xutiri-59-jace312
OK /Users/scottseely/git/knowvah/plantuml-ts/test-results/dot-cache/sequence/xutovo-34-bisa687
OK /Users/scottseely/git/knowvah/plantuml-ts/test-results/dot-cache/sequence/xutuvu-44-zoko423
OK /Users/scottseely/git/knowvah/plantuml-ts/test-results/dot-cache/sequence/xuxugi-47-vuzu867
OK /Users/scottseely/git/knowvah/plantuml-ts/test-results/dot-cache/sequence/xuzedu-97-femo595
OK /Users/scottseely/git/knowvah/plantuml-ts/test-results/dot-cache/sequence/xuzoxu-26-kafe830
OK /Users/scottseely/git/knowvah/plantuml-ts/test-results/dot-cache/sequence/xuzusu-30-tixu002
OK /Users/scottseely/git/knowvah/plantuml-ts/test-results/dot-cache/sequence/zabiri-38-zace998
OK /Users/scottseely/git/knowvah/plantuml-ts/test-results/dot-cache/sequence/zacoco-81-robo032
OK /Users/scottseely/git/knowvah/plantuml-ts/test-results/dot-cache/sequence/zajova-30-sagu653
OK /Users/scottseely/git/knowvah/plantuml-ts/test-results/dot-cache/sequence/zajovi-78-nupe067
OK /Users/scottseely/git/knowvah/plantuml-ts/test-results/dot-cache/sequence/zakuti-75-kute096
OK /Users/scottseely/git/knowvah/plantuml-ts/test-results/dot-cache/sequence/zalegi-22-nepi686
OK /Users/scottseely/git/knowvah/plantuml-ts/test-results/dot-cache/sequence/zanore-53-tike308
OK /Users/scottseely/git/knowvah/plantuml-ts/test-results/dot-cache/sequence/zaretu-49-jomo630
OK /Users/scottseely/git/knowvah/plantuml-ts/test-results/dot-cache/sequence/zarexe-65-xoki430
OK /Users/scottseely/git/knowvah/plantuml-ts/test-results/dot-cache/sequence/zariro-57-fogu131
OK /Users/scottseely/git/knowvah/plantuml-ts/test-results/dot-cache/sequence/zateki-65-foxi765
OK /Users/scottseely/git/knowvah/plantuml-ts/test-results/dot-cache/sequence/zavacu-31-dola792
OK /Users/scottseely/git/knowvah/plantuml-ts/test-results/dot-cache/sequence/zaviru-83-xixa466
OK /Users/scottseely/git/knowvah/plantuml-ts/test-results/dot-cache/sequence/zazaje-27-roga410
OK /Users/scottseely/git/knowvah/plantuml-ts/test-results/dot-cache/sequence/zedama-25-riru948
OK /Users/scottseely/git/knowvah/plantuml-ts/test-results/dot-cache/sequence/zedepi-36-come743
OK /Users/scottseely/git/knowvah/plantuml-ts/test-results/dot-cache/sequence/zeduvi-34-zevo210
OK /Users/scottseely/git/knowvah/plantuml-ts/test-results/dot-cache/sequence/zejabi-24-xoja824
OK /Users/scottseely/git/knowvah/plantuml-ts/test-results/dot-cache/sequence/zekidi-24-lafu756
OK /Users/scottseely/git/knowvah/plantuml-ts/test-results/dot-cache/sequence/zelako-07-fibi746
OK /Users/scottseely/git/knowvah/plantuml-ts/test-results/dot-cache/sequence/zelexo-73-movu971
OK /Users/scottseely/git/knowvah/plantuml-ts/test-results/dot-cache/sequence/zelojo-99-pucu548
OK /Users/scottseely/git/knowvah/plantuml-ts/test-results/dot-cache/sequence/zerovu-57-cumo773
OK /Users/scottseely/git/knowvah/plantuml-ts/test-results/dot-cache/sequence/zetele-98-tafo132
OK /Users/scottseely/git/knowvah/plantuml-ts/test-results/dot-cache/sequence/zetenu-41-rece091
OK /Users/scottseely/git/knowvah/plantuml-ts/test-results/dot-cache/sequence/zexaja-95-zofi201
OK /Users/scottseely/git/knowvah/plantuml-ts/test-results/dot-cache/sequence/zexili-92-fifa666
OK /Users/scottseely/git/knowvah/plantuml-ts/test-results/dot-cache/sequence/zexuna-08-kuci388
OK /Users/scottseely/git/knowvah/plantuml-ts/test-results/dot-cache/sequence/zicadi-21-koje636
OK /Users/scottseely/git/knowvah/plantuml-ts/test-results/dot-cache/sequence/zidova-39-bapi223
OK /Users/scottseely/git/knowvah/plantuml-ts/test-results/dot-cache/sequence/zigire-72-muga285
OK /Users/scottseely/git/knowvah/plantuml-ts/test-results/dot-cache/sequence/ziloke-42-lodi019
OK /Users/scottseely/git/knowvah/plantuml-ts/test-results/dot-cache/sequence/zimoci-54-sedi066
OK /Users/scottseely/git/knowvah/plantuml-ts/test-results/dot-cache/sequence/zisuri-53-punu876
OK /Users/scottseely/git/knowvah/plantuml-ts/test-results/dot-cache/sequence/zizeca-16-cavi659
OK /Users/scottseely/git/knowvah/plantuml-ts/test-results/dot-cache/sequence/zoculi-89-nodo007
OK /Users/scottseely/git/knowvah/plantuml-ts/test-results/dot-cache/sequence/zofeda-77-xiba744
OK /Users/scottseely/git/knowvah/plantuml-ts/test-results/dot-cache/sequence/zofibo-80-kisi168
OK /Users/scottseely/git/knowvah/plantuml-ts/test-results/dot-cache/sequence/zofini-90-tuta329
OK /Users/scottseely/git/knowvah/plantuml-ts/test-results/dot-cache/sequence/zogane-85-raja214
OK /Users/scottseely/git/knowvah/plantuml-ts/test-results/dot-cache/sequence/zogici-88-nini947
OK /Users/scottseely/git/knowvah/plantuml-ts/test-results/dot-cache/sequence/zolude-08-leka122
OK /Users/scottseely/git/knowvah/plantuml-ts/test-results/dot-cache/sequence/zoluna-26-papu450
OK /Users/scottseely/git/knowvah/plantuml-ts/test-results/dot-cache/sequence/zonadu-68-gido115
OK /Users/scottseely/git/knowvah/plantuml-ts/test-results/dot-cache/sequence/zosulu-72-fati889
OK /Users/scottseely/git/knowvah/plantuml-ts/test-results/dot-cache/sequence/zoturo-25-jima978
OK /Users/scottseely/git/knowvah/plantuml-ts/test-results/dot-cache/sequence/zovido-40-xeju664
OK /Users/scottseely/git/knowvah/plantuml-ts/test-results/dot-cache/sequence/zuboto-07-gimo515
OK /Users/scottseely/git/knowvah/plantuml-ts/test-results/dot-cache/sequence/zucesu-12-neno978
OK /Users/scottseely/git/knowvah/plantuml-ts/test-results/dot-cache/sequence/zudize-61-vomi445
OK /Users/scottseely/git/knowvah/plantuml-ts/test-results/dot-cache/sequence/zufido-27-laru296
OK /Users/scottseely/git/knowvah/plantuml-ts/test-results/dot-cache/sequence/zujani-47-femu345
OK /Users/scottseely/git/knowvah/plantuml-ts/test-results/dot-cache/sequence/zujuge-00-sida366
OK /Users/scottseely/git/knowvah/plantuml-ts/test-results/dot-cache/sequence/zukume-07-xasu503
OK /Users/scottseely/git/knowvah/plantuml-ts/test-results/dot-cache/sequence/zuluja-50-zore143
OK /Users/scottseely/git/knowvah/plantuml-ts/test-results/dot-cache/sequence/zumila-29-nulo712
OK /Users/scottseely/git/knowvah/plantuml-ts/test-results/dot-cache/sequence/zunile-23-zezi158
OK /Users/scottseely/git/knowvah/plantuml-ts/test-results/dot-cache/sequence/zupiba-94-gevi986
OK /Users/scottseely/git/knowvah/plantuml-ts/test-results/dot-cache/sequence/zupora-06-pazi006
OK /Users/scottseely/git/knowvah/plantuml-ts/test-results/dot-cache/sequence/zuravu-52-mike252
OK /Users/scottseely/git/knowvah/plantuml-ts/test-results/dot-cache/sequence/zusedo-90-gaje635
OK /Users/scottseely/git/knowvah/plantuml-ts/test-results/dot-cache/sequence/zutesu-04-xevu025
OK /Users/scottseely/git/knowvah/plantuml-ts/test-results/dot-cache/sequence/zuvusi-13-fika929
OK /Users/scottseely/git/knowvah/plantuml-ts/test-results/dot-cache/state/bajelo-54-dixe684
OK /Users/scottseely/git/knowvah/plantuml-ts/test-results/dot-cache/state/bapoja-80-lori225
OK /Users/scottseely/git/knowvah/plantuml-ts/test-results/dot-cache/state/beguxu-19-tize774
OK /Users/scottseely/git/knowvah/plantuml-ts/test-results/dot-cache/state/bemena-23-zebu249
OK /Users/scottseely/git/knowvah/plantuml-ts/test-results/dot-cache/state/bilare-19-fufe539
OK /Users/scottseely/git/knowvah/plantuml-ts/test-results/dot-cache/state/bitaxo-18-tamo974
OK /Users/scottseely/git/knowvah/plantuml-ts/test-results/dot-cache/state/bujuta-44-rovo666
OK /Users/scottseely/git/knowvah/plantuml-ts/test-results/dot-cache/state/bunade-42-fudu910
OK /Users/scottseely/git/knowvah/plantuml-ts/test-results/dot-cache/state/buniva-95-zije634
OK /Users/scottseely/git/knowvah/plantuml-ts/test-results/dot-cache/state/cagego-53-vemo516
OK /Users/scottseely/git/knowvah/plantuml-ts/test-results/dot-cache/state/bupani-17-puxi938
OK /Users/scottseely/git/knowvah/plantuml-ts/test-results/dot-cache/state/butigu-57-tobi481
OK /Users/scottseely/git/knowvah/plantuml-ts/test-results/dot-cache/state/cakaxu-97-nexe753
OK /Users/scottseely/git/knowvah/plantuml-ts/test-results/dot-cache/state/cekavi-25-cija650
OK /Users/scottseely/git/knowvah/plantuml-ts/test-results/dot-cache/state/cekolo-21-gini183
OK /Users/scottseely/git/knowvah/plantuml-ts/test-results/dot-cache/state/ceruzi-77-give569
OK /Users/scottseely/git/knowvah/plantuml-ts/test-results/dot-cache/state/cesifo-37-rugu443
OK /Users/scottseely/git/knowvah/plantuml-ts/test-results/dot-cache/state/cinoni-00-sere847
OK /Users/scottseely/git/knowvah/plantuml-ts/test-results/dot-cache/state/corumi-91-mizo869
OK /Users/scottseely/git/knowvah/plantuml-ts/test-results/dot-cache/state/coteta-47-mare883
OK /Users/scottseely/git/knowvah/plantuml-ts/test-results/dot-cache/state/cupesu-59-sajo991
OK /Users/scottseely/git/knowvah/plantuml-ts/test-results/dot-cache/state/dajipi-09-doki542
OK /Users/scottseely/git/knowvah/plantuml-ts/test-results/dot-cache/state/dapuko-98-zuzo096
OK /Users/scottseely/git/knowvah/plantuml-ts/test-results/dot-cache/state/dapunu-39-kava045
OK /Users/scottseely/git/knowvah/plantuml-ts/test-results/dot-cache/state/darime-88-moda428
OK /Users/scottseely/git/knowvah/plantuml-ts/test-results/dot-cache/state/datodo-22-beci222
OK /Users/scottseely/git/knowvah/plantuml-ts/test-results/dot-cache/state/dazogu-93-vaka045
OK /Users/scottseely/git/knowvah/plantuml-ts/test-results/dot-cache/state/decede-10-buvu414
OK /Users/scottseely/git/knowvah/plantuml-ts/test-results/dot-cache/state/defiga-15-puki727
OK /Users/scottseely/git/knowvah/plantuml-ts/test-results/dot-cache/state/desebo-47-maro096
OK /Users/scottseely/git/knowvah/plantuml-ts/test-results/dot-cache/state/dikipu-79-noko487
OK /Users/scottseely/git/knowvah/plantuml-ts/test-results/dot-cache/state/diteme-18-favi840
OK /Users/scottseely/git/knowvah/plantuml-ts/test-results/dot-cache/state/dobexo-69-zeki749
OK /Users/scottseely/git/knowvah/plantuml-ts/test-results/dot-cache/state/dogeji-46-sapo750
OK /Users/scottseely/git/knowvah/plantuml-ts/test-results/dot-cache/state/domoru-86-coki670
OK /Users/scottseely/git/knowvah/plantuml-ts/test-results/dot-cache/state/dulixa-11-kufe247
OK /Users/scottseely/git/knowvah/plantuml-ts/test-results/dot-cache/state/dutefi-86-kesa899
OK /Users/scottseely/git/knowvah/plantuml-ts/test-results/dot-cache/state/duzazu-41-telu529
OK /Users/scottseely/git/knowvah/plantuml-ts/test-results/dot-cache/state/exposant-03-state
OK /Users/scottseely/git/knowvah/plantuml-ts/test-results/dot-cache/state/fadupe-90-koti079
OK /Users/scottseely/git/knowvah/plantuml-ts/test-results/dot-cache/state/fajegu-17-joba577
OK /Users/scottseely/git/knowvah/plantuml-ts/test-results/dot-cache/state/fakali-52-zuje420
OK /Users/scottseely/git/knowvah/plantuml-ts/test-results/dot-cache/state/fatupo-62-bemu777
OK /Users/scottseely/git/knowvah/plantuml-ts/test-results/dot-cache/state/fevida-60-kope208
OK /Users/scottseely/git/knowvah/plantuml-ts/test-results/dot-cache/state/feziva-71-gufo538
OK /Users/scottseely/git/knowvah/plantuml-ts/test-results/dot-cache/state/fibudu-53-bode309
OK /Users/scottseely/git/knowvah/plantuml-ts/test-results/dot-cache/state/figevo-73-dani805
OK /Users/scottseely/git/knowvah/plantuml-ts/test-results/dot-cache/state/figiza-55-migo973
OK /Users/scottseely/git/knowvah/plantuml-ts/test-results/dot-cache/state/fikuga-98-tagu554
OK /Users/scottseely/git/knowvah/plantuml-ts/test-results/dot-cache/state/filunu-15-losu567
OK /Users/scottseely/git/knowvah/plantuml-ts/test-results/dot-cache/state/fimivu-15-vogi904
OK /Users/scottseely/git/knowvah/plantuml-ts/test-results/dot-cache/state/fojisi-40-zogo372
OK /Users/scottseely/git/knowvah/plantuml-ts/test-results/dot-cache/state/fomusu-59-fupe538
OK /Users/scottseely/git/knowvah/plantuml-ts/test-results/dot-cache/state/fonono-53-roci689
OK /Users/scottseely/git/knowvah/plantuml-ts/test-results/dot-cache/state/forine-82-befe711
OK /Users/scottseely/git/knowvah/plantuml-ts/test-results/dot-cache/state/fotigo-12-gufu949
OK /Users/scottseely/git/knowvah/plantuml-ts/test-results/dot-cache/state/fotuje-06-fifa085
OK /Users/scottseely/git/knowvah/plantuml-ts/test-results/dot-cache/state/fugedo-34-fice721
OK /Users/scottseely/git/knowvah/plantuml-ts/test-results/dot-cache/state/fovafu-44-mifu394
OK /Users/scottseely/git/knowvah/plantuml-ts/test-results/dot-cache/state/fukexa-85-cuvi894
OK /Users/scottseely/git/knowvah/plantuml-ts/test-results/dot-cache/state/fuxavu-11-goco024
OK /Users/scottseely/git/knowvah/plantuml-ts/test-results/dot-cache/state/gageze-91-fese022
OK /Users/scottseely/git/knowvah/plantuml-ts/test-results/dot-cache/state/gaxume-08-maki760
OK /Users/scottseely/git/knowvah/plantuml-ts/test-results/dot-cache/state/gedude-95-subi666
OK /Users/scottseely/git/knowvah/plantuml-ts/test-results/dot-cache/state/gefefe-91-xoge233
OK /Users/scottseely/git/knowvah/plantuml-ts/test-results/dot-cache/state/gepoti-01-sasi356
OK /Users/scottseely/git/knowvah/plantuml-ts/test-results/dot-cache/state/gevoba-34-tesa857
OK /Users/scottseely/git/knowvah/plantuml-ts/test-results/dot-cache/state/gifasa-23-zile558
OK /Users/scottseely/git/knowvah/plantuml-ts/test-results/dot-cache/state/gimopu-56-rete904
OK /Users/scottseely/git/knowvah/plantuml-ts/test-results/dot-cache/state/giniti-22-fexo000
OK /Users/scottseely/git/knowvah/plantuml-ts/test-results/dot-cache/state/gizati-67-kora187
OK /Users/scottseely/git/knowvah/plantuml-ts/test-results/dot-cache/state/gojuja-90-pune699
OK /Users/scottseely/git/knowvah/plantuml-ts/test-results/dot-cache/state/gokaka-17-pati662
OK /Users/scottseely/git/knowvah/plantuml-ts/test-results/dot-cache/state/gokife-89-boja382
OK /Users/scottseely/git/knowvah/plantuml-ts/test-results/dot-cache/state/gopudo-91-bego999
OK /Users/scottseely/git/knowvah/plantuml-ts/test-results/dot-cache/state/gopumi-11-pise779
OK /Users/scottseely/git/knowvah/plantuml-ts/test-results/dot-cache/state/guligu-53-cufe221
OK /Users/scottseely/git/knowvah/plantuml-ts/test-results/dot-cache/state/gupeto-19-mesa256
OK /Users/scottseely/git/knowvah/plantuml-ts/test-results/dot-cache/state/jafazu-60-leca675
OK /Users/scottseely/git/knowvah/plantuml-ts/test-results/dot-cache/state/jaxebo-54-nifi592
OK /Users/scottseely/git/knowvah/plantuml-ts/test-results/dot-cache/state/jaxuxe-73-sije305
OK /Users/scottseely/git/knowvah/plantuml-ts/test-results/dot-cache/state/jejani-73-risu845
OK /Users/scottseely/git/knowvah/plantuml-ts/test-results/dot-cache/state/jelusa-98-nexa591
OK /Users/scottseely/git/knowvah/plantuml-ts/test-results/dot-cache/state/jetuse-93-gopi146
OK /Users/scottseely/git/knowvah/plantuml-ts/test-results/dot-cache/state/jezuju-97-jado372
OK /Users/scottseely/git/knowvah/plantuml-ts/test-results/dot-cache/state/jijuze-43-ceva131
OK /Users/scottseely/git/knowvah/plantuml-ts/test-results/dot-cache/state/jocado-69-dara158
OK /Users/scottseely/git/knowvah/plantuml-ts/test-results/dot-cache/state/jocela-05-niba392
OK /Users/scottseely/git/knowvah/plantuml-ts/test-results/dot-cache/state/joleju-94-maru748
OK /Users/scottseely/git/knowvah/plantuml-ts/test-results/dot-cache/state/jomazi-30-fupe393
OK /Users/scottseely/git/knowvah/plantuml-ts/test-results/dot-cache/state/jorere-75-peja265
OK /Users/scottseely/git/knowvah/plantuml-ts/test-results/dot-cache/state/jotini-12-fuba072
OK /Users/scottseely/git/knowvah/plantuml-ts/test-results/dot-cache/state/jucori-40-cevo136
OK /Users/scottseely/git/knowvah/plantuml-ts/test-results/dot-cache/state/judova-36-kana429
OK /Users/scottseely/git/knowvah/plantuml-ts/test-results/dot-cache/state/jufevo-34-taxu911
OK /Users/scottseely/git/knowvah/plantuml-ts/test-results/dot-cache/state/juvagu-33-dupa212
OK /Users/scottseely/git/knowvah/plantuml-ts/test-results/dot-cache/state/kacifo-58-dale036
OK /Users/scottseely/git/knowvah/plantuml-ts/test-results/dot-cache/state/kedibo-23-kopo893
OK /Users/scottseely/git/knowvah/plantuml-ts/test-results/dot-cache/state/kejabo-83-vinu490
OK /Users/scottseely/git/knowvah/plantuml-ts/test-results/dot-cache/state/kenuci-20-cane702
OK /Users/scottseely/git/knowvah/plantuml-ts/test-results/dot-cache/state/ketibo-84-juzo029
OK /Users/scottseely/git/knowvah/plantuml-ts/test-results/dot-cache/state/kideju-07-gero206
OK /Users/scottseely/git/knowvah/plantuml-ts/test-results/dot-cache/state/kilato-12-laso661
OK /Users/scottseely/git/knowvah/plantuml-ts/test-results/dot-cache/state/kiniro-32-mama877
OK /Users/scottseely/git/knowvah/plantuml-ts/test-results/dot-cache/state/kinuca-03-nice683
OK /Users/scottseely/git/knowvah/plantuml-ts/test-results/dot-cache/state/koguvo-74-kubo455
OK /Users/scottseely/git/knowvah/plantuml-ts/test-results/dot-cache/state/komeja-83-pufo140
OK /Users/scottseely/git/knowvah/plantuml-ts/test-results/dot-cache/state/kotagu-43-miza629
OK /Users/scottseely/git/knowvah/plantuml-ts/test-results/dot-cache/state/kubona-45-boso556
OK /Users/scottseely/git/knowvah/plantuml-ts/test-results/dot-cache/state/kujaju-47-neku764
OK /Users/scottseely/git/knowvah/plantuml-ts/test-results/dot-cache/state/kujuzo-76-bavi505
OK /Users/scottseely/git/knowvah/plantuml-ts/test-results/dot-cache/state/kupexa-94-dude266
OK /Users/scottseely/git/knowvah/plantuml-ts/test-results/dot-cache/state/labono-83-nega255
OK /Users/scottseely/git/knowvah/plantuml-ts/test-results/dot-cache/state/ladoni-64-boni035
OK /Users/scottseely/git/knowvah/plantuml-ts/test-results/dot-cache/state/laferu-31-tice836
OK /Users/scottseely/git/knowvah/plantuml-ts/test-results/dot-cache/state/lalava-26-zosi801
OK /Users/scottseely/git/knowvah/plantuml-ts/test-results/dot-cache/state/lasasi-13-nona547
OK /Users/scottseely/git/knowvah/plantuml-ts/test-results/dot-cache/state/lavera-29-vuka790
OK /Users/scottseely/git/knowvah/plantuml-ts/test-results/dot-cache/state/leloja-87-tebi184
OK /Users/scottseely/git/knowvah/plantuml-ts/test-results/dot-cache/state/livama-83-toci194
OK /Users/scottseely/git/knowvah/plantuml-ts/test-results/dot-cache/state/livuni-63-fira764
OK /Users/scottseely/git/knowvah/plantuml-ts/test-results/dot-cache/state/lojeju-04-fadu517
OK /Users/scottseely/git/knowvah/plantuml-ts/test-results/dot-cache/state/lokija-02-dipe348
OK /Users/scottseely/git/knowvah/plantuml-ts/test-results/dot-cache/state/lonuti-97-voko521
OK /Users/scottseely/git/knowvah/plantuml-ts/test-results/dot-cache/state/lukuma-74-loti931
OK /Users/scottseely/git/knowvah/plantuml-ts/test-results/dot-cache/state/lulozu-10-bopu547
OK /Users/scottseely/git/knowvah/plantuml-ts/test-results/dot-cache/state/lumamo-63-zupa263
OK /Users/scottseely/git/knowvah/plantuml-ts/test-results/dot-cache/state/lurage-50-kobo763
OK /Users/scottseely/git/knowvah/plantuml-ts/test-results/dot-cache/state/madinu-29-seji621
OK /Users/scottseely/git/knowvah/plantuml-ts/test-results/dot-cache/state/makizi-03-tapu007
OK /Users/scottseely/git/knowvah/plantuml-ts/test-results/dot-cache/state/maruju-55-soko478
OK /Users/scottseely/git/knowvah/plantuml-ts/test-results/dot-cache/state/masofa-52-puli433
OK /Users/scottseely/git/knowvah/plantuml-ts/test-results/dot-cache/state/matezo-28-duka427
OK /Users/scottseely/git/knowvah/plantuml-ts/test-results/dot-cache/state/mazize-40-paxi649
OK /Users/scottseely/git/knowvah/plantuml-ts/test-results/dot-cache/state/mazuzu-54-mene929
OK /Users/scottseely/git/knowvah/plantuml-ts/test-results/dot-cache/state/mefici-97-tudu030
OK /Users/scottseely/git/knowvah/plantuml-ts/test-results/dot-cache/state/mibabe-49-kexu237
OK /Users/scottseely/git/knowvah/plantuml-ts/test-results/dot-cache/state/mifuti-36-jine785
OK /Users/scottseely/git/knowvah/plantuml-ts/test-results/dot-cache/state/mimaga-15-doze740
OK /Users/scottseely/git/knowvah/plantuml-ts/test-results/dot-cache/state/mokima-31-kani630
OK /Users/scottseely/git/knowvah/plantuml-ts/test-results/dot-cache/state/moleco-69-sida106
OK /Users/scottseely/git/knowvah/plantuml-ts/test-results/dot-cache/state/mosigo-88-rove013
OK /Users/scottseely/git/knowvah/plantuml-ts/test-results/dot-cache/state/movuva-53-jude799
OK /Users/scottseely/git/knowvah/plantuml-ts/test-results/dot-cache/state/mozumu-67-mixa626
OK /Users/scottseely/git/knowvah/plantuml-ts/test-results/dot-cache/state/mujipe-99-fume794
OK /Users/scottseely/git/knowvah/plantuml-ts/test-results/dot-cache/state/naneba-92-pixu619
OK /Users/scottseely/git/knowvah/plantuml-ts/test-results/dot-cache/state/nanozi-96-foda024
OK /Users/scottseely/git/knowvah/plantuml-ts/test-results/dot-cache/state/nelupe-49-xova546
OK /Users/scottseely/git/knowvah/plantuml-ts/test-results/dot-cache/state/nenita-48-zuze128
OK /Users/scottseely/git/knowvah/plantuml-ts/test-results/dot-cache/state/nevezi-29-momo816
OK /Users/scottseely/git/knowvah/plantuml-ts/test-results/dot-cache/state/nibelu-74-pido796
OK /Users/scottseely/git/knowvah/plantuml-ts/test-results/dot-cache/state/nicebo-05-guxa290
OK /Users/scottseely/git/knowvah/plantuml-ts/test-results/dot-cache/state/nijugi-19-jazi166
OK /Users/scottseely/git/knowvah/plantuml-ts/test-results/dot-cache/state/nimana-36-veco708
OK /Users/scottseely/git/knowvah/plantuml-ts/test-results/dot-cache/state/nimise-04-jove070
OK /Users/scottseely/git/knowvah/plantuml-ts/test-results/dot-cache/state/nivanu-50-zajo916
OK /Users/scottseely/git/knowvah/plantuml-ts/test-results/dot-cache/state/niveno-60-tiro789
OK /Users/scottseely/git/knowvah/plantuml-ts/test-results/dot-cache/state/nixoja-06-guxe431
OK /Users/scottseely/git/knowvah/plantuml-ts/test-results/dot-cache/state/noboda-97-zevo886
OK /Users/scottseely/git/knowvah/plantuml-ts/test-results/dot-cache/state/novolu-35-fole223
OK /Users/scottseely/git/knowvah/plantuml-ts/test-results/dot-cache/state/nuboca-13-xape657
OK /Users/scottseely/git/knowvah/plantuml-ts/test-results/dot-cache/state/nuduni-60-mupe742
OK /Users/scottseely/git/knowvah/plantuml-ts/test-results/dot-cache/state/nufigo-87-pivi558
OK /Users/scottseely/git/knowvah/plantuml-ts/test-results/dot-cache/state/nuvura-69-mafe604
OK /Users/scottseely/git/knowvah/plantuml-ts/test-results/dot-cache/state/pacami-67-dafe414
OK /Users/scottseely/git/knowvah/plantuml-ts/test-results/dot-cache/state/pajefo-95-neri955
OK /Users/scottseely/git/knowvah/plantuml-ts/test-results/dot-cache/state/papifi-44-caxo706
OK /Users/scottseely/git/knowvah/plantuml-ts/test-results/dot-cache/state/pasosa-28-zudu135
OK /Users/scottseely/git/knowvah/plantuml-ts/test-results/dot-cache/state/pavuzo-79-zodu430
OK /Users/scottseely/git/knowvah/plantuml-ts/test-results/dot-cache/state/pebepi-32-cati486
OK /Users/scottseely/git/knowvah/plantuml-ts/test-results/dot-cache/state/peliro-87-guva098
OK /Users/scottseely/git/knowvah/plantuml-ts/test-results/dot-cache/state/pesita-10-dene726
OK /Users/scottseely/git/knowvah/plantuml-ts/test-results/dot-cache/state/pevene-26-kebo361
OK /Users/scottseely/git/knowvah/plantuml-ts/test-results/dot-cache/state/pexiku-77-japi217
OK /Users/scottseely/git/knowvah/plantuml-ts/test-results/dot-cache/state/pexuve-81-suxi717
OK /Users/scottseely/git/knowvah/plantuml-ts/test-results/dot-cache/state/pidaxu-33-tigi166
OK /Users/scottseely/git/knowvah/plantuml-ts/test-results/dot-cache/state/pifido-37-jipu349
OK /Users/scottseely/git/knowvah/plantuml-ts/test-results/dot-cache/state/piveje-28-zeko469
OK /Users/scottseely/git/knowvah/plantuml-ts/test-results/dot-cache/state/polodo-05-rene471
OK /Users/scottseely/git/knowvah/plantuml-ts/test-results/dot-cache/state/pomose-68-juba775
OK /Users/scottseely/git/knowvah/plantuml-ts/test-results/dot-cache/state/pujini-03-vasi565
OK /Users/scottseely/git/knowvah/plantuml-ts/test-results/dot-cache/state/puvaco-19-geka094
OK /Users/scottseely/git/knowvah/plantuml-ts/test-results/dot-cache/state/rejike-58-rote606
OK /Users/scottseely/git/knowvah/plantuml-ts/test-results/dot-cache/state/resido-15-reza040
OK /Users/scottseely/git/knowvah/plantuml-ts/test-results/dot-cache/state/rifefi-73-rofo730
OK /Users/scottseely/git/knowvah/plantuml-ts/test-results/dot-cache/state/rijoki-89-teno556
OK /Users/scottseely/git/knowvah/plantuml-ts/test-results/dot-cache/state/rinisi-79-peko570
OK /Users/scottseely/git/knowvah/plantuml-ts/test-results/dot-cache/state/rorebi-96-gane144
OK /Users/scottseely/git/knowvah/plantuml-ts/test-results/dot-cache/state/rovado-96-boda672
OK /Users/scottseely/git/knowvah/plantuml-ts/test-results/dot-cache/state/rovese-43-tadu368
OK /Users/scottseely/git/knowvah/plantuml-ts/test-results/dot-cache/state/rufosi-58-kegi649
OK /Users/scottseely/git/knowvah/plantuml-ts/test-results/dot-cache/state/ruruce-78-feno407
OK /Users/scottseely/git/knowvah/plantuml-ts/test-results/dot-cache/state/sagica-63-godi019
OK /Users/scottseely/git/knowvah/plantuml-ts/test-results/dot-cache/state/sapelo-46-jafe280
OK /Users/scottseely/git/knowvah/plantuml-ts/test-results/dot-cache/state/saxedi-32-xubo205
OK /Users/scottseely/git/knowvah/plantuml-ts/test-results/dot-cache/state/semala-31-joji042
OK /Users/scottseely/git/knowvah/plantuml-ts/test-results/dot-cache/state/sesafu-14-nora165
OK /Users/scottseely/git/knowvah/plantuml-ts/test-results/dot-cache/state/sezoxa-56-jefi030
OK /Users/scottseely/git/knowvah/plantuml-ts/test-results/dot-cache/state/sizife-41-buje191
OK /Users/scottseely/git/knowvah/plantuml-ts/test-results/dot-cache/state/sokiga-03-xovo249
OK /Users/scottseely/git/knowvah/plantuml-ts/test-results/dot-cache/state/somuke-94-buzi673
OK /Users/scottseely/git/knowvah/plantuml-ts/test-results/dot-cache/state/sopuzi-48-bobu113
OK /Users/scottseely/git/knowvah/plantuml-ts/test-results/dot-cache/state/sosoxe-55-demi451
OK /Users/scottseely/git/knowvah/plantuml-ts/test-results/dot-cache/state/soxene-95-domu248
OK /Users/scottseely/git/knowvah/plantuml-ts/test-results/dot-cache/state/style-stereotype-on-arrow-5
OK /Users/scottseely/git/knowvah/plantuml-ts/test-results/dot-cache/state/sugico-41-vase848
OK /Users/scottseely/git/knowvah/plantuml-ts/test-results/dot-cache/state/sumiri-68-suvo696
OK /Users/scottseely/git/knowvah/plantuml-ts/test-results/dot-cache/state/susena-02-gusa448
OK /Users/scottseely/git/knowvah/plantuml-ts/test-results/dot-cache/state/suzope-95-suvu383
OK /Users/scottseely/git/knowvah/plantuml-ts/test-results/dot-cache/state/tacufe-37-fono831
OK /Users/scottseely/git/knowvah/plantuml-ts/test-results/dot-cache/state/taluke-81-noxa842
OK /Users/scottseely/git/knowvah/plantuml-ts/test-results/dot-cache/state/taxile-56-goca422
OK /Users/scottseely/git/knowvah/plantuml-ts/test-results/dot-cache/state/tegali-39-molu382
OK /Users/scottseely/git/knowvah/plantuml-ts/test-results/dot-cache/state/temuxi-28-cega322
OK /Users/scottseely/git/knowvah/plantuml-ts/test-results/dot-cache/state/teseci-80-sivi292
OK /Users/scottseely/git/knowvah/plantuml-ts/test-results/dot-cache/state/tezivo-82-rufa055
OK /Users/scottseely/git/knowvah/plantuml-ts/test-results/dot-cache/state/tigibi-80-zidi137
OK /Users/scottseely/git/knowvah/plantuml-ts/test-results/dot-cache/state/tilili-10-buca517
OK /Users/scottseely/git/knowvah/plantuml-ts/test-results/dot-cache/state/tiriku-91-kipo610
OK /Users/scottseely/git/knowvah/plantuml-ts/test-results/dot-cache/state/titika-34-xoze301
OK /Users/scottseely/git/knowvah/plantuml-ts/test-results/dot-cache/state/tocitu-93-sidu557
OK /Users/scottseely/git/knowvah/plantuml-ts/test-results/dot-cache/state/tofezi-64-koda860
OK /Users/scottseely/git/knowvah/plantuml-ts/test-results/dot-cache/state/tubojo-49-tudu915
OK /Users/scottseely/git/knowvah/plantuml-ts/test-results/dot-cache/state/tumaba-64-tosu281
OK /Users/scottseely/git/knowvah/plantuml-ts/test-results/dot-cache/state/tuvugi-94-gapi519
OK /Users/scottseely/git/knowvah/plantuml-ts/test-results/dot-cache/state/vafagi-07-zixo408
OK /Users/scottseely/git/knowvah/plantuml-ts/test-results/dot-cache/state/vagexa-37-gijo825
OK /Users/scottseely/git/knowvah/plantuml-ts/test-results/dot-cache/state/vakama-53-jata958
OK /Users/scottseely/git/knowvah/plantuml-ts/test-results/dot-cache/state/vateco-92-pece508
OK /Users/scottseely/git/knowvah/plantuml-ts/test-results/dot-cache/state/vedapo-96-xoro464
OK /Users/scottseely/git/knowvah/plantuml-ts/test-results/dot-cache/state/vekoja-22-made430
OK /Users/scottseely/git/knowvah/plantuml-ts/test-results/dot-cache/state/viguto-81-gana093
OK /Users/scottseely/git/knowvah/plantuml-ts/test-results/dot-cache/state/vinujo-20-kugi617
OK /Users/scottseely/git/knowvah/plantuml-ts/test-results/dot-cache/state/viroxo-69-fito663
OK /Users/scottseely/git/knowvah/plantuml-ts/test-results/dot-cache/state/vixobo-14-jole910
OK /Users/scottseely/git/knowvah/plantuml-ts/test-results/dot-cache/state/vogotu-43-puli923
OK /Users/scottseely/git/knowvah/plantuml-ts/test-results/dot-cache/state/votoki-67-gufa610
OK /Users/scottseely/git/knowvah/plantuml-ts/test-results/dot-cache/state/xacona-99-peze211
OK /Users/scottseely/git/knowvah/plantuml-ts/test-results/dot-cache/state/vubale-26-daza585
OK /Users/scottseely/git/knowvah/plantuml-ts/test-results/dot-cache/state/vujuru-50-toku619
OK /Users/scottseely/git/knowvah/plantuml-ts/test-results/dot-cache/state/vulete-98-xeje860
OK /Users/scottseely/git/knowvah/plantuml-ts/test-results/dot-cache/state/vumika-03-guko738
OK /Users/scottseely/git/knowvah/plantuml-ts/test-results/dot-cache/state/xasoka-58-temi462
OK /Users/scottseely/git/knowvah/plantuml-ts/test-results/dot-cache/state/xekebe-42-tuci754
OK /Users/scottseely/git/knowvah/plantuml-ts/test-results/dot-cache/state/xepafa-33-lazi826
OK /Users/scottseely/git/knowvah/plantuml-ts/test-results/dot-cache/state/xetase-70-zaza808
OK /Users/scottseely/git/knowvah/plantuml-ts/test-results/dot-cache/state/xexika-61-fedu273
OK /Users/scottseely/git/knowvah/plantuml-ts/test-results/dot-cache/state/xeziki-47-zomo866
OK /Users/scottseely/git/knowvah/plantuml-ts/test-results/dot-cache/state/xipela-98-nuvu593
OK /Users/scottseely/git/knowvah/plantuml-ts/test-results/dot-cache/state/xixuxo-57-beju714
OK /Users/scottseely/git/knowvah/plantuml-ts/test-results/dot-cache/state/xodazu-26-cube992
OK /Users/scottseely/git/knowvah/plantuml-ts/test-results/dot-cache/state/xojudi-20-keco020
OK /Users/scottseely/git/knowvah/plantuml-ts/test-results/dot-cache/state/xomize-22-poro350
OK /Users/scottseely/git/knowvah/plantuml-ts/test-results/dot-cache/state/xoravu-40-gebe122
OK /Users/scottseely/git/knowvah/plantuml-ts/test-results/dot-cache/state/xupefu-98-roni234
OK /Users/scottseely/git/knowvah/plantuml-ts/test-results/dot-cache/state/xupine-90-cupu906
OK /Users/scottseely/git/knowvah/plantuml-ts/test-results/dot-cache/state/xuzapa-55-xoli880
OK /Users/scottseely/git/knowvah/plantuml-ts/test-results/dot-cache/state/zacajo-09-tamu628
OK /Users/scottseely/git/knowvah/plantuml-ts/test-results/dot-cache/state/zecivu-62-pagu681
OK /Users/scottseely/git/knowvah/plantuml-ts/test-results/dot-cache/state/zageca-24-zino008
OK /Users/scottseely/git/knowvah/plantuml-ts/test-results/dot-cache/state/zaloga-87-lonu477
OK /Users/scottseely/git/knowvah/plantuml-ts/test-results/dot-cache/state/zebuzu-41-caro961
OK /Users/scottseely/git/knowvah/plantuml-ts/test-results/dot-cache/state/zepodi-66-moda518
OK /Users/scottseely/git/knowvah/plantuml-ts/test-results/dot-cache/state/zinupo-20-vuma863
OK /Users/scottseely/git/knowvah/plantuml-ts/test-results/dot-cache/state/zitifa-97-bizo337
OK /Users/scottseely/git/knowvah/plantuml-ts/test-results/dot-cache/state/zizemo-86-gisa766
OK /Users/scottseely/git/knowvah/plantuml-ts/test-results/dot-cache/state/zofaxi-81-jupa375
OK /Users/scottseely/git/knowvah/plantuml-ts/test-results/dot-cache/state/zonuni-64-jovo214
OK /Users/scottseely/git/knowvah/plantuml-ts/test-results/dot-cache/state/zoriza-41-rege543
OK /Users/scottseely/git/knowvah/plantuml-ts/test-results/dot-cache/state/zoxutu-11-giru788
OK /Users/scottseely/git/knowvah/plantuml-ts/test-results/dot-cache/state/zujuxa-28-buka872
OK /Users/scottseely/git/knowvah/plantuml-ts/test-results/dot-cache/state/zumeri-82-julo078
OK /Users/scottseely/git/knowvah/plantuml-ts/test-results/dot-cache/state/zumuje-46-gufe080
OK /Users/scottseely/git/knowvah/plantuml-ts/test-results/dot-cache/timing/Timing-short-alias-0
OK /Users/scottseely/git/knowvah/plantuml-ts/test-results/dot-cache/timing/Timing-short-alias-1
OK /Users/scottseely/git/knowvah/plantuml-ts/test-results/dot-cache/timing/Timing-short-alias-2
OK /Users/scottseely/git/knowvah/plantuml-ts/test-results/dot-cache/timing/Timing-short-alias-3
OK /Users/scottseely/git/knowvah/plantuml-ts/test-results/dot-cache/timing/Timing-short-alias-4
OK /Users/scottseely/git/knowvah/plantuml-ts/test-results/dot-cache/timing/bejilu-38-kaje288
OK /Users/scottseely/git/knowvah/plantuml-ts/test-results/dot-cache/timing/biduxi-87-tomu388
OK /Users/scottseely/git/knowvah/plantuml-ts/test-results/dot-cache/timing/bigadu-24-tuli587
OK /Users/scottseely/git/knowvah/plantuml-ts/test-results/dot-cache/timing/bipocu-94-koce204
OK /Users/scottseely/git/knowvah/plantuml-ts/test-results/dot-cache/timing/bixutu-58-kofa364
OK /Users/scottseely/git/knowvah/plantuml-ts/test-results/dot-cache/timing/bogube-37-dire976
OK /Users/scottseely/git/knowvah/plantuml-ts/test-results/dot-cache/timing/bolana-93-roge199
OK /Users/scottseely/git/knowvah/plantuml-ts/test-results/dot-cache/timing/bupubi-65-kigi561
OK /Users/scottseely/git/knowvah/plantuml-ts/test-results/dot-cache/timing/caxozo-31-xoze876
OK /Users/scottseely/git/knowvah/plantuml-ts/test-results/dot-cache/timing/cebaba-70-muva548
OK /Users/scottseely/git/knowvah/plantuml-ts/test-results/dot-cache/timing/cecoju-52-ziva745
OK /Users/scottseely/git/knowvah/plantuml-ts/test-results/dot-cache/timing/cegalu-96-fudo441
OK /Users/scottseely/git/knowvah/plantuml-ts/test-results/dot-cache/timing/cocadi-98-loru291
OK /Users/scottseely/git/knowvah/plantuml-ts/test-results/dot-cache/timing/cuboke-63-baba565
OK /Users/scottseely/git/knowvah/plantuml-ts/test-results/dot-cache/timing/cufilu-05-mana736
OK /Users/scottseely/git/knowvah/plantuml-ts/test-results/dot-cache/timing/dabozu-14-licu973
OK /Users/scottseely/git/knowvah/plantuml-ts/test-results/dot-cache/timing/desobo-70-beba449
OK /Users/scottseely/git/knowvah/plantuml-ts/test-results/dot-cache/timing/duxage-19-dolo014
OK /Users/scottseely/git/knowvah/plantuml-ts/test-results/dot-cache/timing/fepalu-24-sadi657
OK /Users/scottseely/git/knowvah/plantuml-ts/test-results/dot-cache/timing/fepise-09-reno486
OK /Users/scottseely/git/knowvah/plantuml-ts/test-results/dot-cache/timing/filipe-27-tero835
OK /Users/scottseely/git/knowvah/plantuml-ts/test-results/dot-cache/timing/fipise-84-sejo166
OK /Users/scottseely/git/knowvah/plantuml-ts/test-results/dot-cache/timing/fitoza-67-dupi950
OK /Users/scottseely/git/knowvah/plantuml-ts/test-results/dot-cache/timing/foluce-50-raji122
OK /Users/scottseely/git/knowvah/plantuml-ts/test-results/dot-cache/timing/fuseva-46-zare084
OK /Users/scottseely/git/knowvah/plantuml-ts/test-results/dot-cache/timing/forabi-44-cici128
OK /Users/scottseely/git/knowvah/plantuml-ts/test-results/dot-cache/timing/fujudu-35-varo102
OK /Users/scottseely/git/knowvah/plantuml-ts/test-results/dot-cache/timing/funeki-67-rape222
OK /Users/scottseely/git/knowvah/plantuml-ts/test-results/dot-cache/timing/fuzego-03-loke498
OK /Users/scottseely/git/knowvah/plantuml-ts/test-results/dot-cache/timing/gadaxi-44-cida305
OK /Users/scottseely/git/knowvah/plantuml-ts/test-results/dot-cache/timing/gobuxe-90-puce352
OK /Users/scottseely/git/knowvah/plantuml-ts/test-results/dot-cache/timing/guzovi-99-rika076
OK /Users/scottseely/git/knowvah/plantuml-ts/test-results/dot-cache/timing/jijalo-66-repo169
OK /Users/scottseely/git/knowvah/plantuml-ts/test-results/dot-cache/timing/kecole-01-paco460
OK /Users/scottseely/git/knowvah/plantuml-ts/test-results/dot-cache/timing/kegiji-17-levo769
OK /Users/scottseely/git/knowvah/plantuml-ts/test-results/dot-cache/timing/keseno-49-zeco490
OK /Users/scottseely/git/knowvah/plantuml-ts/test-results/dot-cache/timing/keveju-13-vesu966
OK /Users/scottseely/git/knowvah/plantuml-ts/test-results/dot-cache/timing/kodaxe-87-cosa352
OK /Users/scottseely/git/knowvah/plantuml-ts/test-results/dot-cache/timing/kogelo-37-foxo527
OK /Users/scottseely/git/knowvah/plantuml-ts/test-results/dot-cache/timing/kogido-13-juce229
OK /Users/scottseely/git/knowvah/plantuml-ts/test-results/dot-cache/timing/komure-44-nuna929
OK /Users/scottseely/git/knowvah/plantuml-ts/test-results/dot-cache/timing/kosizu-12-raki210
OK /Users/scottseely/git/knowvah/plantuml-ts/test-results/dot-cache/timing/kucimo-85-jovo729
OK /Users/scottseely/git/knowvah/plantuml-ts/test-results/dot-cache/timing/kufaca-21-nevo659
OK /Users/scottseely/git/knowvah/plantuml-ts/test-results/dot-cache/timing/labetu-19-raru466
OK /Users/scottseely/git/knowvah/plantuml-ts/test-results/dot-cache/timing/lamera-74-sago807
OK /Users/scottseely/git/knowvah/plantuml-ts/test-results/dot-cache/timing/lafogi-56-budi615
OK /Users/scottseely/git/knowvah/plantuml-ts/test-results/dot-cache/timing/lagumu-64-kobo620
OK /Users/scottseely/git/knowvah/plantuml-ts/test-results/dot-cache/timing/lajeno-67-niku926
OK /Users/scottseely/git/knowvah/plantuml-ts/test-results/dot-cache/timing/lajosa-05-tevo422
OK /Users/scottseely/git/knowvah/plantuml-ts/test-results/dot-cache/timing/lasife-40-gupu919
OK /Users/scottseely/git/knowvah/plantuml-ts/test-results/dot-cache/timing/lerupa-77-nocu465
OK /Users/scottseely/git/knowvah/plantuml-ts/test-results/dot-cache/timing/linoji-83-gilu629
OK /Users/scottseely/git/knowvah/plantuml-ts/test-results/dot-cache/timing/lolafi-65-fife333
OK /Users/scottseely/git/knowvah/plantuml-ts/test-results/dot-cache/timing/luceva-97-tere070
OK /Users/scottseely/git/knowvah/plantuml-ts/test-results/dot-cache/timing/malodu-14-doli279
OK /Users/scottseely/git/knowvah/plantuml-ts/test-results/dot-cache/timing/mekivo-95-xafe506
OK /Users/scottseely/git/knowvah/plantuml-ts/test-results/dot-cache/timing/mimovi-38-jezi407
OK /Users/scottseely/git/knowvah/plantuml-ts/test-results/dot-cache/timing/momoxo-99-mota323
OK /Users/scottseely/git/knowvah/plantuml-ts/test-results/dot-cache/timing/nafixu-73-daro620
OK /Users/scottseely/git/knowvah/plantuml-ts/test-results/dot-cache/timing/nakasu-40-sogi881
OK /Users/scottseely/git/knowvah/plantuml-ts/test-results/dot-cache/timing/narafo-91-mola103
OK /Users/scottseely/git/knowvah/plantuml-ts/test-results/dot-cache/timing/nasegu-95-jezo493
OK /Users/scottseely/git/knowvah/plantuml-ts/test-results/dot-cache/timing/nicude-51-vibe561
OK /Users/scottseely/git/knowvah/plantuml-ts/test-results/dot-cache/timing/nidole-67-satu304
OK /Users/scottseely/git/knowvah/plantuml-ts/test-results/dot-cache/timing/pebecu-20-deci596
OK /Users/scottseely/git/knowvah/plantuml-ts/test-results/dot-cache/timing/pefana-89-modi000
OK /Users/scottseely/git/knowvah/plantuml-ts/test-results/dot-cache/timing/nubezi-56-jifa493
OK /Users/scottseely/git/knowvah/plantuml-ts/test-results/dot-cache/timing/nufibe-39-dipi208
OK /Users/scottseely/git/knowvah/plantuml-ts/test-results/dot-cache/timing/pebexo-15-kago195
OK /Users/scottseely/git/knowvah/plantuml-ts/test-results/dot-cache/timing/pevaca-23-bado084
OK /Users/scottseely/git/knowvah/plantuml-ts/test-results/dot-cache/timing/peviku-79-bisu764
OK /Users/scottseely/git/knowvah/plantuml-ts/test-results/dot-cache/timing/putaca-22-tudi583
OK /Users/scottseely/git/knowvah/plantuml-ts/test-results/dot-cache/timing/poguko-27-tosi438
OK /Users/scottseely/git/knowvah/plantuml-ts/test-results/dot-cache/timing/ravaki-46-nipi192
OK /Users/scottseely/git/knowvah/plantuml-ts/test-results/dot-cache/timing/raxoge-71-kara739
OK /Users/scottseely/git/knowvah/plantuml-ts/test-results/dot-cache/timing/rizili-63-jire956
OK /Users/scottseely/git/knowvah/plantuml-ts/test-results/dot-cache/timing/rucovu-22-mici178
OK /Users/scottseely/git/knowvah/plantuml-ts/test-results/dot-cache/timing/rumoto-71-semi515
OK /Users/scottseely/git/knowvah/plantuml-ts/test-results/dot-cache/timing/ruzusi-11-maka311
OK /Users/scottseely/git/knowvah/plantuml-ts/test-results/dot-cache/timing/sezuvo-55-nose464
OK /Users/scottseely/git/knowvah/plantuml-ts/test-results/dot-cache/timing/sazeba-78-sube885
OK /Users/scottseely/git/knowvah/plantuml-ts/test-results/dot-cache/timing/senero-21-galu417
OK /Users/scottseely/git/knowvah/plantuml-ts/test-results/dot-cache/timing/sevaxi-41-roxi433
OK /Users/scottseely/git/knowvah/plantuml-ts/test-results/dot-cache/timing/sogoca-93-faja981
OK /Users/scottseely/git/knowvah/plantuml-ts/test-results/dot-cache/timing/sorojo-21-lipi827
OK /Users/scottseely/git/knowvah/plantuml-ts/test-results/dot-cache/timing/sunuco-42-mocu207
OK /Users/scottseely/git/knowvah/plantuml-ts/test-results/dot-cache/timing/takive-16-kimi467
OK /Users/scottseely/git/knowvah/plantuml-ts/test-results/dot-cache/timing/tesumu-58-tinu638
OK /Users/scottseely/git/knowvah/plantuml-ts/test-results/dot-cache/timing/tesusa-54-febi013
OK /Users/scottseely/git/knowvah/plantuml-ts/test-results/dot-cache/timing/tezebi-99-vona351
OK /Users/scottseely/git/knowvah/plantuml-ts/test-results/dot-cache/timing/tifovo-88-kilo840
OK /Users/scottseely/git/knowvah/plantuml-ts/test-results/dot-cache/timing/tivese-10-xoki588
OK /Users/scottseely/git/knowvah/plantuml-ts/test-results/dot-cache/timing/totata-65-moca748
OK /Users/scottseely/git/knowvah/plantuml-ts/test-results/dot-cache/timing/vacedi-77-vuva739
OK /Users/scottseely/git/knowvah/plantuml-ts/test-results/dot-cache/timing/vufija-57-xoda292
OK /Users/scottseely/git/knowvah/plantuml-ts/test-results/dot-cache/timing/vamoce-24-bofa407
OK /Users/scottseely/git/knowvah/plantuml-ts/test-results/dot-cache/timing/venaza-08-pufu261
OK /Users/scottseely/git/knowvah/plantuml-ts/test-results/dot-cache/timing/vovisu-66-tava464
OK /Users/scottseely/git/knowvah/plantuml-ts/test-results/dot-cache/timing/vukuru-10-miva837
OK /Users/scottseely/git/knowvah/plantuml-ts/test-results/dot-cache/timing/xebovu-06-dixo004
OK /Users/scottseely/git/knowvah/plantuml-ts/test-results/dot-cache/timing/ximoda-06-zedo842
OK /Users/scottseely/git/knowvah/plantuml-ts/test-results/dot-cache/timing/xipuko-74-mosu863
OK /Users/scottseely/git/knowvah/plantuml-ts/test-results/dot-cache/timing/xozaki-50-gesa811
OK /Users/scottseely/git/knowvah/plantuml-ts/test-results/dot-cache/timing/xubigi-36-zari672
OK /Users/scottseely/git/knowvah/plantuml-ts/test-results/dot-cache/timing/xubugu-65-fima109
OK /Users/scottseely/git/knowvah/plantuml-ts/test-results/dot-cache/timing/xulopu-47-rinu976
OK /Users/scottseely/git/knowvah/plantuml-ts/test-results/dot-cache/timing/zagebo-83-tode073
OK /Users/scottseely/git/knowvah/plantuml-ts/test-results/dot-cache/timing/zavuza-92-xudu768
OK /Users/scottseely/git/knowvah/plantuml-ts/test-results/dot-cache/timing/zeboxu-77-xola056
OK /Users/scottseely/git/knowvah/plantuml-ts/test-results/dot-cache/timing/zezomi-36-dujo188
OK /Users/scottseely/git/knowvah/plantuml-ts/test-results/dot-cache/timing/zibisi-54-nuda238
OK /Users/scottseely/git/knowvah/plantuml-ts/test-results/dot-cache/timing/ziporo-25-libu365
OK /Users/scottseely/git/knowvah/plantuml-ts/test-results/dot-cache/timing/zipufu-54-macu784
OK /Users/scottseely/git/knowvah/plantuml-ts/test-results/dot-cache/timing/zipuri-87-dofu527
OK /Users/scottseely/git/knowvah/plantuml-ts/test-results/dot-cache/timing/zodemo-73-rafe100
OK /Users/scottseely/git/knowvah/plantuml-ts/test-results/dot-cache/timing/zomeri-89-vafu816
OK /Users/scottseely/git/knowvah/plantuml-ts/test-results/dot-cache/timing/zugelo-96-dato700
OK /Users/scottseely/git/knowvah/plantuml-ts/test-results/dot-cache/timing/zupuse-88-mira023
OK /Users/scottseely/git/knowvah/plantuml-ts/test-results/dot-cache/timing/zuzero-65-zubi417
OK /Users/scottseely/git/knowvah/plantuml-ts/test-results/dot-cache/timing/zuzixe-63-sabi525
OK /Users/scottseely/git/knowvah/plantuml-ts/test-results/dot-cache/unknown/Class-visibility-0
OK /Users/scottseely/git/knowvah/plantuml-ts/test-results/dot-cache/unknown/Class-visibility-1
OK /Users/scottseely/git/knowvah/plantuml-ts/test-results/dot-cache/unknown/Class-visibility-2
OK /Users/scottseely/git/knowvah/plantuml-ts/test-results/dot-cache/unknown/Class-visibility-3
OK /Users/scottseely/git/knowvah/plantuml-ts/test-results/dot-cache/unknown/Timing-short-alias-7
OK /Users/scottseely/git/knowvah/plantuml-ts/test-results/dot-cache/unknown/Class-visibility-4
OK /Users/scottseely/git/knowvah/plantuml-ts/test-results/dot-cache/unknown/Class-visibility-5
OK /Users/scottseely/git/knowvah/plantuml-ts/test-results/dot-cache/unknown/Timing-short-alias-5
OK /Users/scottseely/git/knowvah/plantuml-ts/test-results/dot-cache/unknown/Timing-short-alias-8
OK /Users/scottseely/git/knowvah/plantuml-ts/test-results/dot-cache/unknown/Timing-short-alias-6
OK /Users/scottseely/git/knowvah/plantuml-ts/test-results/dot-cache/unknown/Timing-short-alias-9
OK /Users/scottseely/git/knowvah/plantuml-ts/test-results/dot-cache/unknown/activity-legacy1-example-0
OK /Users/scottseely/git/knowvah/plantuml-ts/test-results/dot-cache/unknown/activity-legacy1-example-1
OK /Users/scottseely/git/knowvah/plantuml-ts/test-results/dot-cache/unknown/activity-legacy1-example-2
OK /Users/scottseely/git/knowvah/plantuml-ts/test-results/dot-cache/unknown/activity-legacy1-example-3
OK /Users/scottseely/git/knowvah/plantuml-ts/test-results/dot-cache/unknown/activity-legacy1-example-4
OK /Users/scottseely/git/knowvah/plantuml-ts/test-results/dot-cache/unknown/activity-legacy1-example-5
OK /Users/scottseely/git/knowvah/plantuml-ts/test-results/dot-cache/unknown/bacore-60-gana679
OK /Users/scottseely/git/knowvah/plantuml-ts/test-results/dot-cache/unknown/bafega-98-puju017
OK /Users/scottseely/git/knowvah/plantuml-ts/test-results/dot-cache/unknown/baketu-62-cumu838
OK /Users/scottseely/git/knowvah/plantuml-ts/test-results/dot-cache/unknown/baleco-37-lili752
OK /Users/scottseely/git/knowvah/plantuml-ts/test-results/dot-cache/unknown/bamami-10-lava790
OK /Users/scottseely/git/knowvah/plantuml-ts/test-results/dot-cache/unknown/bamudi-49-caxo996
OK /Users/scottseely/git/knowvah/plantuml-ts/test-results/dot-cache/unknown/banire-12-feze162
OK /Users/scottseely/git/knowvah/plantuml-ts/test-results/dot-cache/unknown/banomu-15-keni701
OK /Users/scottseely/git/knowvah/plantuml-ts/test-results/dot-cache/unknown/barada-07-veca157
OK /Users/scottseely/git/knowvah/plantuml-ts/test-results/dot-cache/unknown/barobi-40-zusa254
OK /Users/scottseely/git/knowvah/plantuml-ts/test-results/dot-cache/unknown/basoto-36-resu245
OK /Users/scottseely/git/knowvah/plantuml-ts/test-results/dot-cache/unknown/bavezi-52-bive782
OK /Users/scottseely/git/knowvah/plantuml-ts/test-results/dot-cache/unknown/beboke-62-zofu377
OK /Users/scottseely/git/knowvah/plantuml-ts/test-results/dot-cache/unknown/befemi-82-coro755
OK /Users/scottseely/git/knowvah/plantuml-ts/test-results/dot-cache/unknown/befize-38-mine284
OK /Users/scottseely/git/knowvah/plantuml-ts/test-results/dot-cache/unknown/beguta-99-gixu960
OK /Users/scottseely/git/knowvah/plantuml-ts/test-results/dot-cache/unknown/bekoni-23-xece793
OK /Users/scottseely/git/knowvah/plantuml-ts/test-results/dot-cache/unknown/bemixo-79-xulu250
OK /Users/scottseely/git/knowvah/plantuml-ts/test-results/dot-cache/unknown/bezapo-02-xixu443
OK /Users/scottseely/git/knowvah/plantuml-ts/test-results/dot-cache/unknown/bezogu-47-vevu307
OK /Users/scottseely/git/knowvah/plantuml-ts/test-results/dot-cache/unknown/bibeja-29-goxu033
OK /Users/scottseely/git/knowvah/plantuml-ts/test-results/dot-cache/unknown/bibeso-63-kazo655
OK /Users/scottseely/git/knowvah/plantuml-ts/test-results/dot-cache/unknown/bibigo-23-koli015
OK /Users/scottseely/git/knowvah/plantuml-ts/test-results/dot-cache/unknown/bibuka-01-novu361
OK /Users/scottseely/git/knowvah/plantuml-ts/test-results/dot-cache/unknown/bicusa-63-cosu196
OK /Users/scottseely/git/knowvah/plantuml-ts/test-results/dot-cache/unknown/bidafa-53-lufi179
OK /Users/scottseely/git/knowvah/plantuml-ts/test-results/dot-cache/unknown/bijilu-89-dadu849
OK /Users/scottseely/git/knowvah/plantuml-ts/test-results/dot-cache/unknown/bijufi-98-xafa015
OK /Users/scottseely/git/knowvah/plantuml-ts/test-results/dot-cache/unknown/bikavu-22-rago633
OK /Users/scottseely/git/knowvah/plantuml-ts/test-results/dot-cache/unknown/binupo-93-begi656
OK /Users/scottseely/git/knowvah/plantuml-ts/test-results/dot-cache/unknown/bisefo-56-dumu120
OK /Users/scottseely/git/knowvah/plantuml-ts/test-results/dot-cache/unknown/bitabu-34-lota947
OK /Users/scottseely/git/knowvah/plantuml-ts/test-results/dot-cache/unknown/bitujo-81-gunu116
OK /Users/scottseely/git/knowvah/plantuml-ts/test-results/dot-cache/unknown/bixixe-41-vigu064
OK /Users/scottseely/git/knowvah/plantuml-ts/test-results/dot-cache/unknown/bizasu-70-vaxa243
OK /Users/scottseely/git/knowvah/plantuml-ts/test-results/dot-cache/unknown/bizeco-46-bevi495
OK /Users/scottseely/git/knowvah/plantuml-ts/test-results/dot-cache/unknown/bobixe-18-riza923
OK /Users/scottseely/git/knowvah/plantuml-ts/test-results/dot-cache/unknown/bocipi-24-vexi113
OK /Users/scottseely/git/knowvah/plantuml-ts/test-results/dot-cache/unknown/bocuri-67-bira302
OK /Users/scottseely/git/knowvah/plantuml-ts/test-results/dot-cache/unknown/bogebu-46-deri191
OK /Users/scottseely/git/knowvah/plantuml-ts/test-results/dot-cache/unknown/bogide-54-buco992
OK /Users/scottseely/git/knowvah/plantuml-ts/test-results/dot-cache/unknown/boguko-42-zuda981
OK /Users/scottseely/git/knowvah/plantuml-ts/test-results/dot-cache/unknown/boguze-30-lava691
OK /Users/scottseely/git/knowvah/plantuml-ts/test-results/dot-cache/unknown/bokupo-95-rede308
OK /Users/scottseely/git/knowvah/plantuml-ts/test-results/dot-cache/unknown/bonaco-71-xefu608
OK /Users/scottseely/git/knowvah/plantuml-ts/test-results/dot-cache/unknown/bupexo-79-sijo243
OK /Users/scottseely/git/knowvah/plantuml-ts/test-results/dot-cache/unknown/bovagi-47-kago640
OK /Users/scottseely/git/knowvah/plantuml-ts/test-results/dot-cache/unknown/buitin-newline-chr-0
OK /Users/scottseely/git/knowvah/plantuml-ts/test-results/dot-cache/unknown/bujigu-81-nima035
OK /Users/scottseely/git/knowvah/plantuml-ts/test-results/dot-cache/unknown/bujosa-00-toro940
OK /Users/scottseely/git/knowvah/plantuml-ts/test-results/dot-cache/unknown/busada-35-veno431
OK /Users/scottseely/git/knowvah/plantuml-ts/test-results/dot-cache/unknown/buvofa-22-vozi025
OK /Users/scottseely/git/knowvah/plantuml-ts/test-results/dot-cache/unknown/buxuvo-46-paco030
OK /Users/scottseely/git/knowvah/plantuml-ts/test-results/dot-cache/unknown/cagoze-40-tete366
OK /Users/scottseely/git/knowvah/plantuml-ts/test-results/dot-cache/unknown/cagufu-48-kori236
OK /Users/scottseely/git/knowvah/plantuml-ts/test-results/dot-cache/unknown/cakutu-40-lece271
OK /Users/scottseely/git/knowvah/plantuml-ts/test-results/dot-cache/unknown/caluni-22-noci624
OK /Users/scottseely/git/knowvah/plantuml-ts/test-results/dot-cache/unknown/caruta-83-deta919
OK /Users/scottseely/git/knowvah/plantuml-ts/test-results/dot-cache/unknown/catana-32-licu332
OK /Users/scottseely/git/knowvah/plantuml-ts/test-results/dot-cache/unknown/catigu-77-keje426
OK /Users/scottseely/git/knowvah/plantuml-ts/test-results/dot-cache/unknown/ceboti-36-tuza211
OK /Users/scottseely/git/knowvah/plantuml-ts/test-results/dot-cache/unknown/cececu-91-ruje022
OK /Users/scottseely/git/knowvah/plantuml-ts/test-results/dot-cache/unknown/cejegu-93-kobo234
OK /Users/scottseely/git/knowvah/plantuml-ts/test-results/dot-cache/unknown/cemilu-33-voma521
OK /Users/scottseely/git/knowvah/plantuml-ts/test-results/dot-cache/unknown/cenucu-07-mepi600
OK /Users/scottseely/git/knowvah/plantuml-ts/test-results/dot-cache/unknown/cepedu-19-namu934
OK /Users/scottseely/git/knowvah/plantuml-ts/test-results/dot-cache/unknown/cezeje-11-roxe484
OK /Users/scottseely/git/knowvah/plantuml-ts/test-results/dot-cache/unknown/cerobi-73-sane324
OK /Users/scottseely/git/knowvah/plantuml-ts/test-results/dot-cache/unknown/cevoti-40-jeco305
OK /Users/scottseely/git/knowvah/plantuml-ts/test-results/dot-cache/unknown/cexoke-68-kici335
OK /Users/scottseely/git/knowvah/plantuml-ts/test-results/dot-cache/unknown/cidoka-28-dava554
OK /Users/scottseely/git/knowvah/plantuml-ts/test-results/dot-cache/unknown/cikifu-97-pasu472
OK /Users/scottseely/git/knowvah/plantuml-ts/test-results/dot-cache/unknown/cikoge-60-riti614
OK /Users/scottseely/git/knowvah/plantuml-ts/test-results/dot-cache/unknown/cilefu-21-begi547
OK /Users/scottseely/git/knowvah/plantuml-ts/test-results/dot-cache/unknown/cilibi-66-tasa181
OK /Users/scottseely/git/knowvah/plantuml-ts/test-results/dot-cache/unknown/cimice-03-zata362
OK /Users/scottseely/git/knowvah/plantuml-ts/test-results/dot-cache/unknown/cimono-94-ximu187
OK /Users/scottseely/git/knowvah/plantuml-ts/test-results/dot-cache/unknown/cinula-56-dipu972
OK /Users/scottseely/git/knowvah/plantuml-ts/test-results/dot-cache/unknown/cisipo-98-dire511
OK /Users/scottseely/git/knowvah/plantuml-ts/test-results/dot-cache/unknown/citoda-80-dimi195
OK /Users/scottseely/git/knowvah/plantuml-ts/test-results/dot-cache/unknown/codanu-59-titi616
OK /Users/scottseely/git/knowvah/plantuml-ts/test-results/dot-cache/unknown/cokuda-77-fesa475
OK /Users/scottseely/git/knowvah/plantuml-ts/test-results/dot-cache/unknown/colede-79-give418
OK /Users/scottseely/git/knowvah/plantuml-ts/test-results/dot-cache/unknown/comufa-64-noru360
OK /Users/scottseely/git/knowvah/plantuml-ts/test-results/dot-cache/unknown/copono-56-kuci969
OK /Users/scottseely/git/knowvah/plantuml-ts/test-results/dot-cache/unknown/coruvi-63-vuzu133
OK /Users/scottseely/git/knowvah/plantuml-ts/test-results/dot-cache/unknown/covipu-77-jimo313
OK /Users/scottseely/git/knowvah/plantuml-ts/test-results/dot-cache/unknown/coxoja-99-vosi661
OK /Users/scottseely/git/knowvah/plantuml-ts/test-results/dot-cache/unknown/cozinu-92-cuvi600
OK /Users/scottseely/git/knowvah/plantuml-ts/test-results/dot-cache/unknown/cubixe-14-gaze754
OK /Users/scottseely/git/knowvah/plantuml-ts/test-results/dot-cache/unknown/cujime-15-lobi079
OK /Users/scottseely/git/knowvah/plantuml-ts/test-results/dot-cache/unknown/cukuba-10-cipo394
RENAMED /Users/scottseely/git/knowvah/plantuml-ts/test-results/dot-cache/unknown/cunotu-47-bute165 math-Page-2.svg
OK /Users/scottseely/git/knowvah/plantuml-ts/test-results/dot-cache/unknown/curojo-96-rara225
OK /Users/scottseely/git/knowvah/plantuml-ts/test-results/dot-cache/unknown/cuvupe-50-kola234
OK /Users/scottseely/git/knowvah/plantuml-ts/test-results/dot-cache/unknown/dagugu-60-zuli109
OK /Users/scottseely/git/knowvah/plantuml-ts/test-results/dot-cache/unknown/cuzedo-79-geju664
OK /Users/scottseely/git/knowvah/plantuml-ts/test-results/dot-cache/unknown/dacica-03-jimi244
OK /Users/scottseely/git/knowvah/plantuml-ts/test-results/dot-cache/unknown/dafitu-05-lumi067
OK /Users/scottseely/git/knowvah/plantuml-ts/test-results/dot-cache/unknown/dajafo-57-fexi530
OK /Users/scottseely/git/knowvah/plantuml-ts/test-results/dot-cache/unknown/dakijo-89-mofa766
OK /Users/scottseely/git/knowvah/plantuml-ts/test-results/dot-cache/unknown/dajela-44-zovi778
OK /Users/scottseely/git/knowvah/plantuml-ts/test-results/dot-cache/unknown/dakeja-23-kapi402
OK /Users/scottseely/git/knowvah/plantuml-ts/test-results/dot-cache/unknown/dalime-11-papi722
OK /Users/scottseely/git/knowvah/plantuml-ts/test-results/dot-cache/unknown/daroli-95-remo515
OK /Users/scottseely/git/knowvah/plantuml-ts/test-results/dot-cache/unknown/decato-52-soki987
OK /Users/scottseely/git/knowvah/plantuml-ts/test-results/dot-cache/unknown/dedumo-33-paco879
OK /Users/scottseely/git/knowvah/plantuml-ts/test-results/dot-cache/unknown/defici-02-texe585
OK /Users/scottseely/git/knowvah/plantuml-ts/test-results/dot-cache/unknown/degici-07-kura718
OK /Users/scottseely/git/knowvah/plantuml-ts/test-results/dot-cache/unknown/delagi-06-leji038
RENAMED /Users/scottseely/git/knowvah/plantuml-ts/test-results/dot-cache/unknown/delipu-38-foze615 timing_test.svg
OK /Users/scottseely/git/knowvah/plantuml-ts/test-results/dot-cache/unknown/demeli-77-cozo712
OK /Users/scottseely/git/knowvah/plantuml-ts/test-results/dot-cache/unknown/depali-74-visa399
OK /Users/scottseely/git/knowvah/plantuml-ts/test-results/dot-cache/unknown/deployment-last-name-multi-line-0
OK /Users/scottseely/git/knowvah/plantuml-ts/test-results/dot-cache/unknown/deroxu-29-gude369
OK /Users/scottseely/git/knowvah/plantuml-ts/test-results/dot-cache/unknown/dezobu-62-vuzu421
OK /Users/scottseely/git/knowvah/plantuml-ts/test-results/dot-cache/unknown/dicoge-13-meso213
OK /Users/scottseely/git/knowvah/plantuml-ts/test-results/dot-cache/unknown/dijapi-54-jiza111
OK /Users/scottseely/git/knowvah/plantuml-ts/test-results/dot-cache/unknown/dilese-24-neku812
OK /Users/scottseely/git/knowvah/plantuml-ts/test-results/dot-cache/unknown/dobujo-29-rifo090
OK /Users/scottseely/git/knowvah/plantuml-ts/test-results/dot-cache/unknown/dirado-96-bivo248
OK /Users/scottseely/git/knowvah/plantuml-ts/test-results/dot-cache/unknown/dobido-76-nugu008
OK /Users/scottseely/git/knowvah/plantuml-ts/test-results/dot-cache/unknown/doboco-09-doba683
OK /Users/scottseely/git/knowvah/plantuml-ts/test-results/dot-cache/unknown/dociba-44-deno997
OK /Users/scottseely/git/knowvah/plantuml-ts/test-results/dot-cache/unknown/dofixa-09-soji615
OK /Users/scottseely/git/knowvah/plantuml-ts/test-results/dot-cache/unknown/dogizu-51-sora488
OK /Users/scottseely/git/knowvah/plantuml-ts/test-results/dot-cache/unknown/dojufe-85-xaru596
OK /Users/scottseely/git/knowvah/plantuml-ts/test-results/dot-cache/unknown/donaxa-34-gotu113
OK /Users/scottseely/git/knowvah/plantuml-ts/test-results/dot-cache/unknown/dosixi-10-vetu164
OK /Users/scottseely/git/knowvah/plantuml-ts/test-results/dot-cache/unknown/doveka-76-fiza931
OK /Users/scottseely/git/knowvah/plantuml-ts/test-results/dot-cache/unknown/dovoxo-68-sufa237
OK /Users/scottseely/git/knowvah/plantuml-ts/test-results/dot-cache/unknown/dufaka-77-jine221
OK /Users/scottseely/git/knowvah/plantuml-ts/test-results/dot-cache/unknown/dugeki-47-celo546
OK /Users/scottseely/git/knowvah/plantuml-ts/test-results/dot-cache/unknown/dumoke-08-gixu329
OK /Users/scottseely/git/knowvah/plantuml-ts/test-results/dot-cache/unknown/dunexe-27-rike921
OK /Users/scottseely/git/knowvah/plantuml-ts/test-results/dot-cache/unknown/dunila-61-licu078
OK /Users/scottseely/git/knowvah/plantuml-ts/test-results/dot-cache/unknown/dunudu-55-zene634
OK /Users/scottseely/git/knowvah/plantuml-ts/test-results/dot-cache/unknown/dupifu-56-firi787
OK /Users/scottseely/git/knowvah/plantuml-ts/test-results/dot-cache/unknown/dupufa-70-zuji566
OK /Users/scottseely/git/knowvah/plantuml-ts/test-results/dot-cache/unknown/febuci-08-zogi253
OK /Users/scottseely/git/knowvah/plantuml-ts/test-results/dot-cache/unknown/duvoxu-73-jine816
OK /Users/scottseely/git/knowvah/plantuml-ts/test-results/dot-cache/unknown/fabosu-90-kilu899
OK /Users/scottseely/git/knowvah/plantuml-ts/test-results/dot-cache/unknown/fajagi-98-funo863
OK /Users/scottseely/git/knowvah/plantuml-ts/test-results/dot-cache/unknown/fakone-16-boro774
OK /Users/scottseely/git/knowvah/plantuml-ts/test-results/dot-cache/unknown/febuli-89-dusi249
OK /Users/scottseely/git/knowvah/plantuml-ts/test-results/dot-cache/unknown/fecure-20-muca822
OK /Users/scottseely/git/knowvah/plantuml-ts/test-results/dot-cache/unknown/fedoxa-73-boje316
OK /Users/scottseely/git/knowvah/plantuml-ts/test-results/dot-cache/unknown/fefeza-33-xute344
OK /Users/scottseely/git/knowvah/plantuml-ts/test-results/dot-cache/unknown/felixe-38-dilu011
OK /Users/scottseely/git/knowvah/plantuml-ts/test-results/dot-cache/unknown/fepiko-26-vobi566
OK /Users/scottseely/git/knowvah/plantuml-ts/test-results/dot-cache/unknown/fepoko-61-fona364
OK /Users/scottseely/git/knowvah/plantuml-ts/test-results/dot-cache/unknown/fepudo-00-ziro735
OK /Users/scottseely/git/knowvah/plantuml-ts/test-results/dot-cache/unknown/fepulu-27-soci473
OK /Users/scottseely/git/knowvah/plantuml-ts/test-results/dot-cache/unknown/fesusa-40-gabo183
OK /Users/scottseely/git/knowvah/plantuml-ts/test-results/dot-cache/unknown/fetajo-61-sesi146
OK /Users/scottseely/git/knowvah/plantuml-ts/test-results/dot-cache/unknown/fexeci-32-japu912
OK /Users/scottseely/git/knowvah/plantuml-ts/test-results/dot-cache/unknown/fezaro-08-nopo877
OK /Users/scottseely/git/knowvah/plantuml-ts/test-results/dot-cache/unknown/ficame-31-lece592
OK /Users/scottseely/git/knowvah/plantuml-ts/test-results/dot-cache/unknown/fidaru-93-zumu093
OK /Users/scottseely/git/knowvah/plantuml-ts/test-results/dot-cache/unknown/fikaka-55-jeva969
OK /Users/scottseely/git/knowvah/plantuml-ts/test-results/dot-cache/unknown/figagi-40-mila236
OK /Users/scottseely/git/knowvah/plantuml-ts/test-results/dot-cache/unknown/fikofu-31-tefa367
OK /Users/scottseely/git/knowvah/plantuml-ts/test-results/dot-cache/unknown/fimiku-32-firu782
OK /Users/scottseely/git/knowvah/plantuml-ts/test-results/dot-cache/unknown/finume-86-gada330
OK /Users/scottseely/git/knowvah/plantuml-ts/test-results/dot-cache/unknown/fipago-01-vuzi220
OK /Users/scottseely/git/knowvah/plantuml-ts/test-results/dot-cache/unknown/fipezo-93-zimi512
OK /Users/scottseely/git/knowvah/plantuml-ts/test-results/dot-cache/unknown/firiru-71-viki803
OK /Users/scottseely/git/knowvah/plantuml-ts/test-results/dot-cache/unknown/fisoma-58-kobo261
OK /Users/scottseely/git/knowvah/plantuml-ts/test-results/dot-cache/unknown/fivisa-32-suzi802
OK /Users/scottseely/git/knowvah/plantuml-ts/test-results/dot-cache/unknown/fokudi-24-limo685
OK /Users/scottseely/git/knowvah/plantuml-ts/test-results/dot-cache/unknown/folutu-01-xuzo995
OK /Users/scottseely/git/knowvah/plantuml-ts/test-results/dot-cache/unknown/fomopo-28-fabe385
OK /Users/scottseely/git/knowvah/plantuml-ts/test-results/dot-cache/unknown/fonatu-29-texo854
OK /Users/scottseely/git/knowvah/plantuml-ts/test-results/dot-cache/unknown/foraba-98-sagi735
OK /Users/scottseely/git/knowvah/plantuml-ts/test-results/dot-cache/unknown/fotete-48-viga126
OK /Users/scottseely/git/knowvah/plantuml-ts/test-results/dot-cache/unknown/fotuko-85-voro628
OK /Users/scottseely/git/knowvah/plantuml-ts/test-results/dot-cache/unknown/fukegu-14-zona532
OK /Users/scottseely/git/knowvah/plantuml-ts/test-results/dot-cache/unknown/fukibe-03-jasu909
OK /Users/scottseely/git/knowvah/plantuml-ts/test-results/dot-cache/unknown/fukoku-72-zudi472
OK /Users/scottseely/git/knowvah/plantuml-ts/test-results/dot-cache/unknown/fupari-69-zite171
OK /Users/scottseely/git/knowvah/plantuml-ts/test-results/dot-cache/unknown/fupumu-08-zebu446
OK /Users/scottseely/git/knowvah/plantuml-ts/test-results/dot-cache/unknown/furepi-72-xivu327
OK /Users/scottseely/git/knowvah/plantuml-ts/test-results/dot-cache/unknown/gaceme-16-dezo748
OK /Users/scottseely/git/knowvah/plantuml-ts/test-results/dot-cache/unknown/gacoxo-93-guti295
OK /Users/scottseely/git/knowvah/plantuml-ts/test-results/dot-cache/unknown/galata-74-luka487
OK /Users/scottseely/git/knowvah/plantuml-ts/test-results/dot-cache/unknown/gapeji-48-keze681
OK /Users/scottseely/git/knowvah/plantuml-ts/test-results/dot-cache/unknown/gasevo-58-ciso782
OK /Users/scottseely/git/knowvah/plantuml-ts/test-results/dot-cache/unknown/gasivu-43-gono952
OK /Users/scottseely/git/knowvah/plantuml-ts/test-results/dot-cache/unknown/gazale-13-tadu312
OK /Users/scottseely/git/knowvah/plantuml-ts/test-results/dot-cache/unknown/gegosa-79-mini423
OK /Users/scottseely/git/knowvah/plantuml-ts/test-results/dot-cache/unknown/gejuvu-17-vufu851
OK /Users/scottseely/git/knowvah/plantuml-ts/test-results/dot-cache/unknown/gemepu-46-dido441
OK /Users/scottseely/git/knowvah/plantuml-ts/test-results/dot-cache/unknown/gemigi-37-safi979
OK /Users/scottseely/git/knowvah/plantuml-ts/test-results/dot-cache/unknown/geniku-96-mome670
OK /Users/scottseely/git/knowvah/plantuml-ts/test-results/dot-cache/unknown/genobe-17-dili872
OK /Users/scottseely/git/knowvah/plantuml-ts/test-results/dot-cache/unknown/geravi-79-nafu641
OK /Users/scottseely/git/knowvah/plantuml-ts/test-results/dot-cache/unknown/gibapi-78-fote878
OK /Users/scottseely/git/knowvah/plantuml-ts/test-results/dot-cache/unknown/gerebe-26-neli152
OK /Users/scottseely/git/knowvah/plantuml-ts/test-results/dot-cache/unknown/gesapu-18-kazu561
OK /Users/scottseely/git/knowvah/plantuml-ts/test-results/dot-cache/unknown/getozu-01-sibu282
OK /Users/scottseely/git/knowvah/plantuml-ts/test-results/dot-cache/unknown/gigetu-10-funi859
OK /Users/scottseely/git/knowvah/plantuml-ts/test-results/dot-cache/unknown/gigoru-88-naze087
OK /Users/scottseely/git/knowvah/plantuml-ts/test-results/dot-cache/unknown/gijamu-35-vale058
OK /Users/scottseely/git/knowvah/plantuml-ts/test-results/dot-cache/unknown/gijegu-60-jori109
OK /Users/scottseely/git/knowvah/plantuml-ts/test-results/dot-cache/unknown/gijoge-27-kito705
OK /Users/scottseely/git/knowvah/plantuml-ts/test-results/dot-cache/unknown/gimofu-04-raje064
OK /Users/scottseely/git/knowvah/plantuml-ts/test-results/dot-cache/unknown/gipeda-98-bigo389
OK /Users/scottseely/git/knowvah/plantuml-ts/test-results/dot-cache/unknown/girapu-90-pise235
OK /Users/scottseely/git/knowvah/plantuml-ts/test-results/dot-cache/unknown/gisuvu-77-suti527
OK /Users/scottseely/git/knowvah/plantuml-ts/test-results/dot-cache/unknown/gitaxu-39-zifa189
OK /Users/scottseely/git/knowvah/plantuml-ts/test-results/dot-cache/unknown/godixi-01-fizo921
OK /Users/scottseely/git/knowvah/plantuml-ts/test-results/dot-cache/unknown/gobane-73-musa068
OK /Users/scottseely/git/knowvah/plantuml-ts/test-results/dot-cache/unknown/godego-76-casa114
OK /Users/scottseely/git/knowvah/plantuml-ts/test-results/dot-cache/unknown/gogaxo-82-mire024
OK /Users/scottseely/git/knowvah/plantuml-ts/test-results/dot-cache/unknown/gogisu-39-bepa573
OK /Users/scottseely/git/knowvah/plantuml-ts/test-results/dot-cache/unknown/golamo-46-lume529
OK /Users/scottseely/git/knowvah/plantuml-ts/test-results/dot-cache/unknown/govuca-53-mili511
OK /Users/scottseely/git/knowvah/plantuml-ts/test-results/dot-cache/unknown/gubeca-19-lemu434
OK /Users/scottseely/git/knowvah/plantuml-ts/test-results/dot-cache/unknown/gubexu-05-dufu787
OK /Users/scottseely/git/knowvah/plantuml-ts/test-results/dot-cache/unknown/gucipa-88-xoti966
OK /Users/scottseely/git/knowvah/plantuml-ts/test-results/dot-cache/unknown/gujeku-90-jisa609
OK /Users/scottseely/git/knowvah/plantuml-ts/test-results/dot-cache/unknown/gufeva-83-vaje876
OK /Users/scottseely/git/knowvah/plantuml-ts/test-results/dot-cache/unknown/gumulo-94-ziva021
OK /Users/scottseely/git/knowvah/plantuml-ts/test-results/dot-cache/unknown/gujara-70-tocu390
OK /Users/scottseely/git/knowvah/plantuml-ts/test-results/dot-cache/unknown/gujuga-46-vifa350
OK /Users/scottseely/git/knowvah/plantuml-ts/test-results/dot-cache/unknown/gukibi-02-kame147
OK /Users/scottseely/git/knowvah/plantuml-ts/test-results/dot-cache/unknown/gunoxa-58-vico685
OK /Users/scottseely/git/knowvah/plantuml-ts/test-results/dot-cache/unknown/gupaji-44-tezu003
OK /Users/scottseely/git/knowvah/plantuml-ts/test-results/dot-cache/unknown/gusola-40-gaco027
OK /Users/scottseely/git/knowvah/plantuml-ts/test-results/dot-cache/unknown/gurofo-44-xako688
OK /Users/scottseely/git/knowvah/plantuml-ts/test-results/dot-cache/unknown/guvali-97-mike476
OK /Users/scottseely/git/knowvah/plantuml-ts/test-results/dot-cache/unknown/guxico-27-bofu708
OK /Users/scottseely/git/knowvah/plantuml-ts/test-results/dot-cache/unknown/jadamo-76-xabi141
OK /Users/scottseely/git/knowvah/plantuml-ts/test-results/dot-cache/unknown/jadavu-33-cono513
OK /Users/scottseely/git/knowvah/plantuml-ts/test-results/dot-cache/unknown/jamuxo-74-diji002
OK /Users/scottseely/git/knowvah/plantuml-ts/test-results/dot-cache/unknown/jafexe-59-muzo362
OK /Users/scottseely/git/knowvah/plantuml-ts/test-results/dot-cache/unknown/jajebe-95-jomo899
OK /Users/scottseely/git/knowvah/plantuml-ts/test-results/dot-cache/unknown/jajeve-56-poza115
OK /Users/scottseely/git/knowvah/plantuml-ts/test-results/dot-cache/unknown/jamupa-36-duni483
OK /Users/scottseely/git/knowvah/plantuml-ts/test-results/dot-cache/unknown/japode-92-famo984
OK /Users/scottseely/git/knowvah/plantuml-ts/test-results/dot-cache/unknown/jatujo-12-done231
OK /Users/scottseely/git/knowvah/plantuml-ts/test-results/dot-cache/unknown/javari-89-jibo072
OK /Users/scottseely/git/knowvah/plantuml-ts/test-results/dot-cache/unknown/jefidu-98-gisu131
OK /Users/scottseely/git/knowvah/plantuml-ts/test-results/dot-cache/unknown/jekula-87-cida633
OK /Users/scottseely/git/knowvah/plantuml-ts/test-results/dot-cache/unknown/jifoke-84-jude859
OK /Users/scottseely/git/knowvah/plantuml-ts/test-results/dot-cache/unknown/jepide-33-luxo210
OK /Users/scottseely/git/knowvah/plantuml-ts/test-results/dot-cache/unknown/jetigu-21-zaje860
OK /Users/scottseely/git/knowvah/plantuml-ts/test-results/dot-cache/unknown/jiceju-70-copo737
OK /Users/scottseely/git/knowvah/plantuml-ts/test-results/dot-cache/unknown/jigemu-90-titu666
OK /Users/scottseely/git/knowvah/plantuml-ts/test-results/dot-cache/unknown/jijali-88-pike617
OK /Users/scottseely/git/knowvah/plantuml-ts/test-results/dot-cache/unknown/jilodo-21-cifo618
OK /Users/scottseely/git/knowvah/plantuml-ts/test-results/dot-cache/unknown/jimizu-14-zole306
OK /Users/scottseely/git/knowvah/plantuml-ts/test-results/dot-cache/unknown/jinaxe-58-zuva028
OK /Users/scottseely/git/knowvah/plantuml-ts/test-results/dot-cache/unknown/jipapo-14-kevu587
OK /Users/scottseely/git/knowvah/plantuml-ts/test-results/dot-cache/unknown/jititi-15-maxe512
OK /Users/scottseely/git/knowvah/plantuml-ts/test-results/dot-cache/unknown/jivufi-79-simi298
OK /Users/scottseely/git/knowvah/plantuml-ts/test-results/dot-cache/unknown/jixibu-01-xave465
OK /Users/scottseely/git/knowvah/plantuml-ts/test-results/dot-cache/unknown/jixipo-21-mefu703
OK /Users/scottseely/git/knowvah/plantuml-ts/test-results/dot-cache/unknown/jixuju-53-ruku075
OK /Users/scottseely/git/knowvah/plantuml-ts/test-results/dot-cache/unknown/jizilu-55-jexu697
OK /Users/scottseely/git/knowvah/plantuml-ts/test-results/dot-cache/unknown/jobuje-80-mopu051
OK /Users/scottseely/git/knowvah/plantuml-ts/test-results/dot-cache/unknown/jodasa-29-zara935
OK /Users/scottseely/git/knowvah/plantuml-ts/test-results/dot-cache/unknown/jodesa-24-lovo810
OK /Users/scottseely/git/knowvah/plantuml-ts/test-results/dot-cache/unknown/jofetu-26-nofo513
OK /Users/scottseely/git/knowvah/plantuml-ts/test-results/dot-cache/unknown/jogaji-49-zaco571
OK /Users/scottseely/git/knowvah/plantuml-ts/test-results/dot-cache/unknown/jojajo-33-jilo451
OK /Users/scottseely/git/knowvah/plantuml-ts/test-results/dot-cache/unknown/jojoxo-29-zuko417
OK /Users/scottseely/git/knowvah/plantuml-ts/test-results/dot-cache/unknown/joliva-50-vuva261
OK /Users/scottseely/git/knowvah/plantuml-ts/test-results/dot-cache/unknown/jomege-63-guxe281
OK /Users/scottseely/git/knowvah/plantuml-ts/test-results/dot-cache/unknown/jopisi-58-rika067
OK /Users/scottseely/git/knowvah/plantuml-ts/test-results/dot-cache/unknown/josebu-55-seje426
OK /Users/scottseely/git/knowvah/plantuml-ts/test-results/dot-cache/unknown/jubaba-44-tole509
OK /Users/scottseely/git/knowvah/plantuml-ts/test-results/dot-cache/unknown/jubete-32-sutu417
OK /Users/scottseely/git/knowvah/plantuml-ts/test-results/dot-cache/unknown/judelo-10-teca860
RENAMED /Users/scottseely/git/knowvah/plantuml-ts/test-results/dot-cache/unknown/jugepi-77-xude968 math-Page-10.svg
RENAMED /Users/scottseely/git/knowvah/plantuml-ts/test-results/dot-cache/unknown/jujade-99-goza626 timing_test.svg
OK /Users/scottseely/git/knowvah/plantuml-ts/test-results/dot-cache/unknown/jujuga-39-miva043
OK /Users/scottseely/git/knowvah/plantuml-ts/test-results/dot-cache/unknown/jupeni-57-nexu873
OK /Users/scottseely/git/knowvah/plantuml-ts/test-results/dot-cache/unknown/jutesi-96-jemo224
OK /Users/scottseely/git/knowvah/plantuml-ts/test-results/dot-cache/unknown/juvopu-66-pipu000
OK /Users/scottseely/git/knowvah/plantuml-ts/test-results/dot-cache/unknown/juvose-99-mopu040
OK /Users/scottseely/git/knowvah/plantuml-ts/test-results/dot-cache/unknown/juxeji-51-todu651
OK /Users/scottseely/git/knowvah/plantuml-ts/test-results/dot-cache/unknown/juzane-95-fose365
OK /Users/scottseely/git/knowvah/plantuml-ts/test-results/dot-cache/unknown/juzica-68-kava475
OK /Users/scottseely/git/knowvah/plantuml-ts/test-results/dot-cache/unknown/juzuno-58-gesi397
OK /Users/scottseely/git/knowvah/plantuml-ts/test-results/dot-cache/unknown/kakitu-70-kuvi013
OK /Users/scottseely/git/knowvah/plantuml-ts/test-results/dot-cache/unknown/kacecu-90-pudi895
OK /Users/scottseely/git/knowvah/plantuml-ts/test-results/dot-cache/unknown/kacura-85-tulu518
OK /Users/scottseely/git/knowvah/plantuml-ts/test-results/dot-cache/unknown/kakupi-00-lano640
OK /Users/scottseely/git/knowvah/plantuml-ts/test-results/dot-cache/unknown/kaneke-33-nili717
OK /Users/scottseely/git/knowvah/plantuml-ts/test-results/dot-cache/unknown/katoke-97-puri404
OK /Users/scottseely/git/knowvah/plantuml-ts/test-results/dot-cache/unknown/kavagu-15-poma470
OK /Users/scottseely/git/knowvah/plantuml-ts/test-results/dot-cache/unknown/kavama-92-noro949
RENAMED /Users/scottseely/git/knowvah/plantuml-ts/test-results/dot-cache/unknown/kebadi-11-fula439 math-Page-4.svg
OK /Users/scottseely/git/knowvah/plantuml-ts/test-results/dot-cache/unknown/kebola-08-zoxe844
OK /Users/scottseely/git/knowvah/plantuml-ts/test-results/dot-cache/unknown/keceji-97-nuza070
OK /Users/scottseely/git/knowvah/plantuml-ts/test-results/dot-cache/unknown/kefuna-77-kago547
OK /Users/scottseely/git/knowvah/plantuml-ts/test-results/dot-cache/unknown/kekami-48-nibi969
OK /Users/scottseely/git/knowvah/plantuml-ts/test-results/dot-cache/unknown/kekeli-82-vagi037
OK /Users/scottseely/git/knowvah/plantuml-ts/test-results/dot-cache/unknown/kekese-70-zisa632
OK /Users/scottseely/git/knowvah/plantuml-ts/test-results/dot-cache/unknown/kelefe-72-cefi192
OK /Users/scottseely/git/knowvah/plantuml-ts/test-results/dot-cache/unknown/kenari-17-dajo806
OK /Users/scottseely/git/knowvah/plantuml-ts/test-results/dot-cache/unknown/kesexi-71-dubu320
OK /Users/scottseely/git/knowvah/plantuml-ts/test-results/dot-cache/unknown/kevegu-65-zagi834
OK /Users/scottseely/git/knowvah/plantuml-ts/test-results/dot-cache/unknown/kexaba-26-kobu577
OK /Users/scottseely/git/knowvah/plantuml-ts/test-results/dot-cache/unknown/kibilo-60-fado726
OK /Users/scottseely/git/knowvah/plantuml-ts/test-results/dot-cache/unknown/kicapi-47-naka074
OK /Users/scottseely/git/knowvah/plantuml-ts/test-results/dot-cache/unknown/kijaro-77-vomi552
OK /Users/scottseely/git/knowvah/plantuml-ts/test-results/dot-cache/unknown/kicice-20-pacu211
OK /Users/scottseely/git/knowvah/plantuml-ts/test-results/dot-cache/unknown/kicizi-84-lexu138
OK /Users/scottseely/git/knowvah/plantuml-ts/test-results/dot-cache/unknown/kigazu-20-ticu127
OK /Users/scottseely/git/knowvah/plantuml-ts/test-results/dot-cache/unknown/kijipu-30-vona046
OK /Users/scottseely/git/knowvah/plantuml-ts/test-results/dot-cache/unknown/kokote-73-revo347
OK /Users/scottseely/git/knowvah/plantuml-ts/test-results/dot-cache/unknown/kikudo-03-voto032
OK /Users/scottseely/git/knowvah/plantuml-ts/test-results/dot-cache/unknown/kokofa-47-deni140
OK /Users/scottseely/git/knowvah/plantuml-ts/test-results/dot-cache/unknown/kipesi-54-sasi125
OK /Users/scottseely/git/knowvah/plantuml-ts/test-results/dot-cache/unknown/kojuja-62-xesu266
OK /Users/scottseely/git/knowvah/plantuml-ts/test-results/dot-cache/unknown/komoso-43-xika169
OK /Users/scottseely/git/knowvah/plantuml-ts/test-results/dot-cache/unknown/komuvi-52-vave599
OK /Users/scottseely/git/knowvah/plantuml-ts/test-results/dot-cache/unknown/kubaca-07-dime602
OK /Users/scottseely/git/knowvah/plantuml-ts/test-results/dot-cache/unknown/kubuju-35-neji041
OK /Users/scottseely/git/knowvah/plantuml-ts/test-results/dot-cache/unknown/kuduba-74-taki821
OK /Users/scottseely/git/knowvah/plantuml-ts/test-results/dot-cache/unknown/kufebo-74-sujo175
OK /Users/scottseely/git/knowvah/plantuml-ts/test-results/dot-cache/unknown/kumuti-42-tace851
OK /Users/scottseely/git/knowvah/plantuml-ts/test-results/dot-cache/unknown/kutazo-93-vumu267
OK /Users/scottseely/git/knowvah/plantuml-ts/test-results/dot-cache/unknown/kuniko-53-rilu801
OK /Users/scottseely/git/knowvah/plantuml-ts/test-results/dot-cache/unknown/kunuja-48-ropa074
OK /Users/scottseely/git/knowvah/plantuml-ts/test-results/dot-cache/unknown/kupofu-67-cupo145
OK /Users/scottseely/git/knowvah/plantuml-ts/test-results/dot-cache/unknown/kurugo-90-pabi007
OK /Users/scottseely/git/knowvah/plantuml-ts/test-results/dot-cache/unknown/labeji-53-pari860
OK /Users/scottseely/git/knowvah/plantuml-ts/test-results/dot-cache/unknown/laboji-96-jone338
OK /Users/scottseely/git/knowvah/plantuml-ts/test-results/dot-cache/unknown/lacifo-03-taka068
OK /Users/scottseely/git/knowvah/plantuml-ts/test-results/dot-cache/unknown/lacode-63-laji967
OK /Users/scottseely/git/knowvah/plantuml-ts/test-results/dot-cache/unknown/lafeze-33-ralu563
OK /Users/scottseely/git/knowvah/plantuml-ts/test-results/dot-cache/unknown/lagalo-25-fini318
OK /Users/scottseely/git/knowvah/plantuml-ts/test-results/dot-cache/unknown/lakivi-73-vuko958
OK /Users/scottseely/git/knowvah/plantuml-ts/test-results/dot-cache/unknown/lagapi-44-lemu042
OK /Users/scottseely/git/knowvah/plantuml-ts/test-results/dot-cache/unknown/larevi-66-levu205
OK /Users/scottseely/git/knowvah/plantuml-ts/test-results/dot-cache/unknown/lavoke-68-lezi492
OK /Users/scottseely/git/knowvah/plantuml-ts/test-results/dot-cache/unknown/latilu-49-jebu021
OK /Users/scottseely/git/knowvah/plantuml-ts/test-results/dot-cache/unknown/lazama-75-loli189
OK /Users/scottseely/git/knowvah/plantuml-ts/test-results/dot-cache/unknown/lazuxa-86-dizu716
OK /Users/scottseely/git/knowvah/plantuml-ts/test-results/dot-cache/unknown/lazetu-95-lisa969
OK /Users/scottseely/git/knowvah/plantuml-ts/test-results/dot-cache/unknown/lebuca-31-sese441
OK /Users/scottseely/git/knowvah/plantuml-ts/test-results/dot-cache/unknown/legoda-27-cedo414
OK /Users/scottseely/git/knowvah/plantuml-ts/test-results/dot-cache/unknown/lejenu-55-paso269
OK /Users/scottseely/git/knowvah/plantuml-ts/test-results/dot-cache/unknown/leluza-90-kece237
OK /Users/scottseely/git/knowvah/plantuml-ts/test-results/dot-cache/unknown/lezema-07-vogu604
OK /Users/scottseely/git/knowvah/plantuml-ts/test-results/dot-cache/unknown/lerecu-03-tudo825
OK /Users/scottseely/git/knowvah/plantuml-ts/test-results/dot-cache/unknown/ligalo-62-suvu444
OK /Users/scottseely/git/knowvah/plantuml-ts/test-results/dot-cache/unknown/liboma-63-gamu743
OK /Users/scottseely/git/knowvah/plantuml-ts/test-results/dot-cache/unknown/liciru-76-ruse157
OK /Users/scottseely/git/knowvah/plantuml-ts/test-results/dot-cache/unknown/lidoxa-65-nusu138
OK /Users/scottseely/git/knowvah/plantuml-ts/test-results/dot-cache/unknown/lifuxe-94-xeto977
OK /Users/scottseely/git/knowvah/plantuml-ts/test-results/dot-cache/unknown/lijota-92-sove350
OK /Users/scottseely/git/knowvah/plantuml-ts/test-results/dot-cache/unknown/likinu-77-pepo298
OK /Users/scottseely/git/knowvah/plantuml-ts/test-results/dot-cache/unknown/lipiki-79-fapu237
OK /Users/scottseely/git/knowvah/plantuml-ts/test-results/dot-cache/unknown/liripi-72-kefa167
OK /Users/scottseely/git/knowvah/plantuml-ts/test-results/dot-cache/unknown/lirumo-81-jega996
OK /Users/scottseely/git/knowvah/plantuml-ts/test-results/dot-cache/unknown/lituge-35-beli050
OK /Users/scottseely/git/knowvah/plantuml-ts/test-results/dot-cache/unknown/lobana-68-baji893
OK /Users/scottseely/git/knowvah/plantuml-ts/test-results/dot-cache/unknown/lonome-59-lego635
OK /Users/scottseely/git/knowvah/plantuml-ts/test-results/dot-cache/unknown/locoge-06-luki835
OK /Users/scottseely/git/knowvah/plantuml-ts/test-results/dot-cache/unknown/lofabo-38-tefo040
OK /Users/scottseely/git/knowvah/plantuml-ts/test-results/dot-cache/unknown/logavi-03-mita108
OK /Users/scottseely/git/knowvah/plantuml-ts/test-results/dot-cache/unknown/logifa-32-tuzi644
OK /Users/scottseely/git/knowvah/plantuml-ts/test-results/dot-cache/unknown/lonosi-76-xoka469
OK /Users/scottseely/git/knowvah/plantuml-ts/test-results/dot-cache/unknown/losizo-97-tiki566
OK /Users/scottseely/git/knowvah/plantuml-ts/test-results/dot-cache/unknown/loxeke-95-tita253
OK /Users/scottseely/git/knowvah/plantuml-ts/test-results/dot-cache/unknown/lubicu-73-fule059
OK /Users/scottseely/git/knowvah/plantuml-ts/test-results/dot-cache/unknown/lulanu-89-tase004
OK /Users/scottseely/git/knowvah/plantuml-ts/test-results/dot-cache/unknown/ludecu-61-laja912
OK /Users/scottseely/git/knowvah/plantuml-ts/test-results/dot-cache/unknown/ludipa-77-tako754
OK /Users/scottseely/git/knowvah/plantuml-ts/test-results/dot-cache/unknown/lufano-46-xise868
OK /Users/scottseely/git/knowvah/plantuml-ts/test-results/dot-cache/unknown/lulupi-98-gogi744
OK /Users/scottseely/git/knowvah/plantuml-ts/test-results/dot-cache/unknown/lupano-18-jibi678
OK /Users/scottseely/git/knowvah/plantuml-ts/test-results/dot-cache/unknown/lusila-47-xiba216
OK /Users/scottseely/git/knowvah/plantuml-ts/test-results/dot-cache/unknown/luvufe-13-lifi483
OK /Users/scottseely/git/knowvah/plantuml-ts/test-results/dot-cache/unknown/luzeti-08-lafa321
OK /Users/scottseely/git/knowvah/plantuml-ts/test-results/dot-cache/unknown/mafaki-14-cido418
OK /Users/scottseely/git/knowvah/plantuml-ts/test-results/dot-cache/unknown/manama-22-joxi528
OK /Users/scottseely/git/knowvah/plantuml-ts/test-results/dot-cache/unknown/marege-44-nifi894
RENAMED /Users/scottseely/git/knowvah/plantuml-ts/test-results/dot-cache/unknown/marese-34-xaro137 math-Page-0.svg
OK /Users/scottseely/git/knowvah/plantuml-ts/test-results/dot-cache/unknown/maxure-10-temu215
OK /Users/scottseely/git/knowvah/plantuml-ts/test-results/dot-cache/unknown/mazuxi-71-xipu561
OK /Users/scottseely/git/knowvah/plantuml-ts/test-results/dot-cache/unknown/mebafo-26-fupu096
OK /Users/scottseely/git/knowvah/plantuml-ts/test-results/dot-cache/unknown/mebeva-33-bafu201
OK /Users/scottseely/git/knowvah/plantuml-ts/test-results/dot-cache/unknown/mefule-86-calo549
OK /Users/scottseely/git/knowvah/plantuml-ts/test-results/dot-cache/unknown/mefure-90-gitu244
OK /Users/scottseely/git/knowvah/plantuml-ts/test-results/dot-cache/unknown/mejote-23-xeso233
OK /Users/scottseely/git/knowvah/plantuml-ts/test-results/dot-cache/unknown/melosu-77-sati627
OK /Users/scottseely/git/knowvah/plantuml-ts/test-results/dot-cache/unknown/micono-65-juka195
OK /Users/scottseely/git/knowvah/plantuml-ts/test-results/dot-cache/unknown/mepemu-15-bitu955
OK /Users/scottseely/git/knowvah/plantuml-ts/test-results/dot-cache/unknown/mepuro-90-lage386
OK /Users/scottseely/git/knowvah/plantuml-ts/test-results/dot-cache/unknown/meramo-02-vasu175
OK /Users/scottseely/git/knowvah/plantuml-ts/test-results/dot-cache/unknown/mifila-05-suzo732
OK /Users/scottseely/git/knowvah/plantuml-ts/test-results/dot-cache/unknown/migene-71-rogu145
OK /Users/scottseely/git/knowvah/plantuml-ts/test-results/dot-cache/unknown/mijape-37-doka854
OK /Users/scottseely/git/knowvah/plantuml-ts/test-results/dot-cache/unknown/mileba-84-rike349
RENAMED /Users/scottseely/git/knowvah/plantuml-ts/test-results/dot-cache/unknown/mimumu-93-fota059 math-Page-11.svg
OK /Users/scottseely/git/knowvah/plantuml-ts/test-results/dot-cache/unknown/miveni-64-rexo238
OK /Users/scottseely/git/knowvah/plantuml-ts/test-results/dot-cache/unknown/mivisa-94-rite657
OK /Users/scottseely/git/knowvah/plantuml-ts/test-results/dot-cache/unknown/mixavu-83-xale251
OK /Users/scottseely/git/knowvah/plantuml-ts/test-results/dot-cache/unknown/mocute-04-lori647
OK /Users/scottseely/git/knowvah/plantuml-ts/test-results/dot-cache/unknown/modubu-02-zamo711
OK /Users/scottseely/git/knowvah/plantuml-ts/test-results/dot-cache/unknown/mofora-39-nole251
OK /Users/scottseely/git/knowvah/plantuml-ts/test-results/dot-cache/unknown/molove-42-koxu080
OK /Users/scottseely/git/knowvah/plantuml-ts/test-results/dot-cache/unknown/momada-03-zeka599
OK /Users/scottseely/git/knowvah/plantuml-ts/test-results/dot-cache/unknown/mujega-45-mexi048
OK /Users/scottseely/git/knowvah/plantuml-ts/test-results/dot-cache/unknown/mulavi-78-faxo108
OK /Users/scottseely/git/knowvah/plantuml-ts/test-results/dot-cache/unknown/mupavi-50-fijo192
OK /Users/scottseely/git/knowvah/plantuml-ts/test-results/dot-cache/unknown/nakavu-98-pela661
OK /Users/scottseely/git/knowvah/plantuml-ts/test-results/dot-cache/unknown/mupiso-60-lide159
OK /Users/scottseely/git/knowvah/plantuml-ts/test-results/dot-cache/unknown/muvici-42-dumo371
OK /Users/scottseely/git/knowvah/plantuml-ts/test-results/dot-cache/unknown/nacipi-74-bivo164
OK /Users/scottseely/git/knowvah/plantuml-ts/test-results/dot-cache/unknown/nadedo-37-nesa665
OK /Users/scottseely/git/knowvah/plantuml-ts/test-results/dot-cache/unknown/nakola-11-naga420
OK /Users/scottseely/git/knowvah/plantuml-ts/test-results/dot-cache/unknown/nakosa-29-zata504
OK /Users/scottseely/git/knowvah/plantuml-ts/test-results/dot-cache/unknown/naluge-13-mefo624
OK /Users/scottseely/git/knowvah/plantuml-ts/test-results/dot-cache/unknown/namumi-26-zisi487
OK /Users/scottseely/git/knowvah/plantuml-ts/test-results/dot-cache/unknown/naneli-28-xufe452
OK /Users/scottseely/git/knowvah/plantuml-ts/test-results/dot-cache/unknown/napaju-13-kuva269
OK /Users/scottseely/git/knowvah/plantuml-ts/test-results/dot-cache/unknown/nararo-54-kobi940
OK /Users/scottseely/git/knowvah/plantuml-ts/test-results/dot-cache/unknown/navapo-58-soto151
OK /Users/scottseely/git/knowvah/plantuml-ts/test-results/dot-cache/unknown/necele-02-femi691
OK /Users/scottseely/git/knowvah/plantuml-ts/test-results/dot-cache/unknown/necixe-44-rina124
OK /Users/scottseely/git/knowvah/plantuml-ts/test-results/dot-cache/unknown/nedeto-35-rete203
OK /Users/scottseely/git/knowvah/plantuml-ts/test-results/dot-cache/unknown/neduvo-76-rigi020
OK /Users/scottseely/git/knowvah/plantuml-ts/test-results/dot-cache/unknown/nefire-75-sudo926
OK /Users/scottseely/git/knowvah/plantuml-ts/test-results/dot-cache/unknown/negupo-97-loro420
OK /Users/scottseely/git/knowvah/plantuml-ts/test-results/dot-cache/unknown/nejuge-86-duve357
OK /Users/scottseely/git/knowvah/plantuml-ts/test-results/dot-cache/unknown/nekeso-74-tebe680
OK /Users/scottseely/git/knowvah/plantuml-ts/test-results/dot-cache/unknown/nepevi-24-dune081
OK /Users/scottseely/git/knowvah/plantuml-ts/test-results/dot-cache/unknown/neticu-06-bafo691
OK /Users/scottseely/git/knowvah/plantuml-ts/test-results/dot-cache/unknown/nezaxe-99-mumo948
OK /Users/scottseely/git/knowvah/plantuml-ts/test-results/dot-cache/unknown/nezimo-68-jabo300
OK /Users/scottseely/git/knowvah/plantuml-ts/test-results/dot-cache/unknown/nifosu-42-gubi213
OK /Users/scottseely/git/knowvah/plantuml-ts/test-results/dot-cache/unknown/nibuta-88-lalu236
OK /Users/scottseely/git/knowvah/plantuml-ts/test-results/dot-cache/unknown/nicere-96-keje834
OK /Users/scottseely/git/knowvah/plantuml-ts/test-results/dot-cache/unknown/nidezo-51-xevi604
OK /Users/scottseely/git/knowvah/plantuml-ts/test-results/dot-cache/unknown/nijiku-48-falu377
OK /Users/scottseely/git/knowvah/plantuml-ts/test-results/dot-cache/unknown/nijipa-25-pede639
OK /Users/scottseely/git/knowvah/plantuml-ts/test-results/dot-cache/unknown/nixuje-20-bobu879
OK /Users/scottseely/git/knowvah/plantuml-ts/test-results/dot-cache/unknown/nilimi-64-xeco438
OK /Users/scottseely/git/knowvah/plantuml-ts/test-results/dot-cache/unknown/niraji-17-gipi481
OK /Users/scottseely/git/knowvah/plantuml-ts/test-results/dot-cache/unknown/nixaro-94-pefo622
OK /Users/scottseely/git/knowvah/plantuml-ts/test-results/dot-cache/unknown/nixeka-00-nuni016
OK /Users/scottseely/git/knowvah/plantuml-ts/test-results/dot-cache/unknown/nojeru-23-tavo641
OK /Users/scottseely/git/knowvah/plantuml-ts/test-results/dot-cache/unknown/nonaja-03-zoki801
OK /Users/scottseely/git/knowvah/plantuml-ts/test-results/dot-cache/unknown/noxebo-98-foga433
OK /Users/scottseely/git/knowvah/plantuml-ts/test-results/dot-cache/unknown/nucefo-27-tedu214
OK /Users/scottseely/git/knowvah/plantuml-ts/test-results/dot-cache/unknown/nufike-34-rila935
OK /Users/scottseely/git/knowvah/plantuml-ts/test-results/dot-cache/unknown/nupiko-03-cezu269
OK /Users/scottseely/git/knowvah/plantuml-ts/test-results/dot-cache/unknown/nunema-69-degi058
OK /Users/scottseely/git/knowvah/plantuml-ts/test-results/dot-cache/unknown/nujapi-78-mota753
OK /Users/scottseely/git/knowvah/plantuml-ts/test-results/dot-cache/unknown/nulevu-49-bovi390
OK /Users/scottseely/git/knowvah/plantuml-ts/test-results/dot-cache/unknown/nunexe-00-luba528
OK /Users/scottseely/git/knowvah/plantuml-ts/test-results/dot-cache/unknown/nurile-03-kumi912
OK /Users/scottseely/git/knowvah/plantuml-ts/test-results/dot-cache/unknown/nuvapa-57-joxi089
OK /Users/scottseely/git/knowvah/plantuml-ts/test-results/dot-cache/unknown/nuveji-19-jabi587
OK /Users/scottseely/git/knowvah/plantuml-ts/test-results/dot-cache/unknown/nuzada-73-goke308
OK /Users/scottseely/git/knowvah/plantuml-ts/test-results/dot-cache/unknown/nuzise-60-temi305
OK /Users/scottseely/git/knowvah/plantuml-ts/test-results/dot-cache/unknown/pajojo-12-kixi425
OK /Users/scottseely/git/knowvah/plantuml-ts/test-results/dot-cache/unknown/pacako-16-vudu147
OK /Users/scottseely/git/knowvah/plantuml-ts/test-results/dot-cache/unknown/pacope-41-pufu938
OK /Users/scottseely/git/knowvah/plantuml-ts/test-results/dot-cache/unknown/padefe-05-bemu901
OK /Users/scottseely/git/knowvah/plantuml-ts/test-results/dot-cache/unknown/pajeki-99-bezu928
OK /Users/scottseely/git/knowvah/plantuml-ts/test-results/dot-cache/unknown/pakisi-27-xaro239
OK /Users/scottseely/git/knowvah/plantuml-ts/test-results/dot-cache/unknown/palida-11-pexu992
OK /Users/scottseely/git/knowvah/plantuml-ts/test-results/dot-cache/unknown/palovo-20-jivo819
OK /Users/scottseely/git/knowvah/plantuml-ts/test-results/dot-cache/unknown/papola-00-nira696
OK /Users/scottseely/git/knowvah/plantuml-ts/test-results/dot-cache/unknown/pavozu-43-tone454
OK /Users/scottseely/git/knowvah/plantuml-ts/test-results/dot-cache/unknown/pavuni-17-nifu306
OK /Users/scottseely/git/knowvah/plantuml-ts/test-results/dot-cache/unknown/pavuso-18-rusi688
OK /Users/scottseely/git/knowvah/plantuml-ts/test-results/dot-cache/unknown/pebara-08-raja604
OK /Users/scottseely/git/knowvah/plantuml-ts/test-results/dot-cache/unknown/peboza-00-roze848
RENAMED /Users/scottseely/git/knowvah/plantuml-ts/test-results/dot-cache/unknown/pecafo-64-rili177 math-Page-9.svg
OK /Users/scottseely/git/knowvah/plantuml-ts/test-results/dot-cache/unknown/pefigi-94-raxa740
OK /Users/scottseely/git/knowvah/plantuml-ts/test-results/dot-cache/unknown/petiku-70-fogu777
OK /Users/scottseely/git/knowvah/plantuml-ts/test-results/dot-cache/unknown/pekico-53-logi157
OK /Users/scottseely/git/knowvah/plantuml-ts/test-results/dot-cache/unknown/pemare-74-julo947
OK /Users/scottseely/git/knowvah/plantuml-ts/test-results/dot-cache/unknown/petexo-14-zoju957
OK /Users/scottseely/git/knowvah/plantuml-ts/test-results/dot-cache/unknown/petuju-02-zino378
OK /Users/scottseely/git/knowvah/plantuml-ts/test-results/dot-cache/unknown/pevefe-09-zaro044
OK /Users/scottseely/git/knowvah/plantuml-ts/test-results/dot-cache/unknown/pexaxo-70-dofe187
OK /Users/scottseely/git/knowvah/plantuml-ts/test-results/dot-cache/unknown/pexona-78-kede899
OK /Users/scottseely/git/knowvah/plantuml-ts/test-results/dot-cache/unknown/pezini-79-mupi337
OK /Users/scottseely/git/knowvah/plantuml-ts/test-results/dot-cache/unknown/pibefe-94-cibu835
OK /Users/scottseely/git/knowvah/plantuml-ts/test-results/dot-cache/unknown/pizegi-06-jiro383
OK /Users/scottseely/git/knowvah/plantuml-ts/test-results/dot-cache/unknown/pijugo-91-jilo150
OK /Users/scottseely/git/knowvah/plantuml-ts/test-results/dot-cache/unknown/pisova-11-rego297
OK /Users/scottseely/git/knowvah/plantuml-ts/test-results/dot-cache/unknown/pivexe-31-bade269
OK /Users/scottseely/git/knowvah/plantuml-ts/test-results/dot-cache/unknown/pixelu-98-bovo354
OK /Users/scottseely/git/knowvah/plantuml-ts/test-results/dot-cache/unknown/pizepu-20-bero680
OK /Users/scottseely/git/knowvah/plantuml-ts/test-results/dot-cache/unknown/pocofe-94-ludu000
OK /Users/scottseely/git/knowvah/plantuml-ts/test-results/dot-cache/unknown/pocoko-23-jupa184
OK /Users/scottseely/git/knowvah/plantuml-ts/test-results/dot-cache/unknown/pocube-36-teja768
OK /Users/scottseely/git/knowvah/plantuml-ts/test-results/dot-cache/unknown/pofali-42-vule505
OK /Users/scottseely/git/knowvah/plantuml-ts/test-results/dot-cache/unknown/pojeje-60-vata579
OK /Users/scottseely/git/knowvah/plantuml-ts/test-results/dot-cache/unknown/poluve-80-mire025
OK /Users/scottseely/git/knowvah/plantuml-ts/test-results/dot-cache/unknown/pomoxu-05-luco302
OK /Users/scottseely/git/knowvah/plantuml-ts/test-results/dot-cache/unknown/potani-24-vata851
OK /Users/scottseely/git/knowvah/plantuml-ts/test-results/dot-cache/unknown/potase-97-japa248
OK /Users/scottseely/git/knowvah/plantuml-ts/test-results/dot-cache/unknown/potefu-34-jilu183
OK /Users/scottseely/git/knowvah/plantuml-ts/test-results/dot-cache/unknown/potezi-53-doku302
OK /Users/scottseely/git/knowvah/plantuml-ts/test-results/dot-cache/unknown/poxopi-12-jupi541
OK /Users/scottseely/git/knowvah/plantuml-ts/test-results/dot-cache/unknown/pucazu-91-paxe635
OK /Users/scottseely/git/knowvah/plantuml-ts/test-results/dot-cache/unknown/pucozi-74-zilo936
OK /Users/scottseely/git/knowvah/plantuml-ts/test-results/dot-cache/unknown/pugesu-08-cove285
OK /Users/scottseely/git/knowvah/plantuml-ts/test-results/dot-cache/unknown/pugodi-27-kone040
OK /Users/scottseely/git/knowvah/plantuml-ts/test-results/dot-cache/unknown/pumoko-38-sedi467
OK /Users/scottseely/git/knowvah/plantuml-ts/test-results/dot-cache/unknown/punofe-33-loji825
OK /Users/scottseely/git/knowvah/plantuml-ts/test-results/dot-cache/unknown/punuve-45-baja096
OK /Users/scottseely/git/knowvah/plantuml-ts/test-results/dot-cache/unknown/pupini-69-doko713
OK /Users/scottseely/git/knowvah/plantuml-ts/test-results/dot-cache/unknown/pupoko-23-xubo613
OK /Users/scottseely/git/knowvah/plantuml-ts/test-results/dot-cache/unknown/puvako-69-suxo633
OK /Users/scottseely/git/knowvah/plantuml-ts/test-results/dot-cache/unknown/racemi-48-ceni130
OK /Users/scottseely/git/knowvah/plantuml-ts/test-results/dot-cache/unknown/racujo-01-veme537
OK /Users/scottseely/git/knowvah/plantuml-ts/test-results/dot-cache/unknown/rafaci-22-fiki075
OK /Users/scottseely/git/knowvah/plantuml-ts/test-results/dot-cache/unknown/ragudu-37-poxi589
RENAMED /Users/scottseely/git/knowvah/plantuml-ts/test-results/dot-cache/unknown/raxanu-33-xuzu111 math-Page-8.svg
OK /Users/scottseely/git/knowvah/plantuml-ts/test-results/dot-cache/unknown/rebena-98-kiba723
OK /Users/scottseely/git/knowvah/plantuml-ts/test-results/dot-cache/unknown/regodu-14-peve499
OK /Users/scottseely/git/knowvah/plantuml-ts/test-results/dot-cache/unknown/renice-72-peda344
OK /Users/scottseely/git/knowvah/plantuml-ts/test-results/dot-cache/unknown/reromi-71-nona507
OK /Users/scottseely/git/knowvah/plantuml-ts/test-results/dot-cache/unknown/revezi-19-kuki251
OK /Users/scottseely/git/knowvah/plantuml-ts/test-results/dot-cache/unknown/rexobo-28-rite508
OK /Users/scottseely/git/knowvah/plantuml-ts/test-results/dot-cache/unknown/rexupa-61-nezi165
OK /Users/scottseely/git/knowvah/plantuml-ts/test-results/dot-cache/unknown/rezide-10-dulu504
OK /Users/scottseely/git/knowvah/plantuml-ts/test-results/dot-cache/unknown/ricute-48-xocu720
OK /Users/scottseely/git/knowvah/plantuml-ts/test-results/dot-cache/unknown/ridofi-55-lexe637
OK /Users/scottseely/git/knowvah/plantuml-ts/test-results/dot-cache/unknown/rikosu-08-foda496
OK /Users/scottseely/git/knowvah/plantuml-ts/test-results/dot-cache/unknown/rilere-84-seba785
OK /Users/scottseely/git/knowvah/plantuml-ts/test-results/dot-cache/unknown/rimeca-17-gice904
OK /Users/scottseely/git/knowvah/plantuml-ts/test-results/dot-cache/unknown/rinidi-95-neko205
OK /Users/scottseely/git/knowvah/plantuml-ts/test-results/dot-cache/unknown/rirelu-80-tagi213
OK /Users/scottseely/git/knowvah/plantuml-ts/test-results/dot-cache/unknown/rivino-95-midu088
OK /Users/scottseely/git/knowvah/plantuml-ts/test-results/dot-cache/unknown/rixeje-01-gava056
OK /Users/scottseely/git/knowvah/plantuml-ts/test-results/dot-cache/unknown/rixuvo-85-safu077
OK /Users/scottseely/git/knowvah/plantuml-ts/test-results/dot-cache/unknown/rizisu-50-liza998
OK /Users/scottseely/git/knowvah/plantuml-ts/test-results/dot-cache/unknown/rizoba-79-feco788
OK /Users/scottseely/git/knowvah/plantuml-ts/test-results/dot-cache/unknown/rodubi-28-vuxi527
OK /Users/scottseely/git/knowvah/plantuml-ts/test-results/dot-cache/unknown/rojida-14-fuli428
RENAMED /Users/scottseely/git/knowvah/plantuml-ts/test-results/dot-cache/unknown/roxita-24-tixu731 math-Page-6.svg
OK /Users/scottseely/git/knowvah/plantuml-ts/test-results/dot-cache/unknown/rubebe-45-sura795
RENAMED /Users/scottseely/git/knowvah/plantuml-ts/test-results/dot-cache/unknown/rozesu-56-suve592 math-Page-1.svg
OK /Users/scottseely/git/knowvah/plantuml-ts/test-results/dot-cache/unknown/rozugu-82-pera583
OK /Users/scottseely/git/knowvah/plantuml-ts/test-results/dot-cache/unknown/rubeku-92-vefi942
OK /Users/scottseely/git/knowvah/plantuml-ts/test-results/dot-cache/unknown/rucuga-83-tosu408
OK /Users/scottseely/git/knowvah/plantuml-ts/test-results/dot-cache/unknown/rufala-47-nosa835
OK /Users/scottseely/git/knowvah/plantuml-ts/test-results/dot-cache/unknown/rufopi-30-roro642
OK /Users/scottseely/git/knowvah/plantuml-ts/test-results/dot-cache/unknown/rugora-14-muxa930
OK /Users/scottseely/git/knowvah/plantuml-ts/test-results/dot-cache/unknown/rujimo-45-dato973
OK /Users/scottseely/git/knowvah/plantuml-ts/test-results/dot-cache/unknown/rukate-37-jabu394
OK /Users/scottseely/git/knowvah/plantuml-ts/test-results/dot-cache/unknown/rumepo-86-tima388
OK /Users/scottseely/git/knowvah/plantuml-ts/test-results/dot-cache/unknown/runufe-74-dico475
OK /Users/scottseely/git/knowvah/plantuml-ts/test-results/dot-cache/unknown/rupigu-89-xabo757
OK /Users/scottseely/git/knowvah/plantuml-ts/test-results/dot-cache/unknown/rurufo-83-sadi254
OK /Users/scottseely/git/knowvah/plantuml-ts/test-results/dot-cache/unknown/sacupe-57-dejo730
OK /Users/scottseely/git/knowvah/plantuml-ts/test-results/dot-cache/unknown/saduse-90-jama680
OK /Users/scottseely/git/knowvah/plantuml-ts/test-results/dot-cache/unknown/safuke-64-vuzo599
OK /Users/scottseely/git/knowvah/plantuml-ts/test-results/dot-cache/unknown/samutu-03-jude646
OK /Users/scottseely/git/knowvah/plantuml-ts/test-results/dot-cache/unknown/saneka-20-muma963
OK /Users/scottseely/git/knowvah/plantuml-ts/test-results/dot-cache/unknown/sanima-32-teja660
OK /Users/scottseely/git/knowvah/plantuml-ts/test-results/dot-cache/unknown/sapeka-40-zoze338
OK /Users/scottseely/git/knowvah/plantuml-ts/test-results/dot-cache/unknown/sapofa-97-gizu737
OK /Users/scottseely/git/knowvah/plantuml-ts/test-results/dot-cache/unknown/sasafi-70-gano653
OK /Users/scottseely/git/knowvah/plantuml-ts/test-results/dot-cache/unknown/savudo-32-lopu722
OK /Users/scottseely/git/knowvah/plantuml-ts/test-results/dot-cache/unknown/saxomu-54-deza117
OK /Users/scottseely/git/knowvah/plantuml-ts/test-results/dot-cache/unknown/secida-27-jaco323
OK /Users/scottseely/git/knowvah/plantuml-ts/test-results/dot-cache/unknown/sejube-03-bote542
OK /Users/scottseely/git/knowvah/plantuml-ts/test-results/dot-cache/unknown/selapa-88-lopi279
OK /Users/scottseely/git/knowvah/plantuml-ts/test-results/dot-cache/unknown/seloni-75-tuze396
OK /Users/scottseely/git/knowvah/plantuml-ts/test-results/dot-cache/unknown/seluva-39-xebe172
OK /Users/scottseely/git/knowvah/plantuml-ts/test-results/dot-cache/unknown/semutu-45-zeno907
OK /Users/scottseely/git/knowvah/plantuml-ts/test-results/dot-cache/unknown/sezupe-60-neko208
OK /Users/scottseely/git/knowvah/plantuml-ts/test-results/dot-cache/unknown/sikike-36-nexu500
OK /Users/scottseely/git/knowvah/plantuml-ts/test-results/dot-cache/unknown/sikove-75-lebe293
OK /Users/scottseely/git/knowvah/plantuml-ts/test-results/dot-cache/unknown/sinife-24-fise413
OK /Users/scottseely/git/knowvah/plantuml-ts/test-results/dot-cache/unknown/sixoxu-07-neba246
OK /Users/scottseely/git/knowvah/plantuml-ts/test-results/dot-cache/unknown/sofobo-48-meme531
OK /Users/scottseely/git/knowvah/plantuml-ts/test-results/dot-cache/unknown/sogeme-65-kate687
OK /Users/scottseely/git/knowvah/plantuml-ts/test-results/dot-cache/unknown/somule-10-duci912
OK /Users/scottseely/git/knowvah/plantuml-ts/test-results/dot-cache/unknown/sonufo-86-jaje694
OK /Users/scottseely/git/knowvah/plantuml-ts/test-results/dot-cache/unknown/soseka-43-riru110
OK /Users/scottseely/git/knowvah/plantuml-ts/test-results/dot-cache/unknown/sozeke-50-rilu829
OK /Users/scottseely/git/knowvah/plantuml-ts/test-results/dot-cache/unknown/sprite-SVG-Fill-Stroke-Combinatory-1
OK /Users/scottseely/git/knowvah/plantuml-ts/test-results/dot-cache/unknown/sprite-SVG-fill-management-0
OK /Users/scottseely/git/knowvah/plantuml-ts/test-results/dot-cache/unknown/sprite-SVG-fill-management-1
OK /Users/scottseely/git/knowvah/plantuml-ts/test-results/dot-cache/unknown/sprite-SVG-fill-management-4
OK /Users/scottseely/git/knowvah/plantuml-ts/test-results/dot-cache/unknown/sprite-SVG-fill-management-5
OK /Users/scottseely/git/knowvah/plantuml-ts/test-results/dot-cache/unknown/sprite-SVG-stroke-management-0
OK /Users/scottseely/git/knowvah/plantuml-ts/test-results/dot-cache/unknown/sprite-SVG-stroke-management-1
OK /Users/scottseely/git/knowvah/plantuml-ts/test-results/dot-cache/unknown/sprite-SVG-stroke-management-2
OK /Users/scottseely/git/knowvah/plantuml-ts/test-results/dot-cache/unknown/sufaru-98-mifa724
OK /Users/scottseely/git/knowvah/plantuml-ts/test-results/dot-cache/unknown/sufura-56-muke185
OK /Users/scottseely/git/knowvah/plantuml-ts/test-results/dot-cache/unknown/sukazu-57-zozi807
OK /Users/scottseely/git/knowvah/plantuml-ts/test-results/dot-cache/unknown/sukuje-36-libo212
OK /Users/scottseely/git/knowvah/plantuml-ts/test-results/dot-cache/unknown/taboco-79-pire192
OK /Users/scottseely/git/knowvah/plantuml-ts/test-results/dot-cache/unknown/tabuma-85-sizi973
OK /Users/scottseely/git/knowvah/plantuml-ts/test-results/dot-cache/unknown/tadabe-21-dovi548
OK /Users/scottseely/git/knowvah/plantuml-ts/test-results/dot-cache/unknown/tagiko-99-sulo647
OK /Users/scottseely/git/knowvah/plantuml-ts/test-results/dot-cache/unknown/taliti-27-vuzo488
OK /Users/scottseely/git/knowvah/plantuml-ts/test-results/dot-cache/unknown/tamiku-72-fafu058
OK /Users/scottseely/git/knowvah/plantuml-ts/test-results/dot-cache/unknown/tamovu-79-fifo533
OK /Users/scottseely/git/knowvah/plantuml-ts/test-results/dot-cache/unknown/tavamu-02-meci663
OK /Users/scottseely/git/knowvah/plantuml-ts/test-results/dot-cache/unknown/tefeco-12-rato895
OK /Users/scottseely/git/knowvah/plantuml-ts/test-results/dot-cache/unknown/tegaju-61-mimo980
OK /Users/scottseely/git/knowvah/plantuml-ts/test-results/dot-cache/unknown/tejevu-11-rafo563
OK /Users/scottseely/git/knowvah/plantuml-ts/test-results/dot-cache/unknown/temeca-88-zagi087
OK /Users/scottseely/git/knowvah/plantuml-ts/test-results/dot-cache/unknown/tenava-30-cele768
OK /Users/scottseely/git/knowvah/plantuml-ts/test-results/dot-cache/unknown/tenule-05-fovi294
OK /Users/scottseely/git/knowvah/plantuml-ts/test-results/dot-cache/unknown/teoz-ng-001-17
OK /Users/scottseely/git/knowvah/plantuml-ts/test-results/dot-cache/unknown/tepili-19-sati986
OK /Users/scottseely/git/knowvah/plantuml-ts/test-results/dot-cache/unknown/terede-92-fuka839
OK /Users/scottseely/git/knowvah/plantuml-ts/test-results/dot-cache/unknown/tezofo-39-fano197
OK /Users/scottseely/git/knowvah/plantuml-ts/test-results/dot-cache/unknown/ticemi-41-laze086
OK /Users/scottseely/git/knowvah/plantuml-ts/test-results/dot-cache/unknown/ticini-08-zico145
OK /Users/scottseely/git/knowvah/plantuml-ts/test-results/dot-cache/unknown/tififu-24-rixa240
OK /Users/scottseely/git/knowvah/plantuml-ts/test-results/dot-cache/unknown/tijica-43-sesu519
OK /Users/scottseely/git/knowvah/plantuml-ts/test-results/dot-cache/unknown/tikiti-02-bagu049
OK /Users/scottseely/git/knowvah/plantuml-ts/test-results/dot-cache/unknown/tilege-34-riki742
OK /Users/scottseely/git/knowvah/plantuml-ts/test-results/dot-cache/unknown/tinizu-50-vamu491
OK /Users/scottseely/git/knowvah/plantuml-ts/test-results/dot-cache/unknown/tipibu-04-cufe371
OK /Users/scottseely/git/knowvah/plantuml-ts/test-results/dot-cache/unknown/tirabi-23-xoka079
OK /Users/scottseely/git/knowvah/plantuml-ts/test-results/dot-cache/unknown/tireno-34-buta139
OK /Users/scottseely/git/knowvah/plantuml-ts/test-results/dot-cache/unknown/tiseze-53-gace410
OK /Users/scottseely/git/knowvah/plantuml-ts/test-results/dot-cache/unknown/titafe-19-sela022
OK /Users/scottseely/git/knowvah/plantuml-ts/test-results/dot-cache/unknown/titucu-21-vagi041
OK /Users/scottseely/git/knowvah/plantuml-ts/test-results/dot-cache/unknown/tmp1-1
OK /Users/scottseely/git/knowvah/plantuml-ts/test-results/dot-cache/unknown/tivado-46-vete823
OK /Users/scottseely/git/knowvah/plantuml-ts/test-results/dot-cache/unknown/tivezu-91-bevu722
OK /Users/scottseely/git/knowvah/plantuml-ts/test-results/dot-cache/unknown/tivifi-47-limi217
OK /Users/scottseely/git/knowvah/plantuml-ts/test-results/dot-cache/unknown/tobevo-04-mata128
OK /Users/scottseely/git/knowvah/plantuml-ts/test-results/dot-cache/unknown/todotu-20-zelo085
OK /Users/scottseely/git/knowvah/plantuml-ts/test-results/dot-cache/unknown/todozi-34-jire490
OK /Users/scottseely/git/knowvah/plantuml-ts/test-results/dot-cache/unknown/togijo-81-zako477
OK /Users/scottseely/git/knowvah/plantuml-ts/test-results/dot-cache/unknown/tomodo-34-bimi231
OK /Users/scottseely/git/knowvah/plantuml-ts/test-results/dot-cache/unknown/torazi-09-gago377
OK /Users/scottseely/git/knowvah/plantuml-ts/test-results/dot-cache/unknown/tonake-05-zibo183
OK /Users/scottseely/git/knowvah/plantuml-ts/test-results/dot-cache/unknown/topave-65-ceso890
OK /Users/scottseely/git/knowvah/plantuml-ts/test-results/dot-cache/unknown/toxeto-79-kile546
OK /Users/scottseely/git/knowvah/plantuml-ts/test-results/dot-cache/unknown/topopo-11-cuze939
OK /Users/scottseely/git/knowvah/plantuml-ts/test-results/dot-cache/unknown/toxore-88-ruso838
OK /Users/scottseely/git/knowvah/plantuml-ts/test-results/dot-cache/unknown/tozizu-96-voka262
OK /Users/scottseely/git/knowvah/plantuml-ts/test-results/dot-cache/unknown/tumepe-28-zuma441
OK /Users/scottseely/git/knowvah/plantuml-ts/test-results/dot-cache/unknown/tububo-41-kezo224
OK /Users/scottseely/git/knowvah/plantuml-ts/test-results/dot-cache/unknown/tufixe-50-zimu614
OK /Users/scottseely/git/knowvah/plantuml-ts/test-results/dot-cache/unknown/tukimi-92-noxu802
OK /Users/scottseely/git/knowvah/plantuml-ts/test-results/dot-cache/unknown/tumuke-16-xomo243
OK /Users/scottseely/git/knowvah/plantuml-ts/test-results/dot-cache/unknown/tuteda-60-toca657
OK /Users/scottseely/git/knowvah/plantuml-ts/test-results/dot-cache/unknown/tuvigo-52-redo102
OK /Users/scottseely/git/knowvah/plantuml-ts/test-results/dot-cache/unknown/vabobu-24-temi990
OK /Users/scottseely/git/knowvah/plantuml-ts/test-results/dot-cache/unknown/vacapo-27-kizu746
OK /Users/scottseely/git/knowvah/plantuml-ts/test-results/dot-cache/unknown/vacoli-38-suso931
OK /Users/scottseely/git/knowvah/plantuml-ts/test-results/dot-cache/unknown/vagipe-25-jafo132
OK /Users/scottseely/git/knowvah/plantuml-ts/test-results/dot-cache/unknown/vagipu-81-xuse929
OK /Users/scottseely/git/knowvah/plantuml-ts/test-results/dot-cache/unknown/vajaru-64-loni744
OK /Users/scottseely/git/knowvah/plantuml-ts/test-results/dot-cache/unknown/vakovo-25-licu237
OK /Users/scottseely/git/knowvah/plantuml-ts/test-results/dot-cache/unknown/vapelu-42-maba761
OK /Users/scottseely/git/knowvah/plantuml-ts/test-results/dot-cache/unknown/vasogu-32-getu521
OK /Users/scottseely/git/knowvah/plantuml-ts/test-results/dot-cache/unknown/vasuka-21-tugo253
OK /Users/scottseely/git/knowvah/plantuml-ts/test-results/dot-cache/unknown/vatifu-07-vaci182
OK /Users/scottseely/git/knowvah/plantuml-ts/test-results/dot-cache/unknown/vaxodu-91-komu816
OK /Users/scottseely/git/knowvah/plantuml-ts/test-results/dot-cache/unknown/vaxolu-89-boxo515
OK /Users/scottseely/git/knowvah/plantuml-ts/test-results/dot-cache/unknown/vecagi-21-zupe986
OK /Users/scottseely/git/knowvah/plantuml-ts/test-results/dot-cache/unknown/vedine-65-rafo449
OK /Users/scottseely/git/knowvah/plantuml-ts/test-results/dot-cache/unknown/vekena-36-deja977
OK /Users/scottseely/git/knowvah/plantuml-ts/test-results/dot-cache/unknown/velono-84-vude605
OK /Users/scottseely/git/knowvah/plantuml-ts/test-results/dot-cache/unknown/vemuti-86-jiga057
OK /Users/scottseely/git/knowvah/plantuml-ts/test-results/dot-cache/unknown/venofe-94-vopu657
OK /Users/scottseely/git/knowvah/plantuml-ts/test-results/dot-cache/unknown/vesuzo-97-jelo022
OK /Users/scottseely/git/knowvah/plantuml-ts/test-results/dot-cache/unknown/vevako-05-kula611
OK /Users/scottseely/git/knowvah/plantuml-ts/test-results/dot-cache/unknown/vevali-53-jiri075
OK /Users/scottseely/git/knowvah/plantuml-ts/test-results/dot-cache/unknown/vexebu-65-caxe283
OK /Users/scottseely/git/knowvah/plantuml-ts/test-results/dot-cache/unknown/vezozu-78-pici074
OK /Users/scottseely/git/knowvah/plantuml-ts/test-results/dot-cache/unknown/vijuce-20-xapo285
OK /Users/scottseely/git/knowvah/plantuml-ts/test-results/dot-cache/unknown/vilona-32-jusa967
OK /Users/scottseely/git/knowvah/plantuml-ts/test-results/dot-cache/unknown/vinefa-69-lufo631
OK /Users/scottseely/git/knowvah/plantuml-ts/test-results/dot-cache/unknown/viraki-97-kido395
OK /Users/scottseely/git/knowvah/plantuml-ts/test-results/dot-cache/unknown/vivoba-16-deze072
OK /Users/scottseely/git/knowvah/plantuml-ts/test-results/dot-cache/unknown/vocago-35-xodu446
RENAMED /Users/scottseely/git/knowvah/plantuml-ts/test-results/dot-cache/unknown/vocalo-20-dixu237 math-Page-3.svg
OK /Users/scottseely/git/knowvah/plantuml-ts/test-results/dot-cache/unknown/vofomo-62-gure525
OK /Users/scottseely/git/knowvah/plantuml-ts/test-results/dot-cache/unknown/votafe-10-fixa830
OK /Users/scottseely/git/knowvah/plantuml-ts/test-results/dot-cache/unknown/vovipa-79-gapu674
OK /Users/scottseely/git/knowvah/plantuml-ts/test-results/dot-cache/unknown/vozeco-89-kune515
OK /Users/scottseely/git/knowvah/plantuml-ts/test-results/dot-cache/unknown/vozubi-21-seto654
OK /Users/scottseely/git/knowvah/plantuml-ts/test-results/dot-cache/unknown/vugaso-74-supa801
OK /Users/scottseely/git/knowvah/plantuml-ts/test-results/dot-cache/unknown/vugasu-31-koca724
OK /Users/scottseely/git/knowvah/plantuml-ts/test-results/dot-cache/unknown/vugime-87-zabe159
OK /Users/scottseely/git/knowvah/plantuml-ts/test-results/dot-cache/unknown/vujalo-62-paji974
OK /Users/scottseely/git/knowvah/plantuml-ts/test-results/dot-cache/unknown/vuneti-03-madi874
OK /Users/scottseely/git/knowvah/plantuml-ts/test-results/dot-cache/unknown/vupupa-98-pelo131
OK /Users/scottseely/git/knowvah/plantuml-ts/test-results/dot-cache/unknown/vusopa-96-tero462
OK /Users/scottseely/git/knowvah/plantuml-ts/test-results/dot-cache/unknown/vuvave-27-saki879
OK /Users/scottseely/git/knowvah/plantuml-ts/test-results/dot-cache/unknown/vuxexo-42-fija881
OK /Users/scottseely/git/knowvah/plantuml-ts/test-results/dot-cache/unknown/xadudi-62-pupa491
OK /Users/scottseely/git/knowvah/plantuml-ts/test-results/dot-cache/unknown/xagabo-19-cege045
OK /Users/scottseely/git/knowvah/plantuml-ts/test-results/dot-cache/unknown/xagomi-49-caki729
OK /Users/scottseely/git/knowvah/plantuml-ts/test-results/dot-cache/unknown/xagonu-36-sudi116
OK /Users/scottseely/git/knowvah/plantuml-ts/test-results/dot-cache/unknown/xalivi-74-gonu283
OK /Users/scottseely/git/knowvah/plantuml-ts/test-results/dot-cache/unknown/xamive-55-lipi586
RENAMED /Users/scottseely/git/knowvah/plantuml-ts/test-results/dot-cache/unknown/xanuke-94-tope429 math-Page-5.svg
OK /Users/scottseely/git/knowvah/plantuml-ts/test-results/dot-cache/unknown/xapuji-91-dagu145
OK /Users/scottseely/git/knowvah/plantuml-ts/test-results/dot-cache/unknown/xariko-97-zuno323
OK /Users/scottseely/git/knowvah/plantuml-ts/test-results/dot-cache/unknown/xasanu-61-guze787
OK /Users/scottseely/git/knowvah/plantuml-ts/test-results/dot-cache/unknown/xavefa-87-tabi094
OK /Users/scottseely/git/knowvah/plantuml-ts/test-results/dot-cache/unknown/xaxene-93-doka767
OK /Users/scottseely/git/knowvah/plantuml-ts/test-results/dot-cache/unknown/xazave-85-nare716
OK /Users/scottseely/git/knowvah/plantuml-ts/test-results/dot-cache/unknown/xebuce-87-poba093
OK /Users/scottseely/git/knowvah/plantuml-ts/test-results/dot-cache/unknown/xefuma-94-cura811
OK /Users/scottseely/git/knowvah/plantuml-ts/test-results/dot-cache/unknown/xejuke-02-vale981
OK /Users/scottseely/git/knowvah/plantuml-ts/test-results/dot-cache/unknown/xelumo-69-cuge217
OK /Users/scottseely/git/knowvah/plantuml-ts/test-results/dot-cache/unknown/xemeke-75-copu190
OK /Users/scottseely/git/knowvah/plantuml-ts/test-results/dot-cache/unknown/xemoba-72-xuvi441
OK /Users/scottseely/git/knowvah/plantuml-ts/test-results/dot-cache/unknown/xerumu-58-sava024
OK /Users/scottseely/git/knowvah/plantuml-ts/test-results/dot-cache/unknown/xesepu-10-biza064
OK /Users/scottseely/git/knowvah/plantuml-ts/test-results/dot-cache/unknown/xeseve-00-tipa730
OK /Users/scottseely/git/knowvah/plantuml-ts/test-results/dot-cache/unknown/xevumo-18-luvo279
OK /Users/scottseely/git/knowvah/plantuml-ts/test-results/dot-cache/unknown/xibuvu-39-nasi818
OK /Users/scottseely/git/knowvah/plantuml-ts/test-results/dot-cache/unknown/xicili-92-foke737
OK /Users/scottseely/git/knowvah/plantuml-ts/test-results/dot-cache/unknown/xidaxi-41-niti333
OK /Users/scottseely/git/knowvah/plantuml-ts/test-results/dot-cache/unknown/xigele-78-sija109
OK /Users/scottseely/git/knowvah/plantuml-ts/test-results/dot-cache/unknown/xigumi-63-ranu028
OK /Users/scottseely/git/knowvah/plantuml-ts/test-results/dot-cache/unknown/xikefu-26-vora536
OK /Users/scottseely/git/knowvah/plantuml-ts/test-results/dot-cache/unknown/xipane-40-dune740
OK /Users/scottseely/git/knowvah/plantuml-ts/test-results/dot-cache/unknown/xipazi-55-naxo709
OK /Users/scottseely/git/knowvah/plantuml-ts/test-results/dot-cache/unknown/xisora-84-faca166
OK /Users/scottseely/git/knowvah/plantuml-ts/test-results/dot-cache/unknown/xonedu-05-mubu593
OK /Users/scottseely/git/knowvah/plantuml-ts/test-results/dot-cache/unknown/xovudi-74-juce659
OK /Users/scottseely/git/knowvah/plantuml-ts/test-results/dot-cache/unknown/xozane-18-becu956
OK /Users/scottseely/git/knowvah/plantuml-ts/test-results/dot-cache/unknown/xozonu-96-nota512
OK /Users/scottseely/git/knowvah/plantuml-ts/test-results/dot-cache/unknown/xubabi-00-bike493
OK /Users/scottseely/git/knowvah/plantuml-ts/test-results/dot-cache/unknown/xucero-03-kixi746
OK /Users/scottseely/git/knowvah/plantuml-ts/test-results/dot-cache/unknown/xucika-16-zago215
OK /Users/scottseely/git/knowvah/plantuml-ts/test-results/dot-cache/unknown/xucoma-93-jeko861
OK /Users/scottseely/git/knowvah/plantuml-ts/test-results/dot-cache/unknown/xucura-15-fuxu925
OK /Users/scottseely/git/knowvah/plantuml-ts/test-results/dot-cache/unknown/xujebo-87-nade992
OK /Users/scottseely/git/knowvah/plantuml-ts/test-results/dot-cache/unknown/xukofa-63-ropa738
OK /Users/scottseely/git/knowvah/plantuml-ts/test-results/dot-cache/unknown/xukono-55-nezi535
OK /Users/scottseely/git/knowvah/plantuml-ts/test-results/dot-cache/unknown/xuloxo-85-vibu502
OK /Users/scottseely/git/knowvah/plantuml-ts/test-results/dot-cache/unknown/xupiko-87-dafi146
OK /Users/scottseely/git/knowvah/plantuml-ts/test-results/dot-cache/unknown/xurivi-47-gupo448
OK /Users/scottseely/git/knowvah/plantuml-ts/test-results/dot-cache/unknown/xurozi-64-zaci349
OK /Users/scottseely/git/knowvah/plantuml-ts/test-results/dot-cache/unknown/xusuxi-66-zaci221
OK /Users/scottseely/git/knowvah/plantuml-ts/test-results/dot-cache/unknown/xuxugi-47-vuzu867
OK /Users/scottseely/git/knowvah/plantuml-ts/test-results/dot-cache/unknown/zaburu-47-dala032
OK /Users/scottseely/git/knowvah/plantuml-ts/test-results/dot-cache/unknown/zakaca-67-paxe321
OK /Users/scottseely/git/knowvah/plantuml-ts/test-results/dot-cache/unknown/zakuke-30-sobi867
OK /Users/scottseely/git/knowvah/plantuml-ts/test-results/dot-cache/unknown/zamiba-19-zafa358
OK /Users/scottseely/git/knowvah/plantuml-ts/test-results/dot-cache/unknown/zanaco-20-fudo468
OK /Users/scottseely/git/knowvah/plantuml-ts/test-results/dot-cache/unknown/zarelu-57-xika172
OK /Users/scottseely/git/knowvah/plantuml-ts/test-results/dot-cache/unknown/zeceme-22-rade890
OK /Users/scottseely/git/knowvah/plantuml-ts/test-results/dot-cache/unknown/zasuxe-15-lugo662
OK /Users/scottseely/git/knowvah/plantuml-ts/test-results/dot-cache/unknown/zaxavo-08-rake498
OK /Users/scottseely/git/knowvah/plantuml-ts/test-results/dot-cache/unknown/zaxuce-77-ziti117
OK /Users/scottseely/git/knowvah/plantuml-ts/test-results/dot-cache/unknown/zecate-11-guta563
OK /Users/scottseely/git/knowvah/plantuml-ts/test-results/dot-cache/unknown/zelini-86-gelo257
OK /Users/scottseely/git/knowvah/plantuml-ts/test-results/dot-cache/unknown/zedena-31-deso122
OK /Users/scottseely/git/knowvah/plantuml-ts/test-results/dot-cache/unknown/zefefo-37-xigo245
OK /Users/scottseely/git/knowvah/plantuml-ts/test-results/dot-cache/unknown/zeleni-35-xuzo854
OK /Users/scottseely/git/knowvah/plantuml-ts/test-results/dot-cache/unknown/zetebu-58-capa762
OK /Users/scottseely/git/knowvah/plantuml-ts/test-results/dot-cache/unknown/zeluge-00-cofi214
OK /Users/scottseely/git/knowvah/plantuml-ts/test-results/dot-cache/unknown/zelura-55-pasa982
OK /Users/scottseely/git/knowvah/plantuml-ts/test-results/dot-cache/unknown/zepoxo-18-kefi748
OK /Users/scottseely/git/knowvah/plantuml-ts/test-results/dot-cache/unknown/zeraje-11-semu839
OK /Users/scottseely/git/knowvah/plantuml-ts/test-results/dot-cache/unknown/zetedu-83-bugu867
OK /Users/scottseely/git/knowvah/plantuml-ts/test-results/dot-cache/unknown/zicejo-69-teko349
OK /Users/scottseely/git/knowvah/plantuml-ts/test-results/dot-cache/unknown/zevece-09-cono092
OK /Users/scottseely/git/knowvah/plantuml-ts/test-results/dot-cache/unknown/zexaxa-41-kaki432
RENAMED /Users/scottseely/git/knowvah/plantuml-ts/test-results/dot-cache/unknown/ziboza-73-cexo876 math-Page-7.svg
OK /Users/scottseely/git/knowvah/plantuml-ts/test-results/dot-cache/unknown/zicepa-25-ciri712
OK /Users/scottseely/git/knowvah/plantuml-ts/test-results/dot-cache/unknown/zimuxu-52-lazi274
OK /Users/scottseely/git/knowvah/plantuml-ts/test-results/dot-cache/unknown/zinisu-57-buma865
OK /Users/scottseely/git/knowvah/plantuml-ts/test-results/dot-cache/unknown/ziruri-42-maxo237
OK /Users/scottseely/git/knowvah/plantuml-ts/test-results/dot-cache/unknown/zisizi-13-nuxe218
OK /Users/scottseely/git/knowvah/plantuml-ts/test-results/dot-cache/unknown/zivebo-26-nagu813
OK /Users/scottseely/git/knowvah/plantuml-ts/test-results/dot-cache/unknown/zivenu-37-nace681
OK /Users/scottseely/git/knowvah/plantuml-ts/test-results/dot-cache/unknown/zivilu-35-leja732
OK /Users/scottseely/git/knowvah/plantuml-ts/test-results/dot-cache/unknown/zixuta-02-suzo281
OK /Users/scottseely/git/knowvah/plantuml-ts/test-results/dot-cache/unknown/zocefi-61-vunu811
OK /Users/scottseely/git/knowvah/plantuml-ts/test-results/dot-cache/unknown/zodude-13-tito074
OK /Users/scottseely/git/knowvah/plantuml-ts/test-results/dot-cache/unknown/zodeja-60-gide950
OK /Users/scottseely/git/knowvah/plantuml-ts/test-results/dot-cache/unknown/zodela-36-sica712
OK /Users/scottseely/git/knowvah/plantuml-ts/test-results/dot-cache/unknown/zogizu-64-febi743
OK /Users/scottseely/git/knowvah/plantuml-ts/test-results/dot-cache/unknown/zoguvu-43-vami815
OK /Users/scottseely/git/knowvah/plantuml-ts/test-results/dot-cache/unknown/zolaza-45-sepi570
OK /Users/scottseely/git/knowvah/plantuml-ts/test-results/dot-cache/unknown/zomoba-18-raka718
OK /Users/scottseely/git/knowvah/plantuml-ts/test-results/dot-cache/unknown/zonamu-61-kocu599
OK /Users/scottseely/git/knowvah/plantuml-ts/test-results/dot-cache/unknown/zopebe-86-xusi460
OK /Users/scottseely/git/knowvah/plantuml-ts/test-results/dot-cache/unknown/zosacu-94-gico849
OK /Users/scottseely/git/knowvah/plantuml-ts/test-results/dot-cache/unknown/zovemu-18-keki646
OK /Users/scottseely/git/knowvah/plantuml-ts/test-results/dot-cache/unknown/zovija-41-tocu113
OK /Users/scottseely/git/knowvah/plantuml-ts/test-results/dot-cache/unknown/zovojo-65-gocu245
OK /Users/scottseely/git/knowvah/plantuml-ts/test-results/dot-cache/unknown/zozale-62-xene777
OK /Users/scottseely/git/knowvah/plantuml-ts/test-results/dot-cache/unknown/zugazo-84-raju675
OK /Users/scottseely/git/knowvah/plantuml-ts/test-results/dot-cache/unknown/zoziko-62-toko934
OK /Users/scottseely/git/knowvah/plantuml-ts/test-results/dot-cache/unknown/zucave-84-moki390
OK /Users/scottseely/git/knowvah/plantuml-ts/test-results/dot-cache/unknown/zucixi-23-seni671
OK /Users/scottseely/git/knowvah/plantuml-ts/test-results/dot-cache/unknown/zufefe-09-fifa419
OK /Users/scottseely/git/knowvah/plantuml-ts/test-results/dot-cache/unknown/zumuji-10-tixo987
OK /Users/scottseely/git/knowvah/plantuml-ts/test-results/dot-cache/unknown/zumuvu-52-jure458
OK /Users/scottseely/git/knowvah/plantuml-ts/test-results/dot-cache/unknown/zupagu-81-pona636
OK /Users/scottseely/git/knowvah/plantuml-ts/test-results/dot-cache/unknown/zuropa-39-cada269
OK /Users/scottseely/git/knowvah/plantuml-ts/test-results/dot-cache/unknown/zurule-27-guko881
OK /Users/scottseely/git/knowvah/plantuml-ts/test-results/dot-cache/unknown/zusibo-75-vate603
OK /Users/scottseely/git/knowvah/plantuml-ts/test-results/dot-cache/unknown/zusubu-74-ruce269
OK /Users/scottseely/git/knowvah/plantuml-ts/test-results/dot-cache/usecase/baxodi-80-doto381
OK /Users/scottseely/git/knowvah/plantuml-ts/test-results/dot-cache/usecase/berufi-69-dara369
OK /Users/scottseely/git/knowvah/plantuml-ts/test-results/dot-cache/usecase/bivira-53-boja685
OK /Users/scottseely/git/knowvah/plantuml-ts/test-results/dot-cache/usecase/bixofa-44-siso224
OK /Users/scottseely/git/knowvah/plantuml-ts/test-results/dot-cache/usecase/bobije-35-nigi914
OK /Users/scottseely/git/knowvah/plantuml-ts/test-results/dot-cache/usecase/bootstrap-0
OK /Users/scottseely/git/knowvah/plantuml-ts/test-results/dot-cache/usecase/camevo-41-suki094
OK /Users/scottseely/git/knowvah/plantuml-ts/test-results/dot-cache/usecase/cevuji-49-bile305
OK /Users/scottseely/git/knowvah/plantuml-ts/test-results/dot-cache/usecase/cimare-47-deke334
OK /Users/scottseely/git/knowvah/plantuml-ts/test-results/dot-cache/usecase/cizolo-88-lake154
OK /Users/scottseely/git/knowvah/plantuml-ts/test-results/dot-cache/usecase/cobuju-30-paxo591
OK /Users/scottseely/git/knowvah/plantuml-ts/test-results/dot-cache/usecase/cuzuci-92-dugi933
OK /Users/scottseely/git/knowvah/plantuml-ts/test-results/dot-cache/usecase/depabo-06-kato214
OK /Users/scottseely/git/knowvah/plantuml-ts/test-results/dot-cache/usecase/dijico-15-cabu824
OK /Users/scottseely/git/knowvah/plantuml-ts/test-results/dot-cache/usecase/dipixi-71-nuga611
OK /Users/scottseely/git/knowvah/plantuml-ts/test-results/dot-cache/usecase/dopova-50-digo290
OK /Users/scottseely/git/knowvah/plantuml-ts/test-results/dot-cache/usecase/exposant-02-usecase
OK /Users/scottseely/git/knowvah/plantuml-ts/test-results/dot-cache/usecase/fajira-11-xada239
OK /Users/scottseely/git/knowvah/plantuml-ts/test-results/dot-cache/usecase/fariba-82-xolu802
OK /Users/scottseely/git/knowvah/plantuml-ts/test-results/dot-cache/usecase/fepuvo-06-rugi981
OK /Users/scottseely/git/knowvah/plantuml-ts/test-results/dot-cache/usecase/fogiku-22-gone205
OK /Users/scottseely/git/knowvah/plantuml-ts/test-results/dot-cache/usecase/fosito-02-fegi991
OK /Users/scottseely/git/knowvah/plantuml-ts/test-results/dot-cache/usecase/fotisa-06-xipe681
OK /Users/scottseely/git/knowvah/plantuml-ts/test-results/dot-cache/usecase/fubaje-48-xaje065
OK /Users/scottseely/git/knowvah/plantuml-ts/test-results/dot-cache/usecase/fumitu-00-reji589
OK /Users/scottseely/git/knowvah/plantuml-ts/test-results/dot-cache/usecase/funeme-74-tenu200
OK /Users/scottseely/git/knowvah/plantuml-ts/test-results/dot-cache/usecase/fuvosu-10-lixu251
OK /Users/scottseely/git/knowvah/plantuml-ts/test-results/dot-cache/usecase/gigofe-94-zepe032
OK /Users/scottseely/git/knowvah/plantuml-ts/test-results/dot-cache/usecase/gogamo-72-pibo470
OK /Users/scottseely/git/knowvah/plantuml-ts/test-results/dot-cache/usecase/jafuke-47-xepe403
OK /Users/scottseely/git/knowvah/plantuml-ts/test-results/dot-cache/usecase/jecici-56-bimu826
OK /Users/scottseely/git/knowvah/plantuml-ts/test-results/dot-cache/usecase/kafexo-72-xupa679
OK /Users/scottseely/git/knowvah/plantuml-ts/test-results/dot-cache/usecase/kevipe-39-gaji640
OK /Users/scottseely/git/knowvah/plantuml-ts/test-results/dot-cache/usecase/kijufe-84-colu239
OK /Users/scottseely/git/knowvah/plantuml-ts/test-results/dot-cache/usecase/kobasu-11-difo566
OK /Users/scottseely/git/knowvah/plantuml-ts/test-results/dot-cache/usecase/kofuca-08-pafi749
OK /Users/scottseely/git/knowvah/plantuml-ts/test-results/dot-cache/usecase/kolibo-58-rata251
OK /Users/scottseely/git/knowvah/plantuml-ts/test-results/dot-cache/usecase/komivo-22-toki497
OK /Users/scottseely/git/knowvah/plantuml-ts/test-results/dot-cache/usecase/kovaxi-11-reti348
OK /Users/scottseely/git/knowvah/plantuml-ts/test-results/dot-cache/usecase/lirebi-26-voka556
OK /Users/scottseely/git/knowvah/plantuml-ts/test-results/dot-cache/usecase/lizutu-99-mapa855
OK /Users/scottseely/git/knowvah/plantuml-ts/test-results/dot-cache/usecase/lunexo-59-fupo775
OK /Users/scottseely/git/knowvah/plantuml-ts/test-results/dot-cache/usecase/majuma-84-loma401
OK /Users/scottseely/git/knowvah/plantuml-ts/test-results/dot-cache/usecase/malumi-33-safu797
OK /Users/scottseely/git/knowvah/plantuml-ts/test-results/dot-cache/usecase/mofuba-79-came821
OK /Users/scottseely/git/knowvah/plantuml-ts/test-results/dot-cache/usecase/mogidu-85-roxe269
OK /Users/scottseely/git/knowvah/plantuml-ts/test-results/dot-cache/usecase/molopu-64-totu560
OK /Users/scottseely/git/knowvah/plantuml-ts/test-results/dot-cache/usecase/mopimi-10-jaco443
OK /Users/scottseely/git/knowvah/plantuml-ts/test-results/dot-cache/usecase/mutere-78-geko363
OK /Users/scottseely/git/knowvah/plantuml-ts/test-results/dot-cache/usecase/nenedo-78-fiva569
OK /Users/scottseely/git/knowvah/plantuml-ts/test-results/dot-cache/usecase/nipapu-74-roro938
OK /Users/scottseely/git/knowvah/plantuml-ts/test-results/dot-cache/usecase/nixura-77-bina738
OK /Users/scottseely/git/knowvah/plantuml-ts/test-results/dot-cache/usecase/nobiza-91-fimo741
OK /Users/scottseely/git/knowvah/plantuml-ts/test-results/dot-cache/usecase/norebe-58-bixu182
OK /Users/scottseely/git/knowvah/plantuml-ts/test-results/dot-cache/usecase/pecupa-75-zote612
OK /Users/scottseely/git/knowvah/plantuml-ts/test-results/dot-cache/usecase/pivudu-29-pele178
OK /Users/scottseely/git/knowvah/plantuml-ts/test-results/dot-cache/usecase/rabida-94-kula497
OK /Users/scottseely/git/knowvah/plantuml-ts/test-results/dot-cache/usecase/ridola-99-jija391
OK /Users/scottseely/git/knowvah/plantuml-ts/test-results/dot-cache/usecase/robiga-73-tedi466
OK /Users/scottseely/git/knowvah/plantuml-ts/test-results/dot-cache/usecase/rokipo-88-sece008
OK /Users/scottseely/git/knowvah/plantuml-ts/test-results/dot-cache/usecase/ruziru-69-xixo434
OK /Users/scottseely/git/knowvah/plantuml-ts/test-results/dot-cache/usecase/sadeja-25-tina867
OK /Users/scottseely/git/knowvah/plantuml-ts/test-results/dot-cache/usecase/saduja-80-goba120
OK /Users/scottseely/git/knowvah/plantuml-ts/test-results/dot-cache/usecase/samicu-23-rula038
OK /Users/scottseely/git/knowvah/plantuml-ts/test-results/dot-cache/usecase/seline-83-vifi756
OK /Users/scottseely/git/knowvah/plantuml-ts/test-results/dot-cache/usecase/seneso-72-cuje674
OK /Users/scottseely/git/knowvah/plantuml-ts/test-results/dot-cache/usecase/sidame-35-cozu078
OK /Users/scottseely/git/knowvah/plantuml-ts/test-results/dot-cache/usecase/sivamo-20-gaga179
OK /Users/scottseely/git/knowvah/plantuml-ts/test-results/dot-cache/usecase/sotine-10-lore970
OK /Users/scottseely/git/knowvah/plantuml-ts/test-results/dot-cache/usecase/sprite-SVG-fill-management-3
OK /Users/scottseely/git/knowvah/plantuml-ts/test-results/dot-cache/usecase/sprite-svg-archimate-0
OK /Users/scottseely/git/knowvah/plantuml-ts/test-results/dot-cache/usecase/sprite-svg-bootstrap-0
OK /Users/scottseely/git/knowvah/plantuml-ts/test-results/dot-cache/usecase/sprite-svg-multiline-0
OK /Users/scottseely/git/knowvah/plantuml-ts/test-results/dot-cache/usecase/style-stereotype-on-arrow-0
OK /Users/scottseely/git/knowvah/plantuml-ts/test-results/dot-cache/usecase/sumata-59-zavu229
OK /Users/scottseely/git/knowvah/plantuml-ts/test-results/dot-cache/usecase/tanuna-53-neko979
OK /Users/scottseely/git/knowvah/plantuml-ts/test-results/dot-cache/usecase/tatori-66-kaci883
OK /Users/scottseely/git/knowvah/plantuml-ts/test-results/dot-cache/usecase/togeke-15-zala124
OK /Users/scottseely/git/knowvah/plantuml-ts/test-results/dot-cache/usecase/tozubi-37-feze715
OK /Users/scottseely/git/knowvah/plantuml-ts/test-results/dot-cache/usecase/vibunu-17-guso486
OK /Users/scottseely/git/knowvah/plantuml-ts/test-results/dot-cache/usecase/vivido-49-nisu863
OK /Users/scottseely/git/knowvah/plantuml-ts/test-results/dot-cache/usecase/xacaxe-43-bupe002
OK /Users/scottseely/git/knowvah/plantuml-ts/test-results/dot-cache/usecase/xegapu-80-damu730
OK /Users/scottseely/git/knowvah/plantuml-ts/test-results/dot-cache/usecase/xeluxu-64-fozo131
OK /Users/scottseely/git/knowvah/plantuml-ts/test-results/dot-cache/usecase/xixaca-96-nene831
OK /Users/scottseely/git/knowvah/plantuml-ts/test-results/dot-cache/usecase/xoculo-95-fuvi894
OK /Users/scottseely/git/knowvah/plantuml-ts/test-results/dot-cache/usecase/xonafo-10-moki423
OK /Users/scottseely/git/knowvah/plantuml-ts/test-results/dot-cache/usecase/xozabi-42-pixa842
OK /Users/scottseely/git/knowvah/plantuml-ts/test-results/dot-cache/usecase/zacute-55-zece399
OK /Users/scottseely/git/knowvah/plantuml-ts/test-results/dot-cache/usecase/zavitu-69-cemu013
OK /Users/scottseely/git/knowvah/plantuml-ts/test-results/dot-cache/usecase/zidebi-71-nocu387
OK /Users/scottseely/git/knowvah/plantuml-ts/test-results/dot-cache/usecase/zilisi-99-rate911
OK /Users/scottseely/git/knowvah/plantuml-ts/test-results/dot-cache/usecase/zoriso-46-vata931
OK /Users/scottseely/git/knowvah/plantuml-ts/test-results/dot-cache/usecase/zotiru-33-legi180
OK /Users/scottseely/git/knowvah/plantuml-ts/test-results/dot-cache/wbs/WBS-arrow-0
OK /Users/scottseely/git/knowvah/plantuml-ts/test-results/dot-cache/wbs/WBS-arrow-depending-leaf-direction-0
OK /Users/scottseely/git/knowvah/plantuml-ts/test-results/dot-cache/wbs/WBS-arrow-depending-leaf-direction-1
OK /Users/scottseely/git/knowvah/plantuml-ts/test-results/dot-cache/wbs/WBS-arrow-depending-leaf-direction-2
OK /Users/scottseely/git/knowvah/plantuml-ts/test-results/dot-cache/wbs/WBS-arrow-depending-leaf-direction-3
OK /Users/scottseely/git/knowvah/plantuml-ts/test-results/dot-cache/wbs/WBS-arrow-depending-leaf-direction-4
OK /Users/scottseely/git/knowvah/plantuml-ts/test-results/dot-cache/wbs/WBS-arrow-depending-leaf-direction-5
OK /Users/scottseely/git/knowvah/plantuml-ts/test-results/dot-cache/wbs/WBS-arrow-depending-leaf-direction-6
OK /Users/scottseely/git/knowvah/plantuml-ts/test-results/dot-cache/wbs/WBS-direction-0
OK /Users/scottseely/git/knowvah/plantuml-ts/test-results/dot-cache/wbs/WBS-easter-egg-0
OK /Users/scottseely/git/knowvah/plantuml-ts/test-results/dot-cache/wbs/WBS-monoline-def-0-11
OK /Users/scottseely/git/knowvah/plantuml-ts/test-results/dot-cache/wbs/WBS-easter-egg-1
OK /Users/scottseely/git/knowvah/plantuml-ts/test-results/dot-cache/wbs/WBS-monoline-def-0-0
OK /Users/scottseely/git/knowvah/plantuml-ts/test-results/dot-cache/wbs/WBS-monoline-def-0-1
OK /Users/scottseely/git/knowvah/plantuml-ts/test-results/dot-cache/wbs/WBS-monoline-def-0-10
OK /Users/scottseely/git/knowvah/plantuml-ts/test-results/dot-cache/wbs/WBS-monoline-def-0-17
OK /Users/scottseely/git/knowvah/plantuml-ts/test-results/dot-cache/wbs/WBS-monoline-def-0-12
OK /Users/scottseely/git/knowvah/plantuml-ts/test-results/dot-cache/wbs/WBS-monoline-def-0-13
OK /Users/scottseely/git/knowvah/plantuml-ts/test-results/dot-cache/wbs/WBS-monoline-def-0-14
OK /Users/scottseely/git/knowvah/plantuml-ts/test-results/dot-cache/wbs/WBS-monoline-def-0-15
OK /Users/scottseely/git/knowvah/plantuml-ts/test-results/dot-cache/wbs/WBS-monoline-def-0-16
OK /Users/scottseely/git/knowvah/plantuml-ts/test-results/dot-cache/wbs/WBS-monoline-def-0-18
OK /Users/scottseely/git/knowvah/plantuml-ts/test-results/dot-cache/wbs/WBS-monoline-def-0-19
OK /Users/scottseely/git/knowvah/plantuml-ts/test-results/dot-cache/wbs/WBS-monoline-def-0-2
OK /Users/scottseely/git/knowvah/plantuml-ts/test-results/dot-cache/wbs/WBS-monoline-def-0-20
OK /Users/scottseely/git/knowvah/plantuml-ts/test-results/dot-cache/wbs/WBS-monoline-def-0-21
OK /Users/scottseely/git/knowvah/plantuml-ts/test-results/dot-cache/wbs/WBS-monoline-def-0-3
OK /Users/scottseely/git/knowvah/plantuml-ts/test-results/dot-cache/wbs/WBS-monoline-def-0-24
OK /Users/scottseely/git/knowvah/plantuml-ts/test-results/dot-cache/wbs/WBS-monoline-def-0-22
OK /Users/scottseely/git/knowvah/plantuml-ts/test-results/dot-cache/wbs/WBS-monoline-def-0-6
OK /Users/scottseely/git/knowvah/plantuml-ts/test-results/dot-cache/wbs/WBS-monoline-def-0-23
OK /Users/scottseely/git/knowvah/plantuml-ts/test-results/dot-cache/wbs/WBS-monoline-def-0-4
OK /Users/scottseely/git/knowvah/plantuml-ts/test-results/dot-cache/wbs/WBS-monoline-def-0-5
OK /Users/scottseely/git/knowvah/plantuml-ts/test-results/dot-cache/wbs/WBS-monoline-def-0-7
OK /Users/scottseely/git/knowvah/plantuml-ts/test-results/dot-cache/wbs/WBS-monoline-def-0-8
OK /Users/scottseely/git/knowvah/plantuml-ts/test-results/dot-cache/wbs/WBS-monoline-def-0-9
OK /Users/scottseely/git/knowvah/plantuml-ts/test-results/dot-cache/wbs/WBS-multiline-def-0-0
OK /Users/scottseely/git/knowvah/plantuml-ts/test-results/dot-cache/wbs/WBS-multiline-def-0-1
OK /Users/scottseely/git/knowvah/plantuml-ts/test-results/dot-cache/wbs/WBS-multiline-def-1-0
OK /Users/scottseely/git/knowvah/plantuml-ts/test-results/dot-cache/wbs/WBS-multiline-def-1-1
OK /Users/scottseely/git/knowvah/plantuml-ts/test-results/dot-cache/wbs/WBS-multiline-def-1-14
OK /Users/scottseely/git/knowvah/plantuml-ts/test-results/dot-cache/wbs/WBS-multiline-def-1-10
OK /Users/scottseely/git/knowvah/plantuml-ts/test-results/dot-cache/wbs/WBS-multiline-def-1-15
OK /Users/scottseely/git/knowvah/plantuml-ts/test-results/dot-cache/wbs/WBS-multiline-def-1-11
OK /Users/scottseely/git/knowvah/plantuml-ts/test-results/dot-cache/wbs/WBS-multiline-def-1-12
OK /Users/scottseely/git/knowvah/plantuml-ts/test-results/dot-cache/wbs/WBS-multiline-def-1-13
OK /Users/scottseely/git/knowvah/plantuml-ts/test-results/dot-cache/wbs/WBS-multiline-def-1-16
OK /Users/scottseely/git/knowvah/plantuml-ts/test-results/dot-cache/wbs/WBS-multiline-def-1-17
OK /Users/scottseely/git/knowvah/plantuml-ts/test-results/dot-cache/wbs/WBS-multiline-def-1-18
OK /Users/scottseely/git/knowvah/plantuml-ts/test-results/dot-cache/wbs/WBS-multiline-def-1-19
OK /Users/scottseely/git/knowvah/plantuml-ts/test-results/dot-cache/wbs/WBS-multiline-def-1-21
OK /Users/scottseely/git/knowvah/plantuml-ts/test-results/dot-cache/wbs/WBS-multiline-def-1-3
OK /Users/scottseely/git/knowvah/plantuml-ts/test-results/dot-cache/wbs/WBS-multiline-def-1-2
OK /Users/scottseely/git/knowvah/plantuml-ts/test-results/dot-cache/wbs/WBS-multiline-def-1-8
OK /Users/scottseely/git/knowvah/plantuml-ts/test-results/dot-cache/wbs/WBS-multiline-def-1-20
OK /Users/scottseely/git/knowvah/plantuml-ts/test-results/dot-cache/wbs/WBS-multiline-def-1-4
OK /Users/scottseely/git/knowvah/plantuml-ts/test-results/dot-cache/wbs/WBS-multiline-def-1-5
OK /Users/scottseely/git/knowvah/plantuml-ts/test-results/dot-cache/wbs/WBS-multiline-def-1-6
OK /Users/scottseely/git/knowvah/plantuml-ts/test-results/dot-cache/wbs/WBS-multiline-def-1-7
OK /Users/scottseely/git/knowvah/plantuml-ts/test-results/dot-cache/wbs/WBS-multiline-def-1-9
OK /Users/scottseely/git/knowvah/plantuml-ts/test-results/dot-cache/wbs/bacole-35-fiki903
OK /Users/scottseely/git/knowvah/plantuml-ts/test-results/dot-cache/wbs/bigare-83-rupe735
OK /Users/scottseely/git/knowvah/plantuml-ts/test-results/dot-cache/wbs/bikopa-92-joza078
OK /Users/scottseely/git/knowvah/plantuml-ts/test-results/dot-cache/wbs/bizele-33-tubi926
OK /Users/scottseely/git/knowvah/plantuml-ts/test-results/dot-cache/wbs/bujigo-66-zepu613
OK /Users/scottseely/git/knowvah/plantuml-ts/test-results/dot-cache/wbs/cesoke-21-muro498
OK /Users/scottseely/git/knowvah/plantuml-ts/test-results/dot-cache/wbs/bizepe-66-putu551
OK /Users/scottseely/git/knowvah/plantuml-ts/test-results/dot-cache/wbs/bonina-19-baje036
OK /Users/scottseely/git/knowvah/plantuml-ts/test-results/dot-cache/wbs/cofele-91-sanu676
OK /Users/scottseely/git/knowvah/plantuml-ts/test-results/dot-cache/wbs/cupuri-11-piru303
OK /Users/scottseely/git/knowvah/plantuml-ts/test-results/dot-cache/wbs/cijugo-75-butu330
OK /Users/scottseely/git/knowvah/plantuml-ts/test-results/dot-cache/wbs/codalo-68-gere629
OK /Users/scottseely/git/knowvah/plantuml-ts/test-results/dot-cache/wbs/cogalo-85-side555
OK /Users/scottseely/git/knowvah/plantuml-ts/test-results/dot-cache/wbs/cozofa-82-fefe432
OK /Users/scottseely/git/knowvah/plantuml-ts/test-results/dot-cache/wbs/cunoja-00-nobi445
OK /Users/scottseely/git/knowvah/plantuml-ts/test-results/dot-cache/wbs/danoji-66-rure273
OK /Users/scottseely/git/knowvah/plantuml-ts/test-results/dot-cache/wbs/detalo-19-racu448
OK /Users/scottseely/git/knowvah/plantuml-ts/test-results/dot-cache/wbs/diveva-04-moze399
OK /Users/scottseely/git/knowvah/plantuml-ts/test-results/dot-cache/wbs/fasuti-82-dire353
OK /Users/scottseely/git/knowvah/plantuml-ts/test-results/dot-cache/wbs/dulato-78-nefo038
OK /Users/scottseely/git/knowvah/plantuml-ts/test-results/dot-cache/wbs/duzoxe-13-bocu532
OK /Users/scottseely/git/knowvah/plantuml-ts/test-results/dot-cache/wbs/facibu-72-dako171
OK /Users/scottseely/git/knowvah/plantuml-ts/test-results/dot-cache/wbs/fazafa-49-leka582
OK /Users/scottseely/git/knowvah/plantuml-ts/test-results/dot-cache/wbs/fecabu-55-foba097
OK /Users/scottseely/git/knowvah/plantuml-ts/test-results/dot-cache/wbs/fibiti-49-faga748
OK /Users/scottseely/git/knowvah/plantuml-ts/test-results/dot-cache/wbs/fiboto-83-pida880
OK /Users/scottseely/git/knowvah/plantuml-ts/test-results/dot-cache/wbs/filara-76-xifu577
OK /Users/scottseely/git/knowvah/plantuml-ts/test-results/dot-cache/wbs/fimilo-56-jibo267
OK /Users/scottseely/git/knowvah/plantuml-ts/test-results/dot-cache/wbs/fipina-75-bago028
OK /Users/scottseely/git/knowvah/plantuml-ts/test-results/dot-cache/wbs/fitemu-52-fica491
OK /Users/scottseely/git/knowvah/plantuml-ts/test-results/dot-cache/wbs/fodobe-85-beco281
OK /Users/scottseely/git/knowvah/plantuml-ts/test-results/dot-cache/wbs/goduxe-93-xuje240
OK /Users/scottseely/git/knowvah/plantuml-ts/test-results/dot-cache/wbs/gogige-30-peba786
OK /Users/scottseely/git/knowvah/plantuml-ts/test-results/dot-cache/wbs/guximi-08-cako621
OK /Users/scottseely/git/knowvah/plantuml-ts/test-results/dot-cache/wbs/jekubu-85-fimi106
OK /Users/scottseely/git/knowvah/plantuml-ts/test-results/dot-cache/wbs/jibiba-77-jixa314
OK /Users/scottseely/git/knowvah/plantuml-ts/test-results/dot-cache/wbs/jofuna-02-xova357
OK /Users/scottseely/git/knowvah/plantuml-ts/test-results/dot-cache/wbs/jujugo-23-bede484
OK /Users/scottseely/git/knowvah/plantuml-ts/test-results/dot-cache/wbs/jumiso-12-teba464
OK /Users/scottseely/git/knowvah/plantuml-ts/test-results/dot-cache/wbs/jurupa-07-funi255
OK /Users/scottseely/git/knowvah/plantuml-ts/test-results/dot-cache/wbs/jusapa-97-rege604
OK /Users/scottseely/git/knowvah/plantuml-ts/test-results/dot-cache/wbs/kadixe-30-pasa212
OK /Users/scottseely/git/knowvah/plantuml-ts/test-results/dot-cache/wbs/kajefo-25-dazo761
OK /Users/scottseely/git/knowvah/plantuml-ts/test-results/dot-cache/wbs/kajene-76-pele833
OK /Users/scottseely/git/knowvah/plantuml-ts/test-results/dot-cache/wbs/kifona-80-bufa102
OK /Users/scottseely/git/knowvah/plantuml-ts/test-results/dot-cache/wbs/kamimo-14-sazi079
OK /Users/scottseely/git/knowvah/plantuml-ts/test-results/dot-cache/wbs/kekube-11-reni885
OK /Users/scottseely/git/knowvah/plantuml-ts/test-results/dot-cache/wbs/keloxe-59-zalu422
OK /Users/scottseely/git/knowvah/plantuml-ts/test-results/dot-cache/wbs/kemola-59-lipa866
OK /Users/scottseely/git/knowvah/plantuml-ts/test-results/dot-cache/wbs/konipe-99-jafu307
OK /Users/scottseely/git/knowvah/plantuml-ts/test-results/dot-cache/wbs/kipadu-03-dine934
OK /Users/scottseely/git/knowvah/plantuml-ts/test-results/dot-cache/wbs/kofumu-64-gife734
OK /Users/scottseely/git/knowvah/plantuml-ts/test-results/dot-cache/wbs/kokisi-26-tixi824
OK /Users/scottseely/git/knowvah/plantuml-ts/test-results/dot-cache/wbs/lagoda-51-zuna611
OK /Users/scottseely/git/knowvah/plantuml-ts/test-results/dot-cache/wbs/kugane-77-moce175
OK /Users/scottseely/git/knowvah/plantuml-ts/test-results/dot-cache/wbs/kugunu-20-jisu885
OK /Users/scottseely/git/knowvah/plantuml-ts/test-results/dot-cache/wbs/kulozi-99-fapu866
OK /Users/scottseely/git/knowvah/plantuml-ts/test-results/dot-cache/wbs/lacufo-38-basi662
OK /Users/scottseely/git/knowvah/plantuml-ts/test-results/dot-cache/wbs/ledama-83-xoko366
OK /Users/scottseely/git/knowvah/plantuml-ts/test-results/dot-cache/wbs/lazigo-83-tevi855
OK /Users/scottseely/git/knowvah/plantuml-ts/test-results/dot-cache/wbs/lazila-98-copu420
OK /Users/scottseely/git/knowvah/plantuml-ts/test-results/dot-cache/wbs/lecexi-03-capi482
OK /Users/scottseely/git/knowvah/plantuml-ts/test-results/dot-cache/wbs/link-URL-tooltip-0
OK /Users/scottseely/git/knowvah/plantuml-ts/test-results/dot-cache/wbs/lesene-63-xeza963
OK /Users/scottseely/git/knowvah/plantuml-ts/test-results/dot-cache/wbs/link-URL-tooltip-1
OK /Users/scottseely/git/knowvah/plantuml-ts/test-results/dot-cache/wbs/link-URL-tooltip-2
OK /Users/scottseely/git/knowvah/plantuml-ts/test-results/dot-cache/wbs/lozolo-55-gole805
OK /Users/scottseely/git/knowvah/plantuml-ts/test-results/dot-cache/wbs/lucema-49-bolo727
OK /Users/scottseely/git/knowvah/plantuml-ts/test-results/dot-cache/wbs/mifoxa-71-mago795
OK /Users/scottseely/git/knowvah/plantuml-ts/test-results/dot-cache/wbs/mogume-53-tuxe939
OK /Users/scottseely/git/knowvah/plantuml-ts/test-results/dot-cache/wbs/mufute-30-juja962
OK /Users/scottseely/git/knowvah/plantuml-ts/test-results/dot-cache/wbs/mupade-59-nizi762
OK /Users/scottseely/git/knowvah/plantuml-ts/test-results/dot-cache/wbs/muzufe-40-vami290
OK /Users/scottseely/git/knowvah/plantuml-ts/test-results/dot-cache/wbs/nagatu-54-xevo656
OK /Users/scottseely/git/knowvah/plantuml-ts/test-results/dot-cache/wbs/naveve-56-sezu031
OK /Users/scottseely/git/knowvah/plantuml-ts/test-results/dot-cache/wbs/navoxe-03-mala012
OK /Users/scottseely/git/knowvah/plantuml-ts/test-results/dot-cache/wbs/nedose-30-toro694
OK /Users/scottseely/git/knowvah/plantuml-ts/test-results/dot-cache/wbs/nelisi-61-zuto337
OK /Users/scottseely/git/knowvah/plantuml-ts/test-results/dot-cache/wbs/nerove-94-mase209
OK /Users/scottseely/git/knowvah/plantuml-ts/test-results/dot-cache/wbs/nijoci-28-tubo657
OK /Users/scottseely/git/knowvah/plantuml-ts/test-results/dot-cache/wbs/norutu-85-pana593
OK /Users/scottseely/git/knowvah/plantuml-ts/test-results/dot-cache/wbs/nulici-21-suxa818
OK /Users/scottseely/git/knowvah/plantuml-ts/test-results/dot-cache/wbs/nutodi-72-gesi011
OK /Users/scottseely/git/knowvah/plantuml-ts/test-results/dot-cache/wbs/pagede-80-rapu405
OK /Users/scottseely/git/knowvah/plantuml-ts/test-results/dot-cache/wbs/palupu-85-neno098
OK /Users/scottseely/git/knowvah/plantuml-ts/test-results/dot-cache/wbs/pejago-53-vaca955
OK /Users/scottseely/git/knowvah/plantuml-ts/test-results/dot-cache/wbs/pivuma-60-capa371
OK /Users/scottseely/git/knowvah/plantuml-ts/test-results/dot-cache/wbs/podeku-19-gofi018
OK /Users/scottseely/git/knowvah/plantuml-ts/test-results/dot-cache/wbs/popavi-72-rabi940
OK /Users/scottseely/git/knowvah/plantuml-ts/test-results/dot-cache/wbs/potipu-03-nulo609
OK /Users/scottseely/git/knowvah/plantuml-ts/test-results/dot-cache/wbs/pubebu-15-gavo856
OK /Users/scottseely/git/knowvah/plantuml-ts/test-results/dot-cache/wbs/puxezu-74-bile194
OK /Users/scottseely/git/knowvah/plantuml-ts/test-results/dot-cache/wbs/ranoce-59-jela729
OK /Users/scottseely/git/knowvah/plantuml-ts/test-results/dot-cache/wbs/rexuri-90-teja825
OK /Users/scottseely/git/knowvah/plantuml-ts/test-results/dot-cache/wbs/rufaci-77-nala420
OK /Users/scottseely/git/knowvah/plantuml-ts/test-results/dot-cache/wbs/runula-63-gora344
OK /Users/scottseely/git/knowvah/plantuml-ts/test-results/dot-cache/wbs/sefoxo-37-zuvo274
OK /Users/scottseely/git/knowvah/plantuml-ts/test-results/dot-cache/wbs/ruseba-92-sene615
OK /Users/scottseely/git/knowvah/plantuml-ts/test-results/dot-cache/wbs/sabeca-21-dodo233
OK /Users/scottseely/git/knowvah/plantuml-ts/test-results/dot-cache/wbs/sacile-96-fose945
OK /Users/scottseely/git/knowvah/plantuml-ts/test-results/dot-cache/wbs/sipuja-30-deto581
OK /Users/scottseely/git/knowvah/plantuml-ts/test-results/dot-cache/wbs/sefovi-44-zega151
OK /Users/scottseely/git/knowvah/plantuml-ts/test-results/dot-cache/wbs/solive-57-nola542
OK /Users/scottseely/git/knowvah/plantuml-ts/test-results/dot-cache/wbs/sipuxu-89-ciji559
OK /Users/scottseely/git/knowvah/plantuml-ts/test-results/dot-cache/wbs/sotaso-86-migu035
OK /Users/scottseely/git/knowvah/plantuml-ts/test-results/dot-cache/wbs/suciri-22-jedu341
OK /Users/scottseely/git/knowvah/plantuml-ts/test-results/dot-cache/wbs/sugepe-47-ruxa931
OK /Users/scottseely/git/knowvah/plantuml-ts/test-results/dot-cache/wbs/supeno-33-jabe921
OK /Users/scottseely/git/knowvah/plantuml-ts/test-results/dot-cache/wbs/tojixi-05-lusu056
OK /Users/scottseely/git/knowvah/plantuml-ts/test-results/dot-cache/wbs/supori-51-meba536
OK /Users/scottseely/git/knowvah/plantuml-ts/test-results/dot-cache/wbs/sutesu-19-lufu844
OK /Users/scottseely/git/knowvah/plantuml-ts/test-results/dot-cache/wbs/tacenu-64-cofi013
OK /Users/scottseely/git/knowvah/plantuml-ts/test-results/dot-cache/wbs/tubeli-58-kadi729
OK /Users/scottseely/git/knowvah/plantuml-ts/test-results/dot-cache/wbs/tefobe-51-jefu626
OK /Users/scottseely/git/knowvah/plantuml-ts/test-results/dot-cache/wbs/titito-29-gise261
OK /Users/scottseely/git/knowvah/plantuml-ts/test-results/dot-cache/wbs/vavibi-10-maso573
OK /Users/scottseely/git/knowvah/plantuml-ts/test-results/dot-cache/wbs/tugejo-32-tuna198
OK /Users/scottseely/git/knowvah/plantuml-ts/test-results/dot-cache/wbs/tuvake-29-namo853
OK /Users/scottseely/git/knowvah/plantuml-ts/test-results/dot-cache/wbs/tuzeme-92-metu703
OK /Users/scottseely/git/knowvah/plantuml-ts/test-results/dot-cache/wbs/vazalu-10-cebi060
OK /Users/scottseely/git/knowvah/plantuml-ts/test-results/dot-cache/wbs/vecovi-94-givo515
OK /Users/scottseely/git/knowvah/plantuml-ts/test-results/dot-cache/wbs/vezati-14-vupe612
OK /Users/scottseely/git/knowvah/plantuml-ts/test-results/dot-cache/wbs/xagelu-70-fota123
OK /Users/scottseely/git/knowvah/plantuml-ts/test-results/dot-cache/wbs/xakubu-65-cumo769
OK /Users/scottseely/git/knowvah/plantuml-ts/test-results/dot-cache/wbs/xalape-44-sipa811
OK /Users/scottseely/git/knowvah/plantuml-ts/test-results/dot-cache/wbs/xasinu-75-sabe690
OK /Users/scottseely/git/knowvah/plantuml-ts/test-results/dot-cache/wbs/xecoxa-01-timo183
OK /Users/scottseely/git/knowvah/plantuml-ts/test-results/dot-cache/wbs/xekazo-08-vozi430
OK /Users/scottseely/git/knowvah/plantuml-ts/test-results/dot-cache/wbs/xeruno-72-nape751
OK /Users/scottseely/git/knowvah/plantuml-ts/test-results/dot-cache/wbs/xesafo-81-reca540
OK /Users/scottseely/git/knowvah/plantuml-ts/test-results/dot-cache/wbs/xifiti-28-jati059
OK /Users/scottseely/git/knowvah/plantuml-ts/test-results/dot-cache/wbs/xiruxo-19-repo052
OK /Users/scottseely/git/knowvah/plantuml-ts/test-results/dot-cache/wbs/zecavo-98-kini554
OK /Users/scottseely/git/knowvah/plantuml-ts/test-results/dot-cache/wbs/xiveti-07-suzu992
OK /Users/scottseely/git/knowvah/plantuml-ts/test-results/dot-cache/wbs/xuzuda-76-bunu077
OK /Users/scottseely/git/knowvah/plantuml-ts/test-results/dot-cache/wbs/zagudu-70-loto412
OK /Users/scottseely/git/knowvah/plantuml-ts/test-results/dot-cache/wbs/zapabe-95-nige175
OK /Users/scottseely/git/knowvah/plantuml-ts/test-results/dot-cache/wbs/zeneno-39-bize297
OK /Users/scottseely/git/knowvah/plantuml-ts/test-results/dot-cache/wbs/zipise-65-bevo360
OK /Users/scottseely/git/knowvah/plantuml-ts/test-results/dot-cache/wbs/zodobi-82-dura410
OK /Users/scottseely/git/knowvah/plantuml-ts/test-results/dot-cache/wbs/zogadi-16-bore748
OK /Users/scottseely/git/knowvah/plantuml-ts/test-results/dot-cache/wbs/zogoke-27-tupa218
OK /Users/scottseely/git/knowvah/plantuml-ts/test-results/dot-cache/wbs/zoxifo-84-pesu554
OK /Users/scottseely/git/knowvah/plantuml-ts/test-results/dot-cache/wbs/zutivo-71-kaki153
OK /Users/scottseely/git/knowvah/plantuml-ts/test-results/dot-cache/wire/bexone-92-bebe715
OK /Users/scottseely/git/knowvah/plantuml-ts/test-results/dot-cache/wire/canabi-52-socu972
OK /Users/scottseely/git/knowvah/plantuml-ts/test-results/dot-cache/wire/cumilu-38-baki326
OK /Users/scottseely/git/knowvah/plantuml-ts/test-results/dot-cache/wire/dogoso-52-labe953
OK /Users/scottseely/git/knowvah/plantuml-ts/test-results/dot-cache/wire/fasuke-91-bape114
OK /Users/scottseely/git/knowvah/plantuml-ts/test-results/dot-cache/wire/kipila-12-loko421
OK /Users/scottseely/git/knowvah/plantuml-ts/test-results/dot-cache/wire/losoli-66-kuse559
OK /Users/scottseely/git/knowvah/plantuml-ts/test-results/dot-cache/wire/lubino-17-vito891
OK /Users/scottseely/git/knowvah/plantuml-ts/test-results/dot-cache/wire/lucitu-35-moge613
OK /Users/scottseely/git/knowvah/plantuml-ts/test-results/dot-cache/wire/migaki-17-jori275
OK /Users/scottseely/git/knowvah/plantuml-ts/test-results/dot-cache/wire/mugaxe-80-biva973
OK /Users/scottseely/git/knowvah/plantuml-ts/test-results/dot-cache/wire/savuza-21-jezi832
OK /Users/scottseely/git/knowvah/plantuml-ts/test-results/dot-cache/wire/rabale-11-xaki272
OK /Users/scottseely/git/knowvah/plantuml-ts/test-results/dot-cache/wire/sekuju-09-xuca586
OK /Users/scottseely/git/knowvah/plantuml-ts/test-results/dot-cache/wire/siladi-93-zovu930
OK /Users/scottseely/git/knowvah/plantuml-ts/test-results/dot-cache/wire/tixeta-94-gopu131
OK /Users/scottseely/git/knowvah/plantuml-ts/test-results/dot-cache/wire/turemi-03-luso996
OK /Users/scottseely/git/knowvah/plantuml-ts/test-results/dot-cache/wire/xecane-35-sojo379
OK /Users/scottseely/git/knowvah/plantuml-ts/test-results/dot-cache/yaml/YAML-attribute-hierarchy
OK /Users/scottseely/git/knowvah/plantuml-ts/test-results/dot-cache/yaml/YAML-list-key-value-pair
OK /Users/scottseely/git/knowvah/plantuml-ts/test-results/dot-cache/yaml/YAML-space-indent
OK /Users/scottseely/git/knowvah/plantuml-ts/test-results/dot-cache/yaml/bafemu-96-luji978
OK /Users/scottseely/git/knowvah/plantuml-ts/test-results/dot-cache/yaml/bedega-54-romu926
OK /Users/scottseely/git/knowvah/plantuml-ts/test-results/dot-cache/yaml/coxima-79-gano159
OK /Users/scottseely/git/knowvah/plantuml-ts/test-results/dot-cache/yaml/finofu-94-daso450
OK /Users/scottseely/git/knowvah/plantuml-ts/test-results/dot-cache/yaml/gabalo-23-tefe408
OK /Users/scottseely/git/knowvah/plantuml-ts/test-results/dot-cache/yaml/gatuva-87-futo104
OK /Users/scottseely/git/knowvah/plantuml-ts/test-results/dot-cache/yaml/gipoxa-19-bico146
OK /Users/scottseely/git/knowvah/plantuml-ts/test-results/dot-cache/yaml/gobavi-45-guna544
OK /Users/scottseely/git/knowvah/plantuml-ts/test-results/dot-cache/yaml/jozapu-14-datu953
OK /Users/scottseely/git/knowvah/plantuml-ts/test-results/dot-cache/yaml/jukejo-54-pope427
OK /Users/scottseely/git/knowvah/plantuml-ts/test-results/dot-cache/yaml/ketunu-15-poli031
OK /Users/scottseely/git/knowvah/plantuml-ts/test-results/dot-cache/yaml/kotize-70-nuze855
OK /Users/scottseely/git/knowvah/plantuml-ts/test-results/dot-cache/yaml/lelofi-17-cafo004
OK /Users/scottseely/git/knowvah/plantuml-ts/test-results/dot-cache/yaml/lifuxe-66-maxu442
OK /Users/scottseely/git/knowvah/plantuml-ts/test-results/dot-cache/yaml/lipoka-75-rigo326
OK /Users/scottseely/git/knowvah/plantuml-ts/test-results/dot-cache/yaml/litife-43-novo083
OK /Users/scottseely/git/knowvah/plantuml-ts/test-results/dot-cache/yaml/medosa-24-jugi124
OK /Users/scottseely/git/knowvah/plantuml-ts/test-results/dot-cache/yaml/mudeno-46-rado553
OK /Users/scottseely/git/knowvah/plantuml-ts/test-results/dot-cache/yaml/najoba-05-nino350
OK /Users/scottseely/git/knowvah/plantuml-ts/test-results/dot-cache/yaml/nuzaje-74-kenu009
OK /Users/scottseely/git/knowvah/plantuml-ts/test-results/dot-cache/yaml/polela-38-mopu631
OK /Users/scottseely/git/knowvah/plantuml-ts/test-results/dot-cache/yaml/poxedu-72-bite327
OK /Users/scottseely/git/knowvah/plantuml-ts/test-results/dot-cache/yaml/sozafu-05-xeka661
OK /Users/scottseely/git/knowvah/plantuml-ts/test-results/dot-cache/yaml/sudabi-56-dedu341
OK /Users/scottseely/git/knowvah/plantuml-ts/test-results/dot-cache/yaml/tadari-70-nare798
OK /Users/scottseely/git/knowvah/plantuml-ts/test-results/dot-cache/yaml/vaceci-80-lezo436
OK /Users/scottseely/git/knowvah/plantuml-ts/test-results/dot-cache/yaml/vapoda-87-piku740
OK /Users/scottseely/git/knowvah/plantuml-ts/test-results/dot-cache/yaml/vugalo-43-mose807
OK /Users/scottseely/git/knowvah/plantuml-ts/test-results/dot-cache/yaml/vuzosu-08-pake421
OK /Users/scottseely/git/knowvah/plantuml-ts/test-results/dot-cache/yaml/xacali-26-mazu431
OK /Users/scottseely/git/knowvah/plantuml-ts/test-results/dot-cache/yaml/xatato-75-mora801
OK /Users/scottseely/git/knowvah/plantuml-ts/test-results/dot-cache/yaml/xofilu-53-tazi162
OK /Users/scottseely/git/knowvah/plantuml-ts/test-results/dot-cache/yaml/xubife-72-runi076
OK /Users/scottseely/git/knowvah/plantuml-ts/test-results/dot-cache/yaml/zebapi-77-zasu051
OK /Users/scottseely/git/knowvah/plantuml-ts/test-results/dot-cache/yaml/zomime-61-sase339
OK /Users/scottseely/git/knowvah/plantuml-ts/test-results/dot-cache/yaml/zeduse-06-fidi174
